candidate,office,district,party,county,precinct,votes
Joseph R. Biden,President,,D,Hinds,Bolton,738
Donald J. Trump,President,,R,Hinds,Bolton,281
Don Blankenship,President,,AC,Hinds,Bolton,1
Brian Carroll,President,,AS,Hinds,Bolton,0
Phil Collins,President,,IND,Hinds,Bolton,1
Howie Hawkins,President,,G,Hinds,Bolton,1
Jo Jorgensen,President,,L,Hinds,Bolton,4
Brock Pierce,President,,IND,Hinds,Bolton,1
Kanye West,President,,IND,Hinds,Bolton,5
Mike Espy,U.S. Senate,,D,Hinds,Bolton,759
Cindy Hyde-Smith,U.S. Senate,,R,Hinds,Bolton,265
Jimmy L Edwards,U.S. Senate,,L,Hinds,Bolton,6
Brian Flowers,U.S. House,2,R,Hinds,Bolton,266
Bennie G Thompson,U.S. House,2,D,Hinds,Bolton,771
Joseph R. Biden,President,,D,Hinds,Brownsville,208
Donald J. Trump,President,,R,Hinds,Brownsville,237
Don Blankenship,President,,AC,Hinds,Brownsville,0
Brian Carroll,President,,AS,Hinds,Brownsville,0
Phil Collins,President,,IND,Hinds,Brownsville,0
Howie Hawkins,President,,G,Hinds,Brownsville,0
Jo Jorgensen,President,,L,Hinds,Brownsville,2
Brock Pierce,President,,IND,Hinds,Brownsville,0
Kanye West,President,,IND,Hinds,Brownsville,0
Mike Espy,U.S. Senate,,D,Hinds,Brownsville,216
Cindy Hyde-Smith,U.S. Senate,,R,Hinds,Brownsville,217
Jimmy L Edwards,U.S. Senate,,L,Hinds,Brownsville,8
Brian Flowers,U.S. House,2,R,Hinds,Brownsville,238
Bennie G Thompson,U.S. House,2,D,Hinds,Brownsville,211
Joseph R. Biden,President,,D,Hinds,Byram 1,1765
Donald J. Trump,President,,R,Hinds,Byram 1,419
Don Blankenship,President,,AC,Hinds,Byram 1,2
Brian Carroll,President,,AS,Hinds,Byram 1,0
Phil Collins,President,,IND,Hinds,Byram 1,7
Howie Hawkins,President,,G,Hinds,Byram 1,2
Jo Jorgensen,President,,L,Hinds,Byram 1,8
Brock Pierce,President,,IND,Hinds,Byram 1,1
Kanye West,President,,IND,Hinds,Byram 1,7
Mike Espy,U.S. Senate,,D,Hinds,Byram 1,1809
Cindy Hyde-Smith,U.S. Senate,,R,Hinds,Byram 1,377
Jimmy L Edwards,U.S. Senate,,L,Hinds,Byram 1,21
Brian Flowers,U.S. House,2,R,Hinds,Byram 1,425
Bennie G Thompson,U.S. House,2,D,Hinds,Byram 1,1785
Joseph R. Biden,President,,D,Hinds,Byram 2,952
Donald J. Trump,President,,R,Hinds,Byram 2,851
Don Blankenship,President,,AC,Hinds,Byram 2,3
Brian Carroll,President,,AS,Hinds,Byram 2,0
Phil Collins,President,,IND,Hinds,Byram 2,0
Howie Hawkins,President,,G,Hinds,Byram 2,0
Jo Jorgensen,President,,L,Hinds,Byram 2,2
Brock Pierce,President,,IND,Hinds,Byram 2,1
Kanye West,President,,IND,Hinds,Byram 2,2
Mike Espy,U.S. Senate,,D,Hinds,Byram 2,970
Cindy Hyde-Smith,U.S. Senate,,R,Hinds,Byram 2,819
Jimmy L Edwards,U.S. Senate,,L,Hinds,Byram 2,13
Brian Flowers,U.S. House,2,R,Hinds,Byram 2,842
Bennie G Thompson,U.S. House,2,D,Hinds,Byram 2,953
Joseph R. Biden,President,,D,Hinds,Byram 3,1079
Donald J. Trump,President,,R,Hinds,Byram 3,272
Don Blankenship,President,,AC,Hinds,Byram 3,0
Brian Carroll,President,,AS,Hinds,Byram 3,1
Phil Collins,President,,IND,Hinds,Byram 3,2
Howie Hawkins,President,,G,Hinds,Byram 3,0
Jo Jorgensen,President,,L,Hinds,Byram 3,1
Brock Pierce,President,,IND,Hinds,Byram 3,0
Kanye West,President,,IND,Hinds,Byram 3,3
Mike Espy,U.S. Senate,,D,Hinds,Byram 3,1108
Cindy Hyde-Smith,U.S. Senate,,R,Hinds,Byram 3,250
Jimmy L Edwards,U.S. Senate,,L,Hinds,Byram 3,2
Brian Flowers,U.S. House,2,R,Hinds,Byram 3,268
Bennie G Thompson,U.S. House,2,D,Hinds,Byram 3,1092
Joseph R. Biden,President,,D,Hinds,Cayuga,173
Donald J. Trump,President,,R,Hinds,Cayuga,97
Don Blankenship,President,,AC,Hinds,Cayuga,1
Brian Carroll,President,,AS,Hinds,Cayuga,0
Phil Collins,President,,IND,Hinds,Cayuga,0
Howie Hawkins,President,,G,Hinds,Cayuga,0
Jo Jorgensen,President,,L,Hinds,Cayuga,0
Brock Pierce,President,,IND,Hinds,Cayuga,0
Kanye West,President,,IND,Hinds,Cayuga,0
Mike Espy,U.S. Senate,,D,Hinds,Cayuga,178
Cindy Hyde-Smith,U.S. Senate,,R,Hinds,Cayuga,98
Jimmy L Edwards,U.S. Senate,,L,Hinds,Cayuga,0
Brian Flowers,U.S. House,2,R,Hinds,Cayuga,95
Bennie G Thompson,U.S. House,2,D,Hinds,Cayuga,181
Joseph R. Biden,President,,D,Hinds,Chapel Hill,344
Donald J. Trump,President,,R,Hinds,Chapel Hill,327
Don Blankenship,President,,AC,Hinds,Chapel Hill,1
Brian Carroll,President,,AS,Hinds,Chapel Hill,1
Phil Collins,President,,IND,Hinds,Chapel Hill,1
Howie Hawkins,President,,G,Hinds,Chapel Hill,1
Jo Jorgensen,President,,L,Hinds,Chapel Hill,1
Brock Pierce,President,,IND,Hinds,Chapel Hill,1
Kanye West,President,,IND,Hinds,Chapel Hill,4
Mike Espy,U.S. Senate,,D,Hinds,Chapel Hill,354
Cindy Hyde-Smith,U.S. Senate,,R,Hinds,Chapel Hill,318
Jimmy L Edwards,U.S. Senate,,L,Hinds,Chapel Hill,4
Brian Flowers,U.S. House,2,R,Hinds,Chapel Hill,327
Bennie G Thompson,U.S. House,2,D,Hinds,Chapel Hill,351
Joseph R. Biden,President,,D,Hinds,Clinton 1,544
Donald J. Trump,President,,R,Hinds,Clinton 1,624
Don Blankenship,President,,AC,Hinds,Clinton 1,5
Brian Carroll,President,,AS,Hinds,Clinton 1,1
Phil Collins,President,,IND,Hinds,Clinton 1,2
Howie Hawkins,President,,G,Hinds,Clinton 1,0
Jo Jorgensen,President,,L,Hinds,Clinton 1,5
Brock Pierce,President,,IND,Hinds,Clinton 1,1
Kanye West,President,,IND,Hinds,Clinton 1,2
Mike Espy,U.S. Senate,,D,Hinds,Clinton 1,564
Cindy Hyde-Smith,U.S. Senate,,R,Hinds,Clinton 1,600
Jimmy L Edwards,U.S. Senate,,L,Hinds,Clinton 1,17
Brian Flowers,U.S. House,2,R,Hinds,Clinton 1,647
Bennie G Thompson,U.S. House,2,D,Hinds,Clinton 1,535
Joseph R. Biden,President,,D,Hinds,Clinton 2,945
Donald J. Trump,President,,R,Hinds,Clinton 2,1276
Don Blankenship,President,,AC,Hinds,Clinton 2,1
Brian Carroll,President,,AS,Hinds,Clinton 2,4
Phil Collins,President,,IND,Hinds,Clinton 2,2
Howie Hawkins,President,,G,Hinds,Clinton 2,1
Jo Jorgensen,President,,L,Hinds,Clinton 2,23
Brock Pierce,President,,IND,Hinds,Clinton 2,2
Kanye West,President,,IND,Hinds,Clinton 2,5
Mike Espy,U.S. Senate,,D,Hinds,Clinton 2,966
Cindy Hyde-Smith,U.S. Senate,,R,Hinds,Clinton 2,1245
Jimmy L Edwards,U.S. Senate,,L,Hinds,Clinton 2,43
Brian Flowers,U.S. House,2,R,Hinds,Clinton 2,1337
Bennie G Thompson,U.S. House,2,D,Hinds,Clinton 2,919
Joseph R. Biden,President,,D,Hinds,Clinton 3,978
Donald J. Trump,President,,R,Hinds,Clinton 3,862
Don Blankenship,President,,AC,Hinds,Clinton 3,2
Brian Carroll,President,,AS,Hinds,Clinton 3,0
Phil Collins,President,,IND,Hinds,Clinton 3,1
Howie Hawkins,President,,G,Hinds,Clinton 3,4
Jo Jorgensen,President,,L,Hinds,Clinton 3,18
Brock Pierce,President,,IND,Hinds,Clinton 3,0
Kanye West,President,,IND,Hinds,Clinton 3,6
Mike Espy,U.S. Senate,,D,Hinds,Clinton 3,1006
Cindy Hyde-Smith,U.S. Senate,,R,Hinds,Clinton 3,824
Jimmy L Edwards,U.S. Senate,,L,Hinds,Clinton 3,32
Brian Flowers,U.S. House,2,R,Hinds,Clinton 3,891
Bennie G Thompson,U.S. House,2,D,Hinds,Clinton 3,967
Joseph R. Biden,President,,D,Hinds,Clinton 4,562
Donald J. Trump,President,,R,Hinds,Clinton 4,374
Don Blankenship,President,,AC,Hinds,Clinton 4,5
Brian Carroll,President,,AS,Hinds,Clinton 4,0
Phil Collins,President,,IND,Hinds,Clinton 4,0
Howie Hawkins,President,,G,Hinds,Clinton 4,2
Jo Jorgensen,President,,L,Hinds,Clinton 4,4
Brock Pierce,President,,IND,Hinds,Clinton 4,1
Kanye West,President,,IND,Hinds,Clinton 4,4
Mike Espy,U.S. Senate,,D,Hinds,Clinton 4,591
Cindy Hyde-Smith,U.S. Senate,,R,Hinds,Clinton 4,340
Jimmy L Edwards,U.S. Senate,,L,Hinds,Clinton 4,22
Brian Flowers,U.S. House,2,R,Hinds,Clinton 4,384
Bennie G Thompson,U.S. House,2,D,Hinds,Clinton 4,565
Joseph R. Biden,President,,D,Hinds,Clinton 5,393
Donald J. Trump,President,,R,Hinds,Clinton 5,519
Don Blankenship,President,,AC,Hinds,Clinton 5,0
Brian Carroll,President,,AS,Hinds,Clinton 5,2
Phil Collins,President,,IND,Hinds,Clinton 5,1
Howie Hawkins,President,,G,Hinds,Clinton 5,1
Jo Jorgensen,President,,L,Hinds,Clinton 5,7
Brock Pierce,President,,IND,Hinds,Clinton 5,0
Kanye West,President,,IND,Hinds,Clinton 5,2
Mike Espy,U.S. Senate,,D,Hinds,Clinton 5,417
Cindy Hyde-Smith,U.S. Senate,,R,Hinds,Clinton 5,488
Jimmy L Edwards,U.S. Senate,,L,Hinds,Clinton 5,19
Brian Flowers,U.S. House,2,R,Hinds,Clinton 5,534
Bennie G Thompson,U.S. House,2,D,Hinds,Clinton 5,381
Joseph R. Biden,President,,D,Hinds,Clinton 6,803
Donald J. Trump,President,,R,Hinds,Clinton 6,454
Don Blankenship,President,,AC,Hinds,Clinton 6,2
Brian Carroll,President,,AS,Hinds,Clinton 6,1
Phil Collins,President,,IND,Hinds,Clinton 6,3
Howie Hawkins,President,,G,Hinds,Clinton 6,0
Jo Jorgensen,President,,L,Hinds,Clinton 6,11
Brock Pierce,President,,IND,Hinds,Clinton 6,0
Kanye West,President,,IND,Hinds,Clinton 6,6
Mike Espy,U.S. Senate,,D,Hinds,Clinton 6,836
Cindy Hyde-Smith,U.S. Senate,,R,Hinds,Clinton 6,417
Jimmy L Edwards,U.S. Senate,,L,Hinds,Clinton 6,25
Brian Flowers,U.S. House,2,R,Hinds,Clinton 6,475
Bennie G Thompson,U.S. House,2,D,Hinds,Clinton 6,803
Joseph R. Biden,President,,D,Hinds,Clinton 7,700
Donald J. Trump,President,,R,Hinds,Clinton 7,814
Don Blankenship,President,,AC,Hinds,Clinton 7,2
Brian Carroll,President,,AS,Hinds,Clinton 7,3
Phil Collins,President,,IND,Hinds,Clinton 7,1
Howie Hawkins,President,,G,Hinds,Clinton 7,0
Jo Jorgensen,President,,L,Hinds,Clinton 7,19
Brock Pierce,President,,IND,Hinds,Clinton 7,1
Kanye West,President,,IND,Hinds,Clinton 7,6
Mike Espy,U.S. Senate,,D,Hinds,Clinton 7,716
Cindy Hyde-Smith,U.S. Senate,,R,Hinds,Clinton 7,792
Jimmy L Edwards,U.S. Senate,,L,Hinds,Clinton 7,39
Brian Flowers,U.S. House,2,R,Hinds,Clinton 7,845
Bennie G Thompson,U.S. House,2,D,Hinds,Clinton 7,700
Joseph R. Biden,President,,D,Hinds,Cynthia,360
Donald J. Trump,President,,R,Hinds,Cynthia,46
Don Blankenship,President,,AC,Hinds,Cynthia,1
Brian Carroll,President,,AS,Hinds,Cynthia,0
Phil Collins,President,,IND,Hinds,Cynthia,1
Howie Hawkins,President,,G,Hinds,Cynthia,1
Jo Jorgensen,President,,L,Hinds,Cynthia,0
Brock Pierce,President,,IND,Hinds,Cynthia,0
Kanye West,President,,IND,Hinds,Cynthia,2
Mike Espy,U.S. Senate,,D,Hinds,Cynthia,372
Cindy Hyde-Smith,U.S. Senate,,R,Hinds,Cynthia,41
Jimmy L Edwards,U.S. Senate,,L,Hinds,Cynthia,0
Brian Flowers,U.S. House,2,R,Hinds,Cynthia,46
Bennie G Thompson,U.S. House,2,D,Hinds,Cynthia,366
Joseph R. Biden,President,,D,Hinds,Dry Grove,288
Donald J. Trump,President,,R,Hinds,Dry Grove,498
Don Blankenship,President,,AC,Hinds,Dry Grove,0
Brian Carroll,President,,AS,Hinds,Dry Grove,0
Phil Collins,President,,IND,Hinds,Dry Grove,0
Howie Hawkins,President,,G,Hinds,Dry Grove,1
Jo Jorgensen,President,,L,Hinds,Dry Grove,4
Brock Pierce,President,,IND,Hinds,Dry Grove,1
Kanye West,President,,IND,Hinds,Dry Grove,2
Mike Espy,U.S. Senate,,D,Hinds,Dry Grove,294
Cindy Hyde-Smith,U.S. Senate,,R,Hinds,Dry Grove,481
Jimmy L Edwards,U.S. Senate,,L,Hinds,Dry Grove,15
Brian Flowers,U.S. House,2,R,Hinds,Dry Grove,497
Bennie G Thompson,U.S. House,2,D,Hinds,Dry Grove,293
Joseph R. Biden,President,,D,Hinds,Edwards,1154
Donald J. Trump,President,,R,Hinds,Edwards,395
Don Blankenship,President,,AC,Hinds,Edwards,4
Brian Carroll,President,,AS,Hinds,Edwards,2
Phil Collins,President,,IND,Hinds,Edwards,1
Howie Hawkins,President,,G,Hinds,Edwards,3
Jo Jorgensen,President,,L,Hinds,Edwards,3
Brock Pierce,President,,IND,Hinds,Edwards,0
Kanye West,President,,IND,Hinds,Edwards,3
Mike Espy,U.S. Senate,,D,Hinds,Edwards,1184
Cindy Hyde-Smith,U.S. Senate,,R,Hinds,Edwards,368
Jimmy L Edwards,U.S. Senate,,L,Hinds,Edwards,6
Brian Flowers,U.S. House,2,R,Hinds,Edwards,376
Bennie G Thompson,U.S. House,2,D,Hinds,Edwards,1194
Joseph R. Biden,President,,D,Hinds,Learned,182
Donald J. Trump,President,,R,Hinds,Learned,313
Don Blankenship,President,,AC,Hinds,Learned,1
Brian Carroll,President,,AS,Hinds,Learned,1
Phil Collins,President,,IND,Hinds,Learned,0
Howie Hawkins,President,,G,Hinds,Learned,0
Jo Jorgensen,President,,L,Hinds,Learned,2
Brock Pierce,President,,IND,Hinds,Learned,0
Kanye West,President,,IND,Hinds,Learned,1
Mike Espy,U.S. Senate,,D,Hinds,Learned,193
Cindy Hyde-Smith,U.S. Senate,,R,Hinds,Learned,304
Jimmy L Edwards,U.S. Senate,,L,Hinds,Learned,5
Brian Flowers,U.S. House,2,R,Hinds,Learned,309
Bennie G Thompson,U.S. House,2,D,Hinds,Learned,188
Joseph R. Biden,President,,D,Hinds,Old Byram,888
Donald J. Trump,President,,R,Hinds,Old Byram,642
Don Blankenship,President,,AC,Hinds,Old Byram,0
Brian Carroll,President,,AS,Hinds,Old Byram,0
Phil Collins,President,,IND,Hinds,Old Byram,0
Howie Hawkins,President,,G,Hinds,Old Byram,2
Jo Jorgensen,President,,L,Hinds,Old Byram,5
Brock Pierce,President,,IND,Hinds,Old Byram,3
Kanye West,President,,IND,Hinds,Old Byram,4
Mike Espy,U.S. Senate,,D,Hinds,Old Byram,915
Cindy Hyde-Smith,U.S. Senate,,R,Hinds,Old Byram,592
Jimmy L Edwards,U.S. Senate,,L,Hinds,Old Byram,30
Brian Flowers,U.S. House,2,R,Hinds,Old Byram,635
Bennie G Thompson,U.S. House,2,D,Hinds,Old Byram,904
Joseph R. Biden,President,,D,Hinds,Pinehaven,1158
Donald J. Trump,President,,R,Hinds,Pinehaven,1081
Don Blankenship,President,,AC,Hinds,Pinehaven,1
Brian Carroll,President,,AS,Hinds,Pinehaven,5
Phil Collins,President,,IND,Hinds,Pinehaven,5
Howie Hawkins,President,,G,Hinds,Pinehaven,1
Jo Jorgensen,President,,L,Hinds,Pinehaven,15
Brock Pierce,President,,IND,Hinds,Pinehaven,2
Kanye West,President,,IND,Hinds,Pinehaven,8
Mike Espy,U.S. Senate,,D,Hinds,Pinehaven,1198
Cindy Hyde-Smith,U.S. Senate,,R,Hinds,Pinehaven,1042
Jimmy L Edwards,U.S. Senate,,L,Hinds,Pinehaven,36
Brian Flowers,U.S. House,2,R,Hinds,Pinehaven,1122
Bennie G Thompson,U.S. House,2,D,Hinds,Pinehaven,1147
Joseph R. Biden,President,,D,Hinds,Pocahontas,313
Donald J. Trump,President,,R,Hinds,Pocahontas,185
Don Blankenship,President,,AC,Hinds,Pocahontas,0
Brian Carroll,President,,AS,Hinds,Pocahontas,0
Phil Collins,President,,IND,Hinds,Pocahontas,0
Howie Hawkins,President,,G,Hinds,Pocahontas,1
Jo Jorgensen,President,,L,Hinds,Pocahontas,1
Brock Pierce,President,,IND,Hinds,Pocahontas,0
Kanye West,President,,IND,Hinds,Pocahontas,0
Mike Espy,U.S. Senate,,D,Hinds,Pocahontas,319
Cindy Hyde-Smith,U.S. Senate,,R,Hinds,Pocahontas,176
Jimmy L Edwards,U.S. Senate,,L,Hinds,Pocahontas,3
Brian Flowers,U.S. House,2,R,Hinds,Pocahontas,183
Bennie G Thompson,U.S. House,2,D,Hinds,Pocahontas,318
Joseph R. Biden,President,,D,Hinds,Precinct 01,555
Donald J. Trump,President,,R,Hinds,Precinct 01,111
Don Blankenship,President,,AC,Hinds,Precinct 01,1
Brian Carroll,President,,AS,Hinds,Precinct 01,2
Phil Collins,President,,IND,Hinds,Precinct 01,0
Howie Hawkins,President,,G,Hinds,Precinct 01,2
Jo Jorgensen,President,,L,Hinds,Precinct 01,6
Brock Pierce,President,,IND,Hinds,Precinct 01,0
Kanye West,President,,IND,Hinds,Precinct 01,4
Mike Espy,U.S. Senate,,D,Hinds,Precinct 01,581
Cindy Hyde-Smith,U.S. Senate,,R,Hinds,Precinct 01,94
Jimmy L Edwards,U.S. Senate,,L,Hinds,Precinct 01,8
Dorothy Dot Benford,U.S. House,3,D,Hinds,Precinct 01,519
Michael Guest,U.S. House,3,R,Hinds,Precinct 01,149
Joseph R. Biden,President,,D,Hinds,Precinct 02,150
Donald J. Trump,President,,R,Hinds,Precinct 02,12
Don Blankenship,President,,AC,Hinds,Precinct 02,0
Brian Carroll,President,,AS,Hinds,Precinct 02,0
Phil Collins,President,,IND,Hinds,Precinct 02,0
Howie Hawkins,President,,G,Hinds,Precinct 02,0
Jo Jorgensen,President,,L,Hinds,Precinct 02,1
Brock Pierce,President,,IND,Hinds,Precinct 02,0
Kanye West,President,,IND,Hinds,Precinct 02,4
Mike Espy,U.S. Senate,,D,Hinds,Precinct 02,156
Cindy Hyde-Smith,U.S. Senate,,R,Hinds,Precinct 02,9
Jimmy L Edwards,U.S. Senate,,L,Hinds,Precinct 02,1
Brian Flowers,U.S. House,2,R,Hinds,Precinct 02,13
Bennie G Thompson,U.S. House,2,D,Hinds,Precinct 02,150
Joseph R. Biden,President,,D,Hinds,Precinct 04,335
Donald J. Trump,President,,R,Hinds,Precinct 04,4
Don Blankenship,President,,AC,Hinds,Precinct 04,0
Brian Carroll,President,,AS,Hinds,Precinct 04,0
Phil Collins,President,,IND,Hinds,Precinct 04,1
Howie Hawkins,President,,G,Hinds,Precinct 04,0
Jo Jorgensen,President,,L,Hinds,Precinct 04,0
Brock Pierce,President,,IND,Hinds,Precinct 04,0
Kanye West,President,,IND,Hinds,Precinct 04,4
Mike Espy,U.S. Senate,,D,Hinds,Precinct 04,339
Cindy Hyde-Smith,U.S. Senate,,R,Hinds,Precinct 04,9
Jimmy L Edwards,U.S. Senate,,L,Hinds,Precinct 04,0
Brian Flowers,U.S. House,2,R,Hinds,Precinct 04,11
Bennie G Thompson,U.S. House,2,D,Hinds,Precinct 04,335
Joseph R. Biden,President,,D,Hinds,Precinct 06,371
Donald J. Trump,President,,R,Hinds,Precinct 06,64
Don Blankenship,President,,AC,Hinds,Precinct 06,0
Brian Carroll,President,,AS,Hinds,Precinct 06,1
Phil Collins,President,,IND,Hinds,Precinct 06,1
Howie Hawkins,President,,G,Hinds,Precinct 06,2
Jo Jorgensen,President,,L,Hinds,Precinct 06,0
Brock Pierce,President,,IND,Hinds,Precinct 06,2
Kanye West,President,,IND,Hinds,Precinct 06,7
Mike Espy,U.S. Senate,,D,Hinds,Precinct 06,388
Cindy Hyde-Smith,U.S. Senate,,R,Hinds,Precinct 06,60
Jimmy L Edwards,U.S. Senate,,L,Hinds,Precinct 06,4
Brian Flowers,U.S. House,2,R,Hinds,Precinct 06,70
Bennie G Thompson,U.S. House,2,D,Hinds,Precinct 06,377
Joseph R. Biden,President,,D,Hinds,Precinct 08,388
Donald J. Trump,President,,R,Hinds,Precinct 08,216
Don Blankenship,President,,AC,Hinds,Precinct 08,0
Brian Carroll,President,,AS,Hinds,Precinct 08,1
Phil Collins,President,,IND,Hinds,Precinct 08,3
Howie Hawkins,President,,G,Hinds,Precinct 08,2
Jo Jorgensen,President,,L,Hinds,Precinct 08,8
Brock Pierce,President,,IND,Hinds,Precinct 08,0
Kanye West,President,,IND,Hinds,Precinct 08,2
Mike Espy,U.S. Senate,,D,Hinds,Precinct 08,408
Cindy Hyde-Smith,U.S. Senate,,R,Hinds,Precinct 08,203
Jimmy L Edwards,U.S. Senate,,L,Hinds,Precinct 08,14
Dorothy Dot Benford,U.S. House,3,D,Hinds,Precinct 08,324
Michael Guest,U.S. House,3,R,Hinds,Precinct 08,277
Joseph R. Biden,President,,D,Hinds,Precinct 09,542
Donald J. Trump,President,,R,Hinds,Precinct 09,343
Don Blankenship,President,,AC,Hinds,Precinct 09,2
Brian Carroll,President,,AS,Hinds,Precinct 09,6
Phil Collins,President,,IND,Hinds,Precinct 09,2
Howie Hawkins,President,,G,Hinds,Precinct 09,1
Jo Jorgensen,President,,L,Hinds,Precinct 09,25
Brock Pierce,President,,IND,Hinds,Precinct 09,1
Kanye West,President,,IND,Hinds,Precinct 09,4
Mike Espy,U.S. Senate,,D,Hinds,Precinct 09,571
Cindy Hyde-Smith,U.S. Senate,,R,Hinds,Precinct 09,348
Jimmy L Edwards,U.S. Senate,,L,Hinds,Precinct 09,12
Dorothy Dot Benford,U.S. House,3,D,Hinds,Precinct 09,389
Michael Guest,U.S. House,3,R,Hinds,Precinct 09,511
Joseph R. Biden,President,,D,Hinds,Precinct 10,216
Donald J. Trump,President,,R,Hinds,Precinct 10,3
Don Blankenship,President,,AC,Hinds,Precinct 10,0
Brian Carroll,President,,AS,Hinds,Precinct 10,0
Phil Collins,President,,IND,Hinds,Precinct 10,1
Howie Hawkins,President,,G,Hinds,Precinct 10,0
Jo Jorgensen,President,,L,Hinds,Precinct 10,0
Brock Pierce,President,,IND,Hinds,Precinct 10,0
Kanye West,President,,IND,Hinds,Precinct 10,2
Mike Espy,U.S. Senate,,D,Hinds,Precinct 10,219
Cindy Hyde-Smith,U.S. Senate,,R,Hinds,Precinct 10,1
Jimmy L Edwards,U.S. Senate,,L,Hinds,Precinct 10,1
Brian Flowers,U.S. House,2,R,Hinds,Precinct 10,2
Bennie G Thompson,U.S. House,2,D,Hinds,Precinct 10,220
Joseph R. Biden,President,,D,Hinds,Precinct 11,300
Donald J. Trump,President,,R,Hinds,Precinct 11,4
Don Blankenship,President,,AC,Hinds,Precinct 11,0
Brian Carroll,President,,AS,Hinds,Precinct 11,0
Phil Collins,President,,IND,Hinds,Precinct 11,0
Howie Hawkins,President,,G,Hinds,Precinct 11,0
Jo Jorgensen,President,,L,Hinds,Precinct 11,0
Brock Pierce,President,,IND,Hinds,Precinct 11,0
Kanye West,President,,IND,Hinds,Precinct 11,2
Mike Espy,U.S. Senate,,D,Hinds,Precinct 11,304
Cindy Hyde-Smith,U.S. Senate,,R,Hinds,Precinct 11,3
Jimmy L Edwards,U.S. Senate,,L,Hinds,Precinct 11,1
Brian Flowers,U.S. House,2,R,Hinds,Precinct 11,9
Bennie G Thompson,U.S. House,2,D,Hinds,Precinct 11,297
Joseph R. Biden,President,,D,Hinds,Precinct 13,770
Donald J. Trump,President,,R,Hinds,Precinct 13,24
Don Blankenship,President,,AC,Hinds,Precinct 13,1
Brian Carroll,President,,AS,Hinds,Precinct 13,0
Phil Collins,President,,IND,Hinds,Precinct 13,0
Howie Hawkins,President,,G,Hinds,Precinct 13,2
Jo Jorgensen,President,,L,Hinds,Precinct 13,0
Brock Pierce,President,,IND,Hinds,Precinct 13,0
Kanye West,President,,IND,Hinds,Precinct 13,2
Mike Espy,U.S. Senate,,D,Hinds,Precinct 13,789
Cindy Hyde-Smith,U.S. Senate,,R,Hinds,Precinct 13,13
Jimmy L Edwards,U.S. Senate,,L,Hinds,Precinct 13,4
Brian Flowers,U.S. House,2,R,Hinds,Precinct 13,20
Bennie G Thompson,U.S. House,2,D,Hinds,Precinct 13,788
Joseph R. Biden,President,,D,Hinds,Precinct 14,380
Donald J. Trump,President,,R,Hinds,Precinct 14,332
Don Blankenship,President,,AC,Hinds,Precinct 14,1
Brian Carroll,President,,AS,Hinds,Precinct 14,3
Phil Collins,President,,IND,Hinds,Precinct 14,0
Howie Hawkins,President,,G,Hinds,Precinct 14,1
Jo Jorgensen,President,,L,Hinds,Precinct 14,4
Brock Pierce,President,,IND,Hinds,Precinct 14,1
Kanye West,President,,IND,Hinds,Precinct 14,4
Mike Espy,U.S. Senate,,D,Hinds,Precinct 14,397
Cindy Hyde-Smith,U.S. Senate,,R,Hinds,Precinct 14,320
Jimmy L Edwards,U.S. Senate,,L,Hinds,Precinct 14,11
Dorothy Dot Benford,U.S. House,3,D,Hinds,Precinct 14,278
Michael Guest,U.S. House,3,R,Hinds,Precinct 14,441
Joseph R. Biden,President,,D,Hinds,Precinct 16,1034
Donald J. Trump,President,,R,Hinds,Precinct 16,339
Don Blankenship,President,,AC,Hinds,Precinct 16,0
Brian Carroll,President,,AS,Hinds,Precinct 16,12
Phil Collins,President,,IND,Hinds,Precinct 16,0
Howie Hawkins,President,,G,Hinds,Precinct 16,4
Jo Jorgensen,President,,L,Hinds,Precinct 16,25
Brock Pierce,President,,IND,Hinds,Precinct 16,2
Kanye West,President,,IND,Hinds,Precinct 16,6
Mike Espy,U.S. Senate,,D,Hinds,Precinct 16,1080
Cindy Hyde-Smith,U.S. Senate,,R,Hinds,Precinct 16,316
Jimmy L Edwards,U.S. Senate,,L,Hinds,Precinct 16,26
Brian Flowers,U.S. House,2,R,Hinds,Precinct 16,83
Bennie G Thompson,U.S. House,2,D,Hinds,Precinct 16,534
Dorothy Dot Benford,U.S. House,3,D,Hinds,Precinct 16,393
Michael Guest,U.S. House,3,R,Hinds,Precinct 16,394
Joseph R. Biden,President,,D,Hinds,Precinct 18,316
Donald J. Trump,President,,R,Hinds,Precinct 18,8
Don Blankenship,President,,AC,Hinds,Precinct 18,0
Brian Carroll,President,,AS,Hinds,Precinct 18,1
Phil Collins,President,,IND,Hinds,Precinct 18,1
Howie Hawkins,President,,G,Hinds,Precinct 18,0
Jo Jorgensen,President,,L,Hinds,Precinct 18,1
Brock Pierce,President,,IND,Hinds,Precinct 18,0
Kanye West,President,,IND,Hinds,Precinct 18,3
Mike Espy,U.S. Senate,,D,Hinds,Precinct 18,323
Cindy Hyde-Smith,U.S. Senate,,R,Hinds,Precinct 18,4
Jimmy L Edwards,U.S. Senate,,L,Hinds,Precinct 18,4
Brian Flowers,U.S. House,2,R,Hinds,Precinct 18,13
Bennie G Thompson,U.S. House,2,D,Hinds,Precinct 18,318
Joseph R. Biden,President,,D,Hinds,Precinct 19,310
Donald J. Trump,President,,R,Hinds,Precinct 19,3
Don Blankenship,President,,AC,Hinds,Precinct 19,1
Brian Carroll,President,,AS,Hinds,Precinct 19,0
Phil Collins,President,,IND,Hinds,Precinct 19,0
Howie Hawkins,President,,G,Hinds,Precinct 19,1
Jo Jorgensen,President,,L,Hinds,Precinct 19,0
Brock Pierce,President,,IND,Hinds,Precinct 19,0
Kanye West,President,,IND,Hinds,Precinct 19,2
Mike Espy,U.S. Senate,,D,Hinds,Precinct 19,316
Cindy Hyde-Smith,U.S. Senate,,R,Hinds,Precinct 19,4
Jimmy L Edwards,U.S. Senate,,L,Hinds,Precinct 19,2
Brian Flowers,U.S. House,2,R,Hinds,Precinct 19,8
Bennie G Thompson,U.S. House,2,D,Hinds,Precinct 19,315
Joseph R. Biden,President,,D,Hinds,Precinct 20,350
Donald J. Trump,President,,R,Hinds,Precinct 20,12
Don Blankenship,President,,AC,Hinds,Precinct 20,0
Brian Carroll,President,,AS,Hinds,Precinct 20,1
Phil Collins,President,,IND,Hinds,Precinct 20,0
Howie Hawkins,President,,G,Hinds,Precinct 20,1
Jo Jorgensen,President,,L,Hinds,Precinct 20,0
Brock Pierce,President,,IND,Hinds,Precinct 20,0
Kanye West,President,,IND,Hinds,Precinct 20,1
Mike Espy,U.S. Senate,,D,Hinds,Precinct 20,357
Cindy Hyde-Smith,U.S. Senate,,R,Hinds,Precinct 20,7
Jimmy L Edwards,U.S. Senate,,L,Hinds,Precinct 20,1
Brian Flowers,U.S. House,2,R,Hinds,Precinct 20,12
Bennie G Thompson,U.S. House,2,D,Hinds,Precinct 20,353
Joseph R. Biden,President,,D,Hinds,Precinct 21,668
Donald J. Trump,President,,R,Hinds,Precinct 21,28
Don Blankenship,President,,AC,Hinds,Precinct 21,0
Brian Carroll,President,,AS,Hinds,Precinct 21,1
Phil Collins,President,,IND,Hinds,Precinct 21,0
Howie Hawkins,President,,G,Hinds,Precinct 21,1
Jo Jorgensen,President,,L,Hinds,Precinct 21,2
Brock Pierce,President,,IND,Hinds,Precinct 21,0
Kanye West,President,,IND,Hinds,Precinct 21,5
Mike Espy,U.S. Senate,,D,Hinds,Precinct 21,682
Cindy Hyde-Smith,U.S. Senate,,R,Hinds,Precinct 21,19
Jimmy L Edwards,U.S. Senate,,L,Hinds,Precinct 21,3
Brian Flowers,U.S. House,2,R,Hinds,Precinct 21,26
Bennie G Thompson,U.S. House,2,D,Hinds,Precinct 21,677
Joseph R. Biden,President,,D,Hinds,Precinct 22,936
Donald J. Trump,President,,R,Hinds,Precinct 22,15
Don Blankenship,President,,AC,Hinds,Precinct 22,0
Brian Carroll,President,,AS,Hinds,Precinct 22,2
Phil Collins,President,,IND,Hinds,Precinct 22,2
Howie Hawkins,President,,G,Hinds,Precinct 22,1
Jo Jorgensen,President,,L,Hinds,Precinct 22,0
Brock Pierce,President,,IND,Hinds,Precinct 22,2
Kanye West,President,,IND,Hinds,Precinct 22,4
Mike Espy,U.S. Senate,,D,Hinds,Precinct 22,940
Cindy Hyde-Smith,U.S. Senate,,R,Hinds,Precinct 22,12
Jimmy L Edwards,U.S. Senate,,L,Hinds,Precinct 22,5
Brian Flowers,U.S. House,2,R,Hinds,Precinct 22,37
Bennie G Thompson,U.S. House,2,D,Hinds,Precinct 22,926
Joseph R. Biden,President,,D,Hinds,Precinct 23,672
Donald J. Trump,President,,R,Hinds,Precinct 23,19
Don Blankenship,President,,AC,Hinds,Precinct 23,1
Brian Carroll,President,,AS,Hinds,Precinct 23,0
Phil Collins,President,,IND,Hinds,Precinct 23,1
Howie Hawkins,President,,G,Hinds,Precinct 23,1
Jo Jorgensen,President,,L,Hinds,Precinct 23,0
Brock Pierce,President,,IND,Hinds,Precinct 23,1
Kanye West,President,,IND,Hinds,Precinct 23,2
Mike Espy,U.S. Senate,,D,Hinds,Precinct 23,688
Cindy Hyde-Smith,U.S. Senate,,R,Hinds,Precinct 23,5
Jimmy L Edwards,U.S. Senate,,L,Hinds,Precinct 23,1
Brian Flowers,U.S. House,2,R,Hinds,Precinct 23,15
Bennie G Thompson,U.S. House,2,D,Hinds,Precinct 23,686
Joseph R. Biden,President,,D,Hinds,Precinct 25,797
Donald J. Trump,President,,R,Hinds,Precinct 25,35
Don Blankenship,President,,AC,Hinds,Precinct 25,0
Brian Carroll,President,,AS,Hinds,Precinct 25,9
Phil Collins,President,,IND,Hinds,Precinct 25,1
Howie Hawkins,President,,G,Hinds,Precinct 25,2
Jo Jorgensen,President,,L,Hinds,Precinct 25,1
Brock Pierce,President,,IND,Hinds,Precinct 25,1
Kanye West,President,,IND,Hinds,Precinct 25,6
Mike Espy,U.S. Senate,,D,Hinds,Precinct 25,831
Cindy Hyde-Smith,U.S. Senate,,R,Hinds,Precinct 25,25
Jimmy L Edwards,U.S. Senate,,L,Hinds,Precinct 25,11
Brian Flowers,U.S. House,2,R,Hinds,Precinct 25,41
Bennie G Thompson,U.S. House,2,D,Hinds,Precinct 25,829
Joseph R. Biden,President,,D,Hinds,Precinct 26,1018
Donald J. Trump,President,,R,Hinds,Precinct 26,62
Don Blankenship,President,,AC,Hinds,Precinct 26,0
Brian Carroll,President,,AS,Hinds,Precinct 26,1
Phil Collins,President,,IND,Hinds,Precinct 26,4
Howie Hawkins,President,,G,Hinds,Precinct 26,0
Jo Jorgensen,President,,L,Hinds,Precinct 26,0
Brock Pierce,President,,IND,Hinds,Precinct 26,0
Kanye West,President,,IND,Hinds,Precinct 26,5
Mike Espy,U.S. Senate,,D,Hinds,Precinct 26,1040
Cindy Hyde-Smith,U.S. Senate,,R,Hinds,Precinct 26,48
Jimmy L Edwards,U.S. Senate,,L,Hinds,Precinct 26,8
Brian Flowers,U.S. House,2,R,Hinds,Precinct 26,71
Bennie G Thompson,U.S. House,2,D,Hinds,Precinct 26,1028
Joseph R. Biden,President,,D,Hinds,Precinct 27,883
Donald J. Trump,President,,R,Hinds,Precinct 27,25
Don Blankenship,President,,AC,Hinds,Precinct 27,2
Brian Carroll,President,,AS,Hinds,Precinct 27,0
Phil Collins,President,,IND,Hinds,Precinct 27,2
Howie Hawkins,President,,G,Hinds,Precinct 27,1
Jo Jorgensen,President,,L,Hinds,Precinct 27,1
Brock Pierce,President,,IND,Hinds,Precinct 27,0
Kanye West,President,,IND,Hinds,Precinct 27,4
Mike Espy,U.S. Senate,,D,Hinds,Precinct 27,903
Cindy Hyde-Smith,U.S. Senate,,R,Hinds,Precinct 27,8
Jimmy L Edwards,U.S. Senate,,L,Hinds,Precinct 27,3
Brian Flowers,U.S. House,2,R,Hinds,Precinct 27,16
Bennie G Thompson,U.S. House,2,D,Hinds,Precinct 27,905
Joseph R. Biden,President,,D,Hinds,Precinct 28,701
Donald J. Trump,President,,R,Hinds,Precinct 28,21
Don Blankenship,President,,AC,Hinds,Precinct 28,1
Brian Carroll,President,,AS,Hinds,Precinct 28,0
Phil Collins,President,,IND,Hinds,Precinct 28,1
Howie Hawkins,President,,G,Hinds,Precinct 28,0
Jo Jorgensen,President,,L,Hinds,Precinct 28,1
Brock Pierce,President,,IND,Hinds,Precinct 28,0
Kanye West,President,,IND,Hinds,Precinct 28,2
Mike Espy,U.S. Senate,,D,Hinds,Precinct 28,713
Cindy Hyde-Smith,U.S. Senate,,R,Hinds,Precinct 28,12
Jimmy L Edwards,U.S. Senate,,L,Hinds,Precinct 28,4
Brian Flowers,U.S. House,2,R,Hinds,Precinct 28,14
Bennie G Thompson,U.S. House,2,D,Hinds,Precinct 28,717
Joseph R. Biden,President,,D,Hinds,Precinct 29,435
Donald J. Trump,President,,R,Hinds,Precinct 29,11
Don Blankenship,President,,AC,Hinds,Precinct 29,0
Brian Carroll,President,,AS,Hinds,Precinct 29,0
Phil Collins,President,,IND,Hinds,Precinct 29,0
Howie Hawkins,President,,G,Hinds,Precinct 29,0
Jo Jorgensen,President,,L,Hinds,Precinct 29,1
Brock Pierce,President,,IND,Hinds,Precinct 29,1
Kanye West,President,,IND,Hinds,Precinct 29,2
Mike Espy,U.S. Senate,,D,Hinds,Precinct 29,443
Cindy Hyde-Smith,U.S. Senate,,R,Hinds,Precinct 29,6
Jimmy L Edwards,U.S. Senate,,L,Hinds,Precinct 29,1
Brian Flowers,U.S. House,2,R,Hinds,Precinct 29,8
Bennie G Thompson,U.S. House,2,D,Hinds,Precinct 29,440
Joseph R. Biden,President,,D,Hinds,Precinct 30,367
Donald J. Trump,President,,R,Hinds,Precinct 30,1
Don Blankenship,President,,AC,Hinds,Precinct 30,0
Brian Carroll,President,,AS,Hinds,Precinct 30,0
Phil Collins,President,,IND,Hinds,Precinct 30,1
Howie Hawkins,President,,G,Hinds,Precinct 30,0
Jo Jorgensen,President,,L,Hinds,Precinct 30,0
Brock Pierce,President,,IND,Hinds,Precinct 30,0
Kanye West,President,,IND,Hinds,Precinct 30,0
Mike Espy,U.S. Senate,,D,Hinds,Precinct 30,369
Cindy Hyde-Smith,U.S. Senate,,R,Hinds,Precinct 30,1
Jimmy L Edwards,U.S. Senate,,L,Hinds,Precinct 30,0
Brian Flowers,U.S. House,2,R,Hinds,Precinct 30,4
Bennie G Thompson,U.S. House,2,D,Hinds,Precinct 30,365
Joseph R. Biden,President,,D,Hinds,Precinct 31,572
Donald J. Trump,President,,R,Hinds,Precinct 31,11
Don Blankenship,President,,AC,Hinds,Precinct 31,1
Brian Carroll,President,,AS,Hinds,Precinct 31,0
Phil Collins,President,,IND,Hinds,Precinct 31,0
Howie Hawkins,President,,G,Hinds,Precinct 31,0
Jo Jorgensen,President,,L,Hinds,Precinct 31,1
Brock Pierce,President,,IND,Hinds,Precinct 31,0
Kanye West,President,,IND,Hinds,Precinct 31,1
Mike Espy,U.S. Senate,,D,Hinds,Precinct 31,584
Cindy Hyde-Smith,U.S. Senate,,R,Hinds,Precinct 31,6
Jimmy L Edwards,U.S. Senate,,L,Hinds,Precinct 31,2
Brian Flowers,U.S. House,2,R,Hinds,Precinct 31,23
Bennie G Thompson,U.S. House,2,D,Hinds,Precinct 31,569
Joseph R. Biden,President,,D,Hinds,Precinct 32,266
Donald J. Trump,President,,R,Hinds,Precinct 32,368
Don Blankenship,President,,AC,Hinds,Precinct 32,0
Brian Carroll,President,,AS,Hinds,Precinct 32,4
Phil Collins,President,,IND,Hinds,Precinct 32,2
Howie Hawkins,President,,G,Hinds,Precinct 32,2
Jo Jorgensen,President,,L,Hinds,Precinct 32,13
Brock Pierce,President,,IND,Hinds,Precinct 32,0
Kanye West,President,,IND,Hinds,Precinct 32,3
Mike Espy,U.S. Senate,,D,Hinds,Precinct 32,278
Cindy Hyde-Smith,U.S. Senate,,R,Hinds,Precinct 32,372
Jimmy L Edwards,U.S. Senate,,L,Hinds,Precinct 32,11
Dorothy Dot Benford,U.S. House,3,D,Hinds,Precinct 32,176
Michael Guest,U.S. House,3,R,Hinds,Precinct 32,472
Joseph R. Biden,President,,D,Hinds,Precinct 33,290
Donald J. Trump,President,,R,Hinds,Precinct 33,631
Don Blankenship,President,,AC,Hinds,Precinct 33,1
Brian Carroll,President,,AS,Hinds,Precinct 33,1
Phil Collins,President,,IND,Hinds,Precinct 33,1
Howie Hawkins,President,,G,Hinds,Precinct 33,1
Jo Jorgensen,President,,L,Hinds,Precinct 33,12
Brock Pierce,President,,IND,Hinds,Precinct 33,0
Kanye West,President,,IND,Hinds,Precinct 33,2
Mike Espy,U.S. Senate,,D,Hinds,Precinct 33,315
Cindy Hyde-Smith,U.S. Senate,,R,Hinds,Precinct 33,616
Jimmy L Edwards,U.S. Senate,,L,Hinds,Precinct 33,8
Dorothy Dot Benford,U.S. House,3,D,Hinds,Precinct 33,185
Michael Guest,U.S. House,3,R,Hinds,Precinct 33,734
Joseph R. Biden,President,,D,Hinds,Precinct 34,458
Donald J. Trump,President,,R,Hinds,Precinct 34,909
Don Blankenship,President,,AC,Hinds,Precinct 34,3
Brian Carroll,President,,AS,Hinds,Precinct 34,4
Phil Collins,President,,IND,Hinds,Precinct 34,3
Howie Hawkins,President,,G,Hinds,Precinct 34,3
Jo Jorgensen,President,,L,Hinds,Precinct 34,23
Brock Pierce,President,,IND,Hinds,Precinct 34,0
Kanye West,President,,IND,Hinds,Precinct 34,7
Mike Espy,U.S. Senate,,D,Hinds,Precinct 34,501
Cindy Hyde-Smith,U.S. Senate,,R,Hinds,Precinct 34,897
Jimmy L Edwards,U.S. Senate,,L,Hinds,Precinct 34,31
Dorothy Dot Benford,U.S. House,3,D,Hinds,Precinct 34,311
Michael Guest,U.S. House,3,R,Hinds,Precinct 34,1093
Joseph R. Biden,President,,D,Hinds,Precinct 35,390
Donald J. Trump,President,,R,Hinds,Precinct 35,801
Don Blankenship,President,,AC,Hinds,Precinct 35,0
Brian Carroll,President,,AS,Hinds,Precinct 35,3
Phil Collins,President,,IND,Hinds,Precinct 35,2
Howie Hawkins,President,,G,Hinds,Precinct 35,0
Jo Jorgensen,President,,L,Hinds,Precinct 35,14
Brock Pierce,President,,IND,Hinds,Precinct 35,0
Kanye West,President,,IND,Hinds,Precinct 35,9
Mike Espy,U.S. Senate,,D,Hinds,Precinct 35,409
Cindy Hyde-Smith,U.S. Senate,,R,Hinds,Precinct 35,795
Jimmy L Edwards,U.S. Senate,,L,Hinds,Precinct 35,22
Dorothy Dot Benford,U.S. House,3,D,Hinds,Precinct 35,262
Michael Guest,U.S. House,3,R,Hinds,Precinct 35,952
Joseph R. Biden,President,,D,Hinds,Precinct 36,621
Donald J. Trump,President,,R,Hinds,Precinct 36,180
Don Blankenship,President,,AC,Hinds,Precinct 36,0
Brian Carroll,President,,AS,Hinds,Precinct 36,1
Phil Collins,President,,IND,Hinds,Precinct 36,0
Howie Hawkins,President,,G,Hinds,Precinct 36,1
Jo Jorgensen,President,,L,Hinds,Precinct 36,3
Brock Pierce,President,,IND,Hinds,Precinct 36,0
Kanye West,President,,IND,Hinds,Precinct 36,4
Mike Espy,U.S. Senate,,D,Hinds,Precinct 36,640
Cindy Hyde-Smith,U.S. Senate,,R,Hinds,Precinct 36,167
Jimmy L Edwards,U.S. Senate,,L,Hinds,Precinct 36,7
Dorothy Dot Benford,U.S. House,3,D,Hinds,Precinct 36,578
Michael Guest,U.S. House,3,R,Hinds,Precinct 36,231
Joseph R. Biden,President,,D,Hinds,Precinct 37,487
Donald J. Trump,President,,R,Hinds,Precinct 37,123
Don Blankenship,President,,AC,Hinds,Precinct 37,0
Brian Carroll,President,,AS,Hinds,Precinct 37,1
Phil Collins,President,,IND,Hinds,Precinct 37,0
Howie Hawkins,President,,G,Hinds,Precinct 37,3
Jo Jorgensen,President,,L,Hinds,Precinct 37,4
Brock Pierce,President,,IND,Hinds,Precinct 37,0
Kanye West,President,,IND,Hinds,Precinct 37,3
Mike Espy,U.S. Senate,,D,Hinds,Precinct 37,507
Cindy Hyde-Smith,U.S. Senate,,R,Hinds,Precinct 37,111
Jimmy L Edwards,U.S. Senate,,L,Hinds,Precinct 37,4
Dorothy Dot Benford,U.S. House,3,D,Hinds,Precinct 37,442
Michael Guest,U.S. House,3,R,Hinds,Precinct 37,157
Joseph R. Biden,President,,D,Hinds,Precinct 38,522
Donald J. Trump,President,,R,Hinds,Precinct 38,27
Don Blankenship,President,,AC,Hinds,Precinct 38,1
Brian Carroll,President,,AS,Hinds,Precinct 38,1
Phil Collins,President,,IND,Hinds,Precinct 38,0
Howie Hawkins,President,,G,Hinds,Precinct 38,0
Jo Jorgensen,President,,L,Hinds,Precinct 38,3
Brock Pierce,President,,IND,Hinds,Precinct 38,0
Kanye West,President,,IND,Hinds,Precinct 38,6
Mike Espy,U.S. Senate,,D,Hinds,Precinct 38,535
Cindy Hyde-Smith,U.S. Senate,,R,Hinds,Precinct 38,23
Jimmy L Edwards,U.S. Senate,,L,Hinds,Precinct 38,3
Brian Flowers,U.S. House,2,R,Hinds,Precinct 38,27
Bennie G Thompson,U.S. House,2,D,Hinds,Precinct 38,535
Joseph R. Biden,President,,D,Hinds,Precinct 39,644
Donald J. Trump,President,,R,Hinds,Precinct 39,16
Don Blankenship,President,,AC,Hinds,Precinct 39,0
Brian Carroll,President,,AS,Hinds,Precinct 39,2
Phil Collins,President,,IND,Hinds,Precinct 39,0
Howie Hawkins,President,,G,Hinds,Precinct 39,0
Jo Jorgensen,President,,L,Hinds,Precinct 39,4
Brock Pierce,President,,IND,Hinds,Precinct 39,0
Kanye West,President,,IND,Hinds,Precinct 39,4
Mike Espy,U.S. Senate,,D,Hinds,Precinct 39,657
Cindy Hyde-Smith,U.S. Senate,,R,Hinds,Precinct 39,11
Jimmy L Edwards,U.S. Senate,,L,Hinds,Precinct 39,3
Brian Flowers,U.S. House,2,R,Hinds,Precinct 39,13
Bennie G Thompson,U.S. House,2,D,Hinds,Precinct 39,654
Joseph R. Biden,President,,D,Hinds,Precinct 40,821
Donald J. Trump,President,,R,Hinds,Precinct 40,19
Don Blankenship,President,,AC,Hinds,Precinct 40,1
Brian Carroll,President,,AS,Hinds,Precinct 40,2
Phil Collins,President,,IND,Hinds,Precinct 40,0
Howie Hawkins,President,,G,Hinds,Precinct 40,0
Jo Jorgensen,President,,L,Hinds,Precinct 40,0
Brock Pierce,President,,IND,Hinds,Precinct 40,0
Kanye West,President,,IND,Hinds,Precinct 40,4
Mike Espy,U.S. Senate,,D,Hinds,Precinct 40,832
Cindy Hyde-Smith,U.S. Senate,,R,Hinds,Precinct 40,12
Jimmy L Edwards,U.S. Senate,,L,Hinds,Precinct 40,3
Brian Flowers,U.S. House,2,R,Hinds,Precinct 40,22
Bennie G Thompson,U.S. House,2,D,Hinds,Precinct 40,827
Joseph R. Biden,President,,D,Hinds,Precinct 41,1159
Donald J. Trump,President,,R,Hinds,Precinct 41,16
Don Blankenship,President,,AC,Hinds,Precinct 41,1
Brian Carroll,President,,AS,Hinds,Precinct 41,1
Phil Collins,President,,IND,Hinds,Precinct 41,2
Howie Hawkins,President,,G,Hinds,Precinct 41,0
Jo Jorgensen,President,,L,Hinds,Precinct 41,1
Brock Pierce,President,,IND,Hinds,Precinct 41,0
Kanye West,President,,IND,Hinds,Precinct 41,2
Mike Espy,U.S. Senate,,D,Hinds,Precinct 41,1174
Cindy Hyde-Smith,U.S. Senate,,R,Hinds,Precinct 41,10
Jimmy L Edwards,U.S. Senate,,L,Hinds,Precinct 41,1
Brian Flowers,U.S. House,2,R,Hinds,Precinct 41,33
Bennie G Thompson,U.S. House,2,D,Hinds,Precinct 41,1153
Joseph R. Biden,President,,D,Hinds,Precinct 42,762
Donald J. Trump,President,,R,Hinds,Precinct 42,46
Don Blankenship,President,,AC,Hinds,Precinct 42,0
Brian Carroll,President,,AS,Hinds,Precinct 42,0
Phil Collins,President,,IND,Hinds,Precinct 42,0
Howie Hawkins,President,,G,Hinds,Precinct 42,2
Jo Jorgensen,President,,L,Hinds,Precinct 42,0
Brock Pierce,President,,IND,Hinds,Precinct 42,1
Kanye West,President,,IND,Hinds,Precinct 42,8
Mike Espy,U.S. Senate,,D,Hinds,Precinct 42,780
Cindy Hyde-Smith,U.S. Senate,,R,Hinds,Precinct 42,35
Jimmy L Edwards,U.S. Senate,,L,Hinds,Precinct 42,7
Brian Flowers,U.S. House,2,R,Hinds,Precinct 42,50
Bennie G Thompson,U.S. House,2,D,Hinds,Precinct 42,768
Joseph R. Biden,President,,D,Hinds,Precinct 43,1094
Donald J. Trump,President,,R,Hinds,Precinct 43,76
Don Blankenship,President,,AC,Hinds,Precinct 43,1
Brian Carroll,President,,AS,Hinds,Precinct 43,1
Phil Collins,President,,IND,Hinds,Precinct 43,0
Howie Hawkins,President,,G,Hinds,Precinct 43,1
Jo Jorgensen,President,,L,Hinds,Precinct 43,4
Brock Pierce,President,,IND,Hinds,Precinct 43,0
Kanye West,President,,IND,Hinds,Precinct 43,8
Mike Espy,U.S. Senate,,D,Hinds,Precinct 43,1119
Cindy Hyde-Smith,U.S. Senate,,R,Hinds,Precinct 43,51
Jimmy L Edwards,U.S. Senate,,L,Hinds,Precinct 43,10
Brian Flowers,U.S. House,2,R,Hinds,Precinct 43,84
Bennie G Thompson,U.S. House,2,D,Hinds,Precinct 43,1103
Joseph R. Biden,President,,D,Hinds,Precinct 44,967
Donald J. Trump,President,,R,Hinds,Precinct 44,294
Don Blankenship,President,,AC,Hinds,Precinct 44,1
Brian Carroll,President,,AS,Hinds,Precinct 44,1
Phil Collins,President,,IND,Hinds,Precinct 44,2
Howie Hawkins,President,,G,Hinds,Precinct 44,1
Jo Jorgensen,President,,L,Hinds,Precinct 44,3
Brock Pierce,President,,IND,Hinds,Precinct 44,1
Kanye West,President,,IND,Hinds,Precinct 44,4
Mike Espy,U.S. Senate,,D,Hinds,Precinct 44,985
Cindy Hyde-Smith,U.S. Senate,,R,Hinds,Precinct 44,279
Jimmy L Edwards,U.S. Senate,,L,Hinds,Precinct 44,8
Dorothy Dot Benford,U.S. House,3,D,Hinds,Precinct 44,897
Michael Guest,U.S. House,3,R,Hinds,Precinct 44,368
Joseph R. Biden,President,,D,Hinds,Precinct 45,673
Donald J. Trump,President,,R,Hinds,Precinct 45,678
Don Blankenship,President,,AC,Hinds,Precinct 45,0
Brian Carroll,President,,AS,Hinds,Precinct 45,3
Phil Collins,President,,IND,Hinds,Precinct 45,4
Howie Hawkins,President,,G,Hinds,Precinct 45,2
Jo Jorgensen,President,,L,Hinds,Precinct 45,9
Brock Pierce,President,,IND,Hinds,Precinct 45,1
Kanye West,President,,IND,Hinds,Precinct 45,2
Mike Espy,U.S. Senate,,D,Hinds,Precinct 45,695
Cindy Hyde-Smith,U.S. Senate,,R,Hinds,Precinct 45,662
Jimmy L Edwards,U.S. Senate,,L,Hinds,Precinct 45,22
Dorothy Dot Benford,U.S. House,3,D,Hinds,Precinct 45,568
Michael Guest,U.S. House,3,R,Hinds,Precinct 45,796
Joseph R. Biden,President,,D,Hinds,Precinct 46,1397
Donald J. Trump,President,,R,Hinds,Precinct 46,661
Don Blankenship,President,,AC,Hinds,Precinct 46,2
Brian Carroll,President,,AS,Hinds,Precinct 46,1
Phil Collins,President,,IND,Hinds,Precinct 46,3
Howie Hawkins,President,,G,Hinds,Precinct 46,1
Jo Jorgensen,President,,L,Hinds,Precinct 46,9
Brock Pierce,President,,IND,Hinds,Precinct 46,1
Kanye West,President,,IND,Hinds,Precinct 46,4
Mike Espy,U.S. Senate,,D,Hinds,Precinct 46,1436
Cindy Hyde-Smith,U.S. Senate,,R,Hinds,Precinct 46,642
Jimmy L Edwards,U.S. Senate,,L,Hinds,Precinct 46,13
Brian Flowers,U.S. House,2,R,Hinds,Precinct 46,231
Bennie G Thompson,U.S. House,2,D,Hinds,Precinct 46,853
Dorothy Dot Benford,U.S. House,3,D,Hinds,Precinct 46,466
Michael Guest,U.S. House,3,R,Hinds,Precinct 46,512
Joseph R. Biden,President,,D,Hinds,Precinct 47,332
Donald J. Trump,President,,R,Hinds,Precinct 47,30
Don Blankenship,President,,AC,Hinds,Precinct 47,0
Brian Carroll,President,,AS,Hinds,Precinct 47,0
Phil Collins,President,,IND,Hinds,Precinct 47,0
Howie Hawkins,President,,G,Hinds,Precinct 47,0
Jo Jorgensen,President,,L,Hinds,Precinct 47,0
Brock Pierce,President,,IND,Hinds,Precinct 47,0
Kanye West,President,,IND,Hinds,Precinct 47,5
Mike Espy,U.S. Senate,,D,Hinds,Precinct 47,343
Cindy Hyde-Smith,U.S. Senate,,R,Hinds,Precinct 47,23
Jimmy L Edwards,U.S. Senate,,L,Hinds,Precinct 47,2
Dorothy Dot Benford,U.S. House,3,D,Hinds,Precinct 47,322
Michael Guest,U.S. House,3,R,Hinds,Precinct 47,49
Joseph R. Biden,President,,D,Hinds,Precinct 49,392
Donald J. Trump,President,,R,Hinds,Precinct 49,5
Don Blankenship,President,,AC,Hinds,Precinct 49,0
Brian Carroll,President,,AS,Hinds,Precinct 49,1
Phil Collins,President,,IND,Hinds,Precinct 49,1
Howie Hawkins,President,,G,Hinds,Precinct 49,2
Jo Jorgensen,President,,L,Hinds,Precinct 49,1
Brock Pierce,President,,IND,Hinds,Precinct 49,0
Kanye West,President,,IND,Hinds,Precinct 49,6
Mike Espy,U.S. Senate,,D,Hinds,Precinct 49,405
Cindy Hyde-Smith,U.S. Senate,,R,Hinds,Precinct 49,2
Jimmy L Edwards,U.S. Senate,,L,Hinds,Precinct 49,1
Brian Flowers,U.S. House,2,R,Hinds,Precinct 49,10
Bennie G Thompson,U.S. House,2,D,Hinds,Precinct 49,392
Joseph R. Biden,President,,D,Hinds,Precinct 51,955
Donald J. Trump,President,,R,Hinds,Precinct 51,36
Don Blankenship,President,,AC,Hinds,Precinct 51,0
Brian Carroll,President,,AS,Hinds,Precinct 51,0
Phil Collins,President,,IND,Hinds,Precinct 51,0
Howie Hawkins,President,,G,Hinds,Precinct 51,4
Jo Jorgensen,President,,L,Hinds,Precinct 51,1
Brock Pierce,President,,IND,Hinds,Precinct 51,1
Kanye West,President,,IND,Hinds,Precinct 51,9
Mike Espy,U.S. Senate,,D,Hinds,Precinct 51,984
Cindy Hyde-Smith,U.S. Senate,,R,Hinds,Precinct 51,15
Jimmy L Edwards,U.S. Senate,,L,Hinds,Precinct 51,5
Brian Flowers,U.S. House,2,R,Hinds,Precinct 51,36
Bennie G Thompson,U.S. House,2,D,Hinds,Precinct 51,973
Joseph R. Biden,President,,D,Hinds,Precinct 54,285
Donald J. Trump,President,,R,Hinds,Precinct 54,5
Don Blankenship,President,,AC,Hinds,Precinct 54,0
Brian Carroll,President,,AS,Hinds,Precinct 54,0
Phil Collins,President,,IND,Hinds,Precinct 54,0
Howie Hawkins,President,,G,Hinds,Precinct 54,0
Jo Jorgensen,President,,L,Hinds,Precinct 54,1
Brock Pierce,President,,IND,Hinds,Precinct 54,0
Kanye West,President,,IND,Hinds,Precinct 54,4
Mike Espy,U.S. Senate,,D,Hinds,Precinct 54,287
Cindy Hyde-Smith,U.S. Senate,,R,Hinds,Precinct 54,3
Jimmy L Edwards,U.S. Senate,,L,Hinds,Precinct 54,2
Brian Flowers,U.S. House,2,R,Hinds,Precinct 54,3
Bennie G Thompson,U.S. House,2,D,Hinds,Precinct 54,290
Joseph R. Biden,President,,D,Hinds,Precinct 55,447
Donald J. Trump,President,,R,Hinds,Precinct 55,17
Don Blankenship,President,,AC,Hinds,Precinct 55,0
Brian Carroll,President,,AS,Hinds,Precinct 55,2
Phil Collins,President,,IND,Hinds,Precinct 55,0
Howie Hawkins,President,,G,Hinds,Precinct 55,0
Jo Jorgensen,President,,L,Hinds,Precinct 55,1
Brock Pierce,President,,IND,Hinds,Precinct 55,1
Kanye West,President,,IND,Hinds,Precinct 55,2
Mike Espy,U.S. Senate,,D,Hinds,Precinct 55,458
Cindy Hyde-Smith,U.S. Senate,,R,Hinds,Precinct 55,9
Jimmy L Edwards,U.S. Senate,,L,Hinds,Precinct 55,0
Brian Flowers,U.S. House,2,R,Hinds,Precinct 55,19
Bennie G Thompson,U.S. House,2,D,Hinds,Precinct 55,452
Joseph R. Biden,President,,D,Hinds,Precinct 56,168
Donald J. Trump,President,,R,Hinds,Precinct 56,11
Don Blankenship,President,,AC,Hinds,Precinct 56,1
Brian Carroll,President,,AS,Hinds,Precinct 56,1
Phil Collins,President,,IND,Hinds,Precinct 56,0
Howie Hawkins,President,,G,Hinds,Precinct 56,0
Jo Jorgensen,President,,L,Hinds,Precinct 56,0
Brock Pierce,President,,IND,Hinds,Precinct 56,1
Kanye West,President,,IND,Hinds,Precinct 56,4
Mike Espy,U.S. Senate,,D,Hinds,Precinct 56,182
Cindy Hyde-Smith,U.S. Senate,,R,Hinds,Precinct 56,5
Jimmy L Edwards,U.S. Senate,,L,Hinds,Precinct 56,1
Brian Flowers,U.S. House,2,R,Hinds,Precinct 56,4
Bennie G Thompson,U.S. House,2,D,Hinds,Precinct 56,181
Joseph R. Biden,President,,D,Hinds,Precinct 57,416
Donald J. Trump,President,,R,Hinds,Precinct 57,9
Don Blankenship,President,,AC,Hinds,Precinct 57,1
Brian Carroll,President,,AS,Hinds,Precinct 57,2
Phil Collins,President,,IND,Hinds,Precinct 57,0
Howie Hawkins,President,,G,Hinds,Precinct 57,0
Jo Jorgensen,President,,L,Hinds,Precinct 57,1
Brock Pierce,President,,IND,Hinds,Precinct 57,0
Kanye West,President,,IND,Hinds,Precinct 57,2
Mike Espy,U.S. Senate,,D,Hinds,Precinct 57,423
Cindy Hyde-Smith,U.S. Senate,,R,Hinds,Precinct 57,7
Jimmy L Edwards,U.S. Senate,,L,Hinds,Precinct 57,1
Brian Flowers,U.S. House,2,R,Hinds,Precinct 57,12
Bennie G Thompson,U.S. House,2,D,Hinds,Precinct 57,416
Joseph R. Biden,President,,D,Hinds,Precinct 58,744
Donald J. Trump,President,,R,Hinds,Precinct 58,15
Don Blankenship,President,,AC,Hinds,Precinct 58,1
Brian Carroll,President,,AS,Hinds,Precinct 58,1
Phil Collins,President,,IND,Hinds,Precinct 58,1
Howie Hawkins,President,,G,Hinds,Precinct 58,0
Jo Jorgensen,President,,L,Hinds,Precinct 58,2
Brock Pierce,President,,IND,Hinds,Precinct 58,1
Kanye West,President,,IND,Hinds,Precinct 58,4
Mike Espy,U.S. Senate,,D,Hinds,Precinct 58,760
Cindy Hyde-Smith,U.S. Senate,,R,Hinds,Precinct 58,8
Jimmy L Edwards,U.S. Senate,,L,Hinds,Precinct 58,5
Brian Flowers,U.S. House,2,R,Hinds,Precinct 58,12
Bennie G Thompson,U.S. House,2,D,Hinds,Precinct 58,761
Joseph R. Biden,President,,D,Hinds,Precinct 59,664
Donald J. Trump,President,,R,Hinds,Precinct 59,20
Don Blankenship,President,,AC,Hinds,Precinct 59,0
Brian Carroll,President,,AS,Hinds,Precinct 59,1
Phil Collins,President,,IND,Hinds,Precinct 59,0
Howie Hawkins,President,,G,Hinds,Precinct 59,1
Jo Jorgensen,President,,L,Hinds,Precinct 59,1
Brock Pierce,President,,IND,Hinds,Precinct 59,2
Kanye West,President,,IND,Hinds,Precinct 59,3
Mike Espy,U.S. Senate,,D,Hinds,Precinct 59,683
Cindy Hyde-Smith,U.S. Senate,,R,Hinds,Precinct 59,13
Jimmy L Edwards,U.S. Senate,,L,Hinds,Precinct 59,1
Brian Flowers,U.S. House,2,R,Hinds,Precinct 59,19
Bennie G Thompson,U.S. House,2,D,Hinds,Precinct 59,674
Joseph R. Biden,President,,D,Hinds,Precinct 60,230
Donald J. Trump,President,,R,Hinds,Precinct 60,12
Don Blankenship,President,,AC,Hinds,Precinct 60,0
Brian Carroll,President,,AS,Hinds,Precinct 60,0
Phil Collins,President,,IND,Hinds,Precinct 60,0
Howie Hawkins,President,,G,Hinds,Precinct 60,1
Jo Jorgensen,President,,L,Hinds,Precinct 60,0
Brock Pierce,President,,IND,Hinds,Precinct 60,0
Kanye West,President,,IND,Hinds,Precinct 60,1
Mike Espy,U.S. Senate,,D,Hinds,Precinct 60,233
Cindy Hyde-Smith,U.S. Senate,,R,Hinds,Precinct 60,6
Jimmy L Edwards,U.S. Senate,,L,Hinds,Precinct 60,2
Brian Flowers,U.S. House,2,R,Hinds,Precinct 60,10
Bennie G Thompson,U.S. House,2,D,Hinds,Precinct 60,234
Joseph R. Biden,President,,D,Hinds,Precinct 61,331
Donald J. Trump,President,,R,Hinds,Precinct 61,10
Don Blankenship,President,,AC,Hinds,Precinct 61,0
Brian Carroll,President,,AS,Hinds,Precinct 61,0
Phil Collins,President,,IND,Hinds,Precinct 61,1
Howie Hawkins,President,,G,Hinds,Precinct 61,1
Jo Jorgensen,President,,L,Hinds,Precinct 61,1
Brock Pierce,President,,IND,Hinds,Precinct 61,0
Kanye West,President,,IND,Hinds,Precinct 61,2
Mike Espy,U.S. Senate,,D,Hinds,Precinct 61,339
Cindy Hyde-Smith,U.S. Senate,,R,Hinds,Precinct 61,3
Jimmy L Edwards,U.S. Senate,,L,Hinds,Precinct 61,3
Brian Flowers,U.S. House,2,R,Hinds,Precinct 61,10
Bennie G Thompson,U.S. House,2,D,Hinds,Precinct 61,333
Joseph R. Biden,President,,D,Hinds,Precinct 62,816
Donald J. Trump,President,,R,Hinds,Precinct 62,25
Don Blankenship,President,,AC,Hinds,Precinct 62,2
Brian Carroll,President,,AS,Hinds,Precinct 62,1
Phil Collins,President,,IND,Hinds,Precinct 62,2
Howie Hawkins,President,,G,Hinds,Precinct 62,1
Jo Jorgensen,President,,L,Hinds,Precinct 62,0
Brock Pierce,President,,IND,Hinds,Precinct 62,0
Kanye West,President,,IND,Hinds,Precinct 62,10
Mike Espy,U.S. Senate,,D,Hinds,Precinct 62,822
Cindy Hyde-Smith,U.S. Senate,,R,Hinds,Precinct 62,18
Jimmy L Edwards,U.S. Senate,,L,Hinds,Precinct 62,7
Brian Flowers,U.S. House,2,R,Hinds,Precinct 62,40
Bennie G Thompson,U.S. House,2,D,Hinds,Precinct 62,819
Joseph R. Biden,President,,D,Hinds,Precinct 63,281
Donald J. Trump,President,,R,Hinds,Precinct 63,12
Don Blankenship,President,,AC,Hinds,Precinct 63,0
Brian Carroll,President,,AS,Hinds,Precinct 63,0
Phil Collins,President,,IND,Hinds,Precinct 63,0
Howie Hawkins,President,,G,Hinds,Precinct 63,2
Jo Jorgensen,President,,L,Hinds,Precinct 63,0
Brock Pierce,President,,IND,Hinds,Precinct 63,0
Kanye West,President,,IND,Hinds,Precinct 63,1
Mike Espy,U.S. Senate,,D,Hinds,Precinct 63,291
Cindy Hyde-Smith,U.S. Senate,,R,Hinds,Precinct 63,5
Jimmy L Edwards,U.S. Senate,,L,Hinds,Precinct 63,0
Brian Flowers,U.S. House,2,R,Hinds,Precinct 63,6
Bennie G Thompson,U.S. House,2,D,Hinds,Precinct 63,291
Joseph R. Biden,President,,D,Hinds,Precinct 64,269
Donald J. Trump,President,,R,Hinds,Precinct 64,7
Don Blankenship,President,,AC,Hinds,Precinct 64,1
Brian Carroll,President,,AS,Hinds,Precinct 64,0
Phil Collins,President,,IND,Hinds,Precinct 64,0
Howie Hawkins,President,,G,Hinds,Precinct 64,1
Jo Jorgensen,President,,L,Hinds,Precinct 64,0
Brock Pierce,President,,IND,Hinds,Precinct 64,0
Kanye West,President,,IND,Hinds,Precinct 64,1
Mike Espy,U.S. Senate,,D,Hinds,Precinct 64,271
Cindy Hyde-Smith,U.S. Senate,,R,Hinds,Precinct 64,6
Jimmy L Edwards,U.S. Senate,,L,Hinds,Precinct 64,0
Brian Flowers,U.S. House,2,R,Hinds,Precinct 64,9
Bennie G Thompson,U.S. House,2,D,Hinds,Precinct 64,270
Joseph R. Biden,President,,D,Hinds,Precinct 68,1219
Donald J. Trump,President,,R,Hinds,Precinct 68,64
Don Blankenship,President,,AC,Hinds,Precinct 68,3
Brian Carroll,President,,AS,Hinds,Precinct 68,2
Phil Collins,President,,IND,Hinds,Precinct 68,0
Howie Hawkins,President,,G,Hinds,Precinct 68,4
Jo Jorgensen,President,,L,Hinds,Precinct 68,0
Brock Pierce,President,,IND,Hinds,Precinct 68,1
Kanye West,President,,IND,Hinds,Precinct 68,4
Mike Espy,U.S. Senate,,D,Hinds,Precinct 68,1231
Cindy Hyde-Smith,U.S. Senate,,R,Hinds,Precinct 68,59
Jimmy L Edwards,U.S. Senate,,L,Hinds,Precinct 68,4
Brian Flowers,U.S. House,2,R,Hinds,Precinct 68,92
Bennie G Thompson,U.S. House,2,D,Hinds,Precinct 68,1203
Joseph R. Biden,President,,D,Hinds,Precinct 69,678
Donald J. Trump,President,,R,Hinds,Precinct 69,52
Don Blankenship,President,,AC,Hinds,Precinct 69,0
Brian Carroll,President,,AS,Hinds,Precinct 69,0
Phil Collins,President,,IND,Hinds,Precinct 69,2
Howie Hawkins,President,,G,Hinds,Precinct 69,3
Jo Jorgensen,President,,L,Hinds,Precinct 69,0
Brock Pierce,President,,IND,Hinds,Precinct 69,0
Kanye West,President,,IND,Hinds,Precinct 69,1
Mike Espy,U.S. Senate,,D,Hinds,Precinct 69,693
Cindy Hyde-Smith,U.S. Senate,,R,Hinds,Precinct 69,44
Jimmy L Edwards,U.S. Senate,,L,Hinds,Precinct 69,2
Brian Flowers,U.S. House,2,R,Hinds,Precinct 69,51
Bennie G Thompson,U.S. House,2,D,Hinds,Precinct 69,690
Joseph R. Biden,President,,D,Hinds,Precinct 70,294
Donald J. Trump,President,,R,Hinds,Precinct 70,13
Don Blankenship,President,,AC,Hinds,Precinct 70,1
Brian Carroll,President,,AS,Hinds,Precinct 70,0
Phil Collins,President,,IND,Hinds,Precinct 70,2
Howie Hawkins,President,,G,Hinds,Precinct 70,0
Jo Jorgensen,President,,L,Hinds,Precinct 70,3
Brock Pierce,President,,IND,Hinds,Precinct 70,1
Kanye West,President,,IND,Hinds,Precinct 70,2
Mike Espy,U.S. Senate,,D,Hinds,Precinct 70,307
Cindy Hyde-Smith,U.S. Senate,,R,Hinds,Precinct 70,11
Jimmy L Edwards,U.S. Senate,,L,Hinds,Precinct 70,3
Brian Flowers,U.S. House,2,R,Hinds,Precinct 70,21
Bennie G Thompson,U.S. House,2,D,Hinds,Precinct 70,301
Joseph R. Biden,President,,D,Hinds,Precinct 71,475
Donald J. Trump,President,,R,Hinds,Precinct 71,47
Don Blankenship,President,,AC,Hinds,Precinct 71,0
Brian Carroll,President,,AS,Hinds,Precinct 71,1
Phil Collins,President,,IND,Hinds,Precinct 71,0
Howie Hawkins,President,,G,Hinds,Precinct 71,0
Jo Jorgensen,President,,L,Hinds,Precinct 71,0
Brock Pierce,President,,IND,Hinds,Precinct 71,1
Kanye West,President,,IND,Hinds,Precinct 71,5
Mike Espy,U.S. Senate,,D,Hinds,Precinct 71,489
Cindy Hyde-Smith,U.S. Senate,,R,Hinds,Precinct 71,38
Jimmy L Edwards,U.S. Senate,,L,Hinds,Precinct 71,3
Brian Flowers,U.S. House,2,R,Hinds,Precinct 71,53
Bennie G Thompson,U.S. House,2,D,Hinds,Precinct 71,480
Joseph R. Biden,President,,D,Hinds,Precinct 72,354
Donald J. Trump,President,,R,Hinds,Precinct 72,18
Don Blankenship,President,,AC,Hinds,Precinct 72,0
Brian Carroll,President,,AS,Hinds,Precinct 72,0
Phil Collins,President,,IND,Hinds,Precinct 72,1
Howie Hawkins,President,,G,Hinds,Precinct 72,1
Jo Jorgensen,President,,L,Hinds,Precinct 72,2
Brock Pierce,President,,IND,Hinds,Precinct 72,0
Kanye West,President,,IND,Hinds,Precinct 72,2
Mike Espy,U.S. Senate,,D,Hinds,Precinct 72,357
Cindy Hyde-Smith,U.S. Senate,,R,Hinds,Precinct 72,16
Jimmy L Edwards,U.S. Senate,,L,Hinds,Precinct 72,5
Brian Flowers,U.S. House,2,R,Hinds,Precinct 72,24
Bennie G Thompson,U.S. House,2,D,Hinds,Precinct 72,357
Joseph R. Biden,President,,D,Hinds,Precinct 73,424
Donald J. Trump,President,,R,Hinds,Precinct 73,29
Don Blankenship,President,,AC,Hinds,Precinct 73,0
Brian Carroll,President,,AS,Hinds,Precinct 73,1
Phil Collins,President,,IND,Hinds,Precinct 73,1
Howie Hawkins,President,,G,Hinds,Precinct 73,0
Jo Jorgensen,President,,L,Hinds,Precinct 73,0
Brock Pierce,President,,IND,Hinds,Precinct 73,2
Kanye West,President,,IND,Hinds,Precinct 73,2
Mike Espy,U.S. Senate,,D,Hinds,Precinct 73,436
Cindy Hyde-Smith,U.S. Senate,,R,Hinds,Precinct 73,19
Jimmy L Edwards,U.S. Senate,,L,Hinds,Precinct 73,4
Brian Flowers,U.S. House,2,R,Hinds,Precinct 73,27
Bennie G Thompson,U.S. House,2,D,Hinds,Precinct 73,431
Joseph R. Biden,President,,D,Hinds,Precinct 74,410
Donald J. Trump,President,,R,Hinds,Precinct 74,41
Don Blankenship,President,,AC,Hinds,Precinct 74,0
Brian Carroll,President,,AS,Hinds,Precinct 74,0
Phil Collins,President,,IND,Hinds,Precinct 74,2
Howie Hawkins,President,,G,Hinds,Precinct 74,0
Jo Jorgensen,President,,L,Hinds,Precinct 74,1
Brock Pierce,President,,IND,Hinds,Precinct 74,1
Kanye West,President,,IND,Hinds,Precinct 74,5
Mike Espy,U.S. Senate,,D,Hinds,Precinct 74,430
Cindy Hyde-Smith,U.S. Senate,,R,Hinds,Precinct 74,31
Jimmy L Edwards,U.S. Senate,,L,Hinds,Precinct 74,2
Brian Flowers,U.S. House,2,R,Hinds,Precinct 74,46
Bennie G Thompson,U.S. House,2,D,Hinds,Precinct 74,420
Joseph R. Biden,President,,D,Hinds,Precinct 76,322
Donald J. Trump,President,,R,Hinds,Precinct 76,58
Don Blankenship,President,,AC,Hinds,Precinct 76,0
Brian Carroll,President,,AS,Hinds,Precinct 76,0
Phil Collins,President,,IND,Hinds,Precinct 76,0
Howie Hawkins,President,,G,Hinds,Precinct 76,1
Jo Jorgensen,President,,L,Hinds,Precinct 76,0
Brock Pierce,President,,IND,Hinds,Precinct 76,0
Kanye West,President,,IND,Hinds,Precinct 76,2
Mike Espy,U.S. Senate,,D,Hinds,Precinct 76,331
Cindy Hyde-Smith,U.S. Senate,,R,Hinds,Precinct 76,50
Jimmy L Edwards,U.S. Senate,,L,Hinds,Precinct 76,6
Brian Flowers,U.S. House,2,R,Hinds,Precinct 76,55
Bennie G Thompson,U.S. House,2,D,Hinds,Precinct 76,331
Joseph R. Biden,President,,D,Hinds,Precinct 77,614
Donald J. Trump,President,,R,Hinds,Precinct 77,144
Don Blankenship,President,,AC,Hinds,Precinct 77,0
Brian Carroll,President,,AS,Hinds,Precinct 77,1
Phil Collins,President,,IND,Hinds,Precinct 77,1
Howie Hawkins,President,,G,Hinds,Precinct 77,0
Jo Jorgensen,President,,L,Hinds,Precinct 77,0
Brock Pierce,President,,IND,Hinds,Precinct 77,0
Kanye West,President,,IND,Hinds,Precinct 77,5
Mike Espy,U.S. Senate,,D,Hinds,Precinct 77,649
Cindy Hyde-Smith,U.S. Senate,,R,Hinds,Precinct 77,117
Jimmy L Edwards,U.S. Senate,,L,Hinds,Precinct 77,3
Brian Flowers,U.S. House,2,R,Hinds,Precinct 77,127
Bennie G Thompson,U.S. House,2,D,Hinds,Precinct 77,648
Joseph R. Biden,President,,D,Hinds,Precinct 78,687
Donald J. Trump,President,,R,Hinds,Precinct 78,379
Don Blankenship,President,,AC,Hinds,Precinct 78,1
Brian Carroll,President,,AS,Hinds,Precinct 78,0
Phil Collins,President,,IND,Hinds,Precinct 78,1
Howie Hawkins,President,,G,Hinds,Precinct 78,2
Jo Jorgensen,President,,L,Hinds,Precinct 78,3
Brock Pierce,President,,IND,Hinds,Precinct 78,0
Kanye West,President,,IND,Hinds,Precinct 78,6
Mike Espy,U.S. Senate,,D,Hinds,Precinct 78,696
Cindy Hyde-Smith,U.S. Senate,,R,Hinds,Precinct 78,373
Jimmy L Edwards,U.S. Senate,,L,Hinds,Precinct 78,9
Dorothy Dot Benford,U.S. House,3,D,Hinds,Precinct 78,630
Michael Guest,U.S. House,3,R,Hinds,Precinct 78,430
Joseph R. Biden,President,,D,Hinds,Precinct 79,1106
Donald J. Trump,President,,R,Hinds,Precinct 79,141
Don Blankenship,President,,AC,Hinds,Precinct 79,3
Brian Carroll,President,,AS,Hinds,Precinct 79,0
Phil Collins,President,,IND,Hinds,Precinct 79,1
Howie Hawkins,President,,G,Hinds,Precinct 79,0
Jo Jorgensen,President,,L,Hinds,Precinct 79,1
Brock Pierce,President,,IND,Hinds,Precinct 79,0
Kanye West,President,,IND,Hinds,Precinct 79,11
Mike Espy,U.S. Senate,,D,Hinds,Precinct 79,1125
Cindy Hyde-Smith,U.S. Senate,,R,Hinds,Precinct 79,126
Jimmy L Edwards,U.S. Senate,,L,Hinds,Precinct 79,8
Brian Flowers,U.S. House,2,R,Hinds,Precinct 79,146
Bennie G Thompson,U.S. House,2,D,Hinds,Precinct 79,1116
Joseph R. Biden,President,,D,Hinds,Precinct 80,1059
Donald J. Trump,President,,R,Hinds,Precinct 80,40
Don Blankenship,President,,AC,Hinds,Precinct 80,1
Brian Carroll,President,,AS,Hinds,Precinct 80,0
Phil Collins,President,,IND,Hinds,Precinct 80,0
Howie Hawkins,President,,G,Hinds,Precinct 80,0
Jo Jorgensen,President,,L,Hinds,Precinct 80,0
Brock Pierce,President,,IND,Hinds,Precinct 80,2
Kanye West,President,,IND,Hinds,Precinct 80,6
Mike Espy,U.S. Senate,,D,Hinds,Precinct 80,1076
Cindy Hyde-Smith,U.S. Senate,,R,Hinds,Precinct 80,30
Jimmy L Edwards,U.S. Senate,,L,Hinds,Precinct 80,5
Brian Flowers,U.S. House,2,R,Hinds,Precinct 80,47
Bennie G Thompson,U.S. House,2,D,Hinds,Precinct 80,1070
Joseph R. Biden,President,,D,Hinds,Precinct 81,1373
Donald J. Trump,President,,R,Hinds,Precinct 81,38
Don Blankenship,President,,AC,Hinds,Precinct 81,0
Brian Carroll,President,,AS,Hinds,Precinct 81,0
Phil Collins,President,,IND,Hinds,Precinct 81,3
Howie Hawkins,President,,G,Hinds,Precinct 81,3
Jo Jorgensen,President,,L,Hinds,Precinct 81,1
Brock Pierce,President,,IND,Hinds,Precinct 81,0
Kanye West,President,,IND,Hinds,Precinct 81,5
Mike Espy,U.S. Senate,,D,Hinds,Precinct 81,1387
Cindy Hyde-Smith,U.S. Senate,,R,Hinds,Precinct 81,28
Jimmy L Edwards,U.S. Senate,,L,Hinds,Precinct 81,4
Brian Flowers,U.S. House,2,R,Hinds,Precinct 81,44
Bennie G Thompson,U.S. House,2,D,Hinds,Precinct 81,1379
Joseph R. Biden,President,,D,Hinds,Precinct 82,876
Donald J. Trump,President,,R,Hinds,Precinct 82,13
Don Blankenship,President,,AC,Hinds,Precinct 82,1
Brian Carroll,President,,AS,Hinds,Precinct 82,0
Phil Collins,President,,IND,Hinds,Precinct 82,0
Howie Hawkins,President,,G,Hinds,Precinct 82,1
Jo Jorgensen,President,,L,Hinds,Precinct 82,1
Brock Pierce,President,,IND,Hinds,Precinct 82,1
Kanye West,President,,IND,Hinds,Precinct 82,6
Mike Espy,U.S. Senate,,D,Hinds,Precinct 82,891
Cindy Hyde-Smith,U.S. Senate,,R,Hinds,Precinct 82,7
Jimmy L Edwards,U.S. Senate,,L,Hinds,Precinct 82,1
Brian Flowers,U.S. House,2,R,Hinds,Precinct 82,20
Bennie G Thompson,U.S. House,2,D,Hinds,Precinct 82,881
Joseph R. Biden,President,,D,Hinds,Precinct 83,1747
Donald J. Trump,President,,R,Hinds,Precinct 83,43
Don Blankenship,President,,AC,Hinds,Precinct 83,0
Brian Carroll,President,,AS,Hinds,Precinct 83,1
Phil Collins,President,,IND,Hinds,Precinct 83,1
Howie Hawkins,President,,G,Hinds,Precinct 83,5
Jo Jorgensen,President,,L,Hinds,Precinct 83,1
Brock Pierce,President,,IND,Hinds,Precinct 83,1
Kanye West,President,,IND,Hinds,Precinct 83,4
Mike Espy,U.S. Senate,,D,Hinds,Precinct 83,1779
Cindy Hyde-Smith,U.S. Senate,,R,Hinds,Precinct 83,26
Jimmy L Edwards,U.S. Senate,,L,Hinds,Precinct 83,2
Brian Flowers,U.S. House,2,R,Hinds,Precinct 83,40
Bennie G Thompson,U.S. House,2,D,Hinds,Precinct 83,1772
Joseph R. Biden,President,,D,Hinds,Precinct 84,162
Donald J. Trump,President,,R,Hinds,Precinct 84,5
Don Blankenship,President,,AC,Hinds,Precinct 84,0
Brian Carroll,President,,AS,Hinds,Precinct 84,0
Phil Collins,President,,IND,Hinds,Precinct 84,0
Howie Hawkins,President,,G,Hinds,Precinct 84,0
Jo Jorgensen,President,,L,Hinds,Precinct 84,1
Brock Pierce,President,,IND,Hinds,Precinct 84,0
Kanye West,President,,IND,Hinds,Precinct 84,0
Mike Espy,U.S. Senate,,D,Hinds,Precinct 84,166
Cindy Hyde-Smith,U.S. Senate,,R,Hinds,Precinct 84,4
Jimmy L Edwards,U.S. Senate,,L,Hinds,Precinct 84,0
Brian Flowers,U.S. House,2,R,Hinds,Precinct 84,6
Bennie G Thompson,U.S. House,2,D,Hinds,Precinct 84,164
Joseph R. Biden,President,,D,Hinds,Precinct 85,1480
Donald J. Trump,President,,R,Hinds,Precinct 85,29
Don Blankenship,President,,AC,Hinds,Precinct 85,1
Brian Carroll,President,,AS,Hinds,Precinct 85,0
Phil Collins,President,,IND,Hinds,Precinct 85,2
Howie Hawkins,President,,G,Hinds,Precinct 85,0
Jo Jorgensen,President,,L,Hinds,Precinct 85,0
Brock Pierce,President,,IND,Hinds,Precinct 85,1
Kanye West,President,,IND,Hinds,Precinct 85,3
Mike Espy,U.S. Senate,,D,Hinds,Precinct 85,1496
Cindy Hyde-Smith,U.S. Senate,,R,Hinds,Precinct 85,18
Jimmy L Edwards,U.S. Senate,,L,Hinds,Precinct 85,4
Brian Flowers,U.S. House,2,R,Hinds,Precinct 85,51
Bennie G Thompson,U.S. House,2,D,Hinds,Precinct 85,1467
Joseph R. Biden,President,,D,Hinds,Precinct 86,781
Donald J. Trump,President,,R,Hinds,Precinct 86,20
Don Blankenship,President,,AC,Hinds,Precinct 86,0
Brian Carroll,President,,AS,Hinds,Precinct 86,0
Phil Collins,President,,IND,Hinds,Precinct 86,3
Howie Hawkins,President,,G,Hinds,Precinct 86,0
Jo Jorgensen,President,,L,Hinds,Precinct 86,2
Brock Pierce,President,,IND,Hinds,Precinct 86,0
Kanye West,President,,IND,Hinds,Precinct 86,3
Mike Espy,U.S. Senate,,D,Hinds,Precinct 86,812
Cindy Hyde-Smith,U.S. Senate,,R,Hinds,Precinct 86,5
Jimmy L Edwards,U.S. Senate,,L,Hinds,Precinct 86,6
Brian Flowers,U.S. House,2,R,Hinds,Precinct 86,24
Bennie G Thompson,U.S. House,2,D,Hinds,Precinct 86,793
Joseph R. Biden,President,,D,Hinds,Precinct 88,842
Donald J. Trump,President,,R,Hinds,Precinct 88,55
Don Blankenship,President,,AC,Hinds,Precinct 88,0
Brian Carroll,President,,AS,Hinds,Precinct 88,0
Phil Collins,President,,IND,Hinds,Precinct 88,0
Howie Hawkins,President,,G,Hinds,Precinct 88,0
Jo Jorgensen,President,,L,Hinds,Precinct 88,2
Brock Pierce,President,,IND,Hinds,Precinct 88,0
Kanye West,President,,IND,Hinds,Precinct 88,7
Mike Espy,U.S. Senate,,D,Hinds,Precinct 88,862
Cindy Hyde-Smith,U.S. Senate,,R,Hinds,Precinct 88,38
Jimmy L Edwards,U.S. Senate,,L,Hinds,Precinct 88,10
Brian Flowers,U.S. House,2,R,Hinds,Precinct 88,48
Bennie G Thompson,U.S. House,2,D,Hinds,Precinct 88,866
Joseph R. Biden,President,,D,Hinds,Precinct 90,1537
Donald J. Trump,President,,R,Hinds,Precinct 90,126
Don Blankenship,President,,AC,Hinds,Precinct 90,0
Brian Carroll,President,,AS,Hinds,Precinct 90,0
Phil Collins,President,,IND,Hinds,Precinct 90,2
Howie Hawkins,President,,G,Hinds,Precinct 90,1
Jo Jorgensen,President,,L,Hinds,Precinct 90,2
Brock Pierce,President,,IND,Hinds,Precinct 90,2
Kanye West,President,,IND,Hinds,Precinct 90,10
Mike Espy,U.S. Senate,,D,Hinds,Precinct 90,1568
Cindy Hyde-Smith,U.S. Senate,,R,Hinds,Precinct 90,99
Jimmy L Edwards,U.S. Senate,,L,Hinds,Precinct 90,12
Brian Flowers,U.S. House,2,R,Hinds,Precinct 90,130
Bennie G Thompson,U.S. House,2,D,Hinds,Precinct 90,1556
Joseph R. Biden,President,,D,Hinds,Precinct 91,1363
Donald J. Trump,President,,R,Hinds,Precinct 91,91
Don Blankenship,President,,AC,Hinds,Precinct 91,0
Brian Carroll,President,,AS,Hinds,Precinct 91,0
Phil Collins,President,,IND,Hinds,Precinct 91,3
Howie Hawkins,President,,G,Hinds,Precinct 91,2
Jo Jorgensen,President,,L,Hinds,Precinct 91,1
Brock Pierce,President,,IND,Hinds,Precinct 91,1
Kanye West,President,,IND,Hinds,Precinct 91,5
Mike Espy,U.S. Senate,,D,Hinds,Precinct 91,1390
Cindy Hyde-Smith,U.S. Senate,,R,Hinds,Precinct 91,76
Jimmy L Edwards,U.S. Senate,,L,Hinds,Precinct 91,5
Brian Flowers,U.S. House,2,R,Hinds,Precinct 91,103
Bennie G Thompson,U.S. House,2,D,Hinds,Precinct 91,1364
Joseph R. Biden,President,,D,Hinds,Precinct 92,1288
Donald J. Trump,President,,R,Hinds,Precinct 92,116
Don Blankenship,President,,AC,Hinds,Precinct 92,1
Brian Carroll,President,,AS,Hinds,Precinct 92,3
Phil Collins,President,,IND,Hinds,Precinct 92,3
Howie Hawkins,President,,G,Hinds,Precinct 92,5
Jo Jorgensen,President,,L,Hinds,Precinct 92,4
Brock Pierce,President,,IND,Hinds,Precinct 92,2
Kanye West,President,,IND,Hinds,Precinct 92,7
Mike Espy,U.S. Senate,,D,Hinds,Precinct 92,1327
Cindy Hyde-Smith,U.S. Senate,,R,Hinds,Precinct 92,90
Jimmy L Edwards,U.S. Senate,,L,Hinds,Precinct 92,10
Brian Flowers,U.S. House,2,R,Hinds,Precinct 92,114
Bennie G Thompson,U.S. House,2,D,Hinds,Precinct 92,1317
Joseph R. Biden,President,,D,Hinds,Precinct 93,668
Donald J. Trump,President,,R,Hinds,Precinct 93,60
Don Blankenship,President,,AC,Hinds,Precinct 93,1
Brian Carroll,President,,AS,Hinds,Precinct 93,0
Phil Collins,President,,IND,Hinds,Precinct 93,1
Howie Hawkins,President,,G,Hinds,Precinct 93,1
Jo Jorgensen,President,,L,Hinds,Precinct 93,1
Brock Pierce,President,,IND,Hinds,Precinct 93,0
Kanye West,President,,IND,Hinds,Precinct 93,4
Mike Espy,U.S. Senate,,D,Hinds,Precinct 93,682
Cindy Hyde-Smith,U.S. Senate,,R,Hinds,Precinct 93,53
Jimmy L Edwards,U.S. Senate,,L,Hinds,Precinct 93,2
Brian Flowers,U.S. House,2,R,Hinds,Precinct 93,64
Bennie G Thompson,U.S. House,2,D,Hinds,Precinct 93,673
Joseph R. Biden,President,,D,Hinds,Precinct 94,1723
Donald J. Trump,President,,R,Hinds,Precinct 94,169
Don Blankenship,President,,AC,Hinds,Precinct 94,1
Brian Carroll,President,,AS,Hinds,Precinct 94,0
Phil Collins,President,,IND,Hinds,Precinct 94,3
Howie Hawkins,President,,G,Hinds,Precinct 94,0
Jo Jorgensen,President,,L,Hinds,Precinct 94,0
Brock Pierce,President,,IND,Hinds,Precinct 94,2
Kanye West,President,,IND,Hinds,Precinct 94,9
Mike Espy,U.S. Senate,,D,Hinds,Precinct 94,1754
Cindy Hyde-Smith,U.S. Senate,,R,Hinds,Precinct 94,133
Jimmy L Edwards,U.S. Senate,,L,Hinds,Precinct 94,12
Brian Flowers,U.S. House,2,R,Hinds,Precinct 94,160
Bennie G Thompson,U.S. House,2,D,Hinds,Precinct 94,1746
Joseph R. Biden,President,,D,Hinds,Precinct 96,1020
Donald J. Trump,President,,R,Hinds,Precinct 96,185
Don Blankenship,President,,AC,Hinds,Precinct 96,0
Brian Carroll,President,,AS,Hinds,Precinct 96,0
Phil Collins,President,,IND,Hinds,Precinct 96,1
Howie Hawkins,President,,G,Hinds,Precinct 96,1
Jo Jorgensen,President,,L,Hinds,Precinct 96,1
Brock Pierce,President,,IND,Hinds,Precinct 96,2
Kanye West,President,,IND,Hinds,Precinct 96,3
Mike Espy,U.S. Senate,,D,Hinds,Precinct 96,1039
Cindy Hyde-Smith,U.S. Senate,,R,Hinds,Precinct 96,164
Jimmy L Edwards,U.S. Senate,,L,Hinds,Precinct 96,11
Brian Flowers,U.S. House,2,R,Hinds,Precinct 96,183
Bennie G Thompson,U.S. House,2,D,Hinds,Precinct 96,1031
Joseph R. Biden,President,,D,Hinds,Raymond 1,647
Donald J. Trump,President,,R,Hinds,Raymond 1,908
Don Blankenship,President,,AC,Hinds,Raymond 1,2
Brian Carroll,President,,AS,Hinds,Raymond 1,0
Phil Collins,President,,IND,Hinds,Raymond 1,2
Howie Hawkins,President,,G,Hinds,Raymond 1,0
Jo Jorgensen,President,,L,Hinds,Raymond 1,9
Brock Pierce,President,,IND,Hinds,Raymond 1,0
Kanye West,President,,IND,Hinds,Raymond 1,3
Mike Espy,U.S. Senate,,D,Hinds,Raymond 1,664
Cindy Hyde-Smith,U.S. Senate,,R,Hinds,Raymond 1,895
Jimmy L Edwards,U.S. Senate,,L,Hinds,Raymond 1,19
Brian Flowers,U.S. House,2,R,Hinds,Raymond 1,929
Bennie G Thompson,U.S. House,2,D,Hinds,Raymond 1,656
Joseph R. Biden,President,,D,Hinds,Raymond 2,726
Donald J. Trump,President,,R,Hinds,Raymond 2,987
Don Blankenship,President,,AC,Hinds,Raymond 2,0
Brian Carroll,President,,AS,Hinds,Raymond 2,1
Phil Collins,President,,IND,Hinds,Raymond 2,2
Howie Hawkins,President,,G,Hinds,Raymond 2,1
Jo Jorgensen,President,,L,Hinds,Raymond 2,4
Brock Pierce,President,,IND,Hinds,Raymond 2,0
Kanye West,President,,IND,Hinds,Raymond 2,3
Mike Espy,U.S. Senate,,D,Hinds,Raymond 2,738
Cindy Hyde-Smith,U.S. Senate,,R,Hinds,Raymond 2,960
Jimmy L Edwards,U.S. Senate,,L,Hinds,Raymond 2,20
Brian Flowers,U.S. House,2,R,Hinds,Raymond 2,988
Bennie G Thompson,U.S. House,2,D,Hinds,Raymond 2,729
Joseph R. Biden,President,,D,Hinds,Springridge,153
Donald J. Trump,President,,R,Hinds,Springridge,864
Don Blankenship,President,,AC,Hinds,Springridge,4
Brian Carroll,President,,AS,Hinds,Springridge,2
Phil Collins,President,,IND,Hinds,Springridge,1
Howie Hawkins,President,,G,Hinds,Springridge,1
Jo Jorgensen,President,,L,Hinds,Springridge,9
Brock Pierce,President,,IND,Hinds,Springridge,3
Kanye West,President,,IND,Hinds,Springridge,9
Mike Espy,U.S. Senate,,D,Hinds,Springridge,1590
Cindy Hyde-Smith,U.S. Senate,,R,Hinds,Springridge,840
Jimmy L Edwards,U.S. Senate,,L,Hinds,Springridge,14
Brian Flowers,U.S. House,2,R,Hinds,Springridge,875
Bennie G Thompson,U.S. House,2,D,Hinds,Springridge,1567
Joseph R. Biden,President,,D,Hinds,St Thomas,308
Donald J. Trump,President,,R,Hinds,St Thomas,24
Don Blankenship,President,,AC,Hinds,St Thomas,0
Brian Carroll,President,,AS,Hinds,St Thomas,0
Phil Collins,President,,IND,Hinds,St Thomas,0
Howie Hawkins,President,,G,Hinds,St Thomas,1
Jo Jorgensen,President,,L,Hinds,St Thomas,0
Brock Pierce,President,,IND,Hinds,St Thomas,1
Kanye West,President,,IND,Hinds,St Thomas,3
Mike Espy,U.S. Senate,,D,Hinds,St Thomas,319
Cindy Hyde-Smith,U.S. Senate,,R,Hinds,St Thomas,17
Jimmy L Edwards,U.S. Senate,,L,Hinds,St Thomas,1
Brian Flowers,U.S. House,2,R,Hinds,St Thomas,24
Bennie G Thompson,U.S. House,2,D,Hinds,St Thomas,315
Joseph R. Biden,President,,D,Hinds,Terry 1,1123
Donald J. Trump,President,,R,Hinds,Terry 1,313
Don Blankenship,President,,AC,Hinds,Terry 1,2
Brian Carroll,President,,AS,Hinds,Terry 1,0
Phil Collins,President,,IND,Hinds,Terry 1,3
Howie Hawkins,President,,G,Hinds,Terry 1,0
Jo Jorgensen,President,,L,Hinds,Terry 1,3
Brock Pierce,President,,IND,Hinds,Terry 1,0
Kanye West,President,,IND,Hinds,Terry 1,5
Mike Espy,U.S. Senate,,D,Hinds,Terry 1,1161
Cindy Hyde-Smith,U.S. Senate,,R,Hinds,Terry 1,275
Jimmy L Edwards,U.S. Senate,,L,Hinds,Terry 1,9
Brian Flowers,U.S. House,2,R,Hinds,Terry 1,294
Bennie G Thompson,U.S. House,2,D,Hinds,Terry 1,1154
Joseph R. Biden,President,,D,Hinds,Terry 2,1128
Donald J. Trump,President,,R,Hinds,Terry 2,1704
Don Blankenship,President,,AC,Hinds,Terry 2,1
Brian Carroll,President,,AS,Hinds,Terry 2,2
Phil Collins,President,,IND,Hinds,Terry 2,0
Howie Hawkins,President,,G,Hinds,Terry 2,4
Jo Jorgensen,President,,L,Hinds,Terry 2,9
Brock Pierce,President,,IND,Hinds,Terry 2,0
Kanye West,President,,IND,Hinds,Terry 2,7
Mike Espy,U.S. Senate,,D,Hinds,Terry 2,1173
Cindy Hyde-Smith,U.S. Senate,,R,Hinds,Terry 2,1635
Jimmy L Edwards,U.S. Senate,,L,Hinds,Terry 2,32
Brian Flowers,U.S. House,2,R,Hinds,Terry 2,1704
Bennie G Thompson,U.S. House,2,D,Hinds,Terry 2,1142
Joseph R. Biden,President,,D,Hinds,Tinnin,284
Donald J. Trump,President,,R,Hinds,Tinnin,657
Don Blankenship,President,,AC,Hinds,Tinnin,0
Brian Carroll,President,,AS,Hinds,Tinnin,5
Phil Collins,President,,IND,Hinds,Tinnin,0
Howie Hawkins,President,,G,Hinds,Tinnin,0
Jo Jorgensen,President,,L,Hinds,Tinnin,6
Brock Pierce,President,,IND,Hinds,Tinnin,0
Kanye West,President,,IND,Hinds,Tinnin,2
Mike Espy,U.S. Senate,,D,Hinds,Tinnin,290
Cindy Hyde-Smith,U.S. Senate,,R,Hinds,Tinnin,631
Jimmy L Edwards,U.S. Senate,,L,Hinds,Tinnin,22
Brian Flowers,U.S. House,2,R,Hinds,Tinnin,661
Bennie G Thompson,U.S. House,2,D,Hinds,Tinnin,280
Joseph R. Biden,President,,D,Hinds,Utica 1,302
Donald J. Trump,President,,R,Hinds,Utica 1,279
Don Blankenship,President,,AC,Hinds,Utica 1,0
Brian Carroll,President,,AS,Hinds,Utica 1,0
Phil Collins,President,,IND,Hinds,Utica 1,0
Howie Hawkins,President,,G,Hinds,Utica 1,0
Jo Jorgensen,President,,L,Hinds,Utica 1,5
Brock Pierce,President,,IND,Hinds,Utica 1,0
Kanye West,President,,IND,Hinds,Utica 1,1
Mike Espy,U.S. Senate,,D,Hinds,Utica 1,314
Cindy Hyde-Smith,U.S. Senate,,R,Hinds,Utica 1,269
Jimmy L Edwards,U.S. Senate,,L,Hinds,Utica 1,4
Brian Flowers,U.S. House,2,R,Hinds,Utica 1,280
Bennie G Thompson,U.S. House,2,D,Hinds,Utica 1,311
Joseph R. Biden,President,,D,Hinds,Utica 2,503
Donald J. Trump,President,,R,Hinds,Utica 2,100
Don Blankenship,President,,AC,Hinds,Utica 2,3
Brian Carroll,President,,AS,Hinds,Utica 2,1
Phil Collins,President,,IND,Hinds,Utica 2,0
Howie Hawkins,President,,G,Hinds,Utica 2,0
Jo Jorgensen,President,,L,Hinds,Utica 2,1
Brock Pierce,President,,IND,Hinds,Utica 2,0
Kanye West,President,,IND,Hinds,Utica 2,1
Mike Espy,U.S. Senate,,D,Hinds,Utica 2,515
Cindy Hyde-Smith,U.S. Senate,,R,Hinds,Utica 2,94
Jimmy L Edwards,U.S. Senate,,L,Hinds,Utica 2,0
Brian Flowers,U.S. House,2,R,Hinds,Utica 2,99
Bennie G Thompson,U.S. House,2,D,Hinds,Utica 2,509
Joseph R. Biden,President,,D,Hinds,TOTAL,73550
Donald J. Trump,President,,R,Hinds,TOTAL,25141
Don Blankenship,President,,AC,Hinds,TOTAL,86
Brian Carroll,President,,AS,Hinds,TOTAL,116
Phil Collins,President,,IND,Hinds,TOTAL,114
Howie Hawkins,President,,G,Hinds,TOTAL,110
Jo Jorgensen,President,,L,Hinds,TOTAL,396
Brock Pierce,President,,IND,Hinds,TOTAL,60
Kanye West,President,,IND,Hinds,TOTAL,422
Mike Espy,U.S. Senate,,D,Hinds,TOTAL,75467
Cindy Hyde-Smith,U.S. Senate,,R,Hinds,TOTAL,23661
Jimmy L Edwards,U.S. Senate,,L,Hinds,TOTAL,910
Brian Flowers,U.S. House,2,R,Hinds,TOTAL,19418
Bennie G Thompson,U.S. House,2,D,Hinds,TOTAL,66151
Dorothy Dot Benford,U.S. House,3,D,Hinds,TOTAL,6740
Michael Guest,U.S. House,3,R,Hinds,TOTAL,7566
