candidate,office,district,party,county,votes,winner
David Baria,U.S. Senate,,DEM,Adams,354,
Jensen Bohren,U.S. Senate,,DEM,Adams,53,
Jerone Garland,U.S. Senate,,DEM,Adams,85,
"Victor G. Maurice, Jr.",U.S. Senate,,DEM,Adams,116,
Omeria Scott,U.S. Senate,,DEM,Adams,970,
Howard Sherman,U.S. Senate,,DEM,Adams,554,
Randy Mack Wadkins,U.S. House,1,DEM,Adams,,
Bennie Thompson,U.S. House,2,DEM,Adams,,
Kevin Michael Aycox,U.S. House,3,DEM,Adams,473,
Michael Ted Evans,U.S. House,3,DEM,Adams,1528,
Jeramey Anderson,U.S. House,4,DEM,Adams,,
David Baria,U.S. Senate,,DEM,Alcorn,182,
Jensen Bohren,U.S. Senate,,DEM,Alcorn,20,
Jerone Garland,U.S. Senate,,DEM,Alcorn,22,
"Victor G. Maurice, Jr.",U.S. Senate,,DEM,Alcorn,11,
Omeria Scott,U.S. Senate,,DEM,Alcorn,25,
Howard Sherman,U.S. Senate,,DEM,Alcorn,106,
Randy Mack Wadkins,U.S. House,1,DEM,Alcorn,294,
Bennie Thompson,U.S. House,2,DEM,Alcorn,,
Kevin Michael Aycox,U.S. House,3,DEM,Alcorn,,
Michael Ted Evans,U.S. House,3,DEM,Alcorn,,
Jeramey Anderson,U.S. House,4,DEM,Alcorn,,
David Baria,U.S. Senate,,DEM,Amite,164,
Jensen Bohren,U.S. Senate,,DEM,Amite,29,
Jerone Garland,U.S. Senate,,DEM,Amite,61,
"Victor G. Maurice, Jr.",U.S. Senate,,DEM,Amite,49,
Omeria Scott,U.S. Senate,,DEM,Amite,135,
Howard Sherman,U.S. Senate,,DEM,Amite,123,
Randy Mack Wadkins,U.S. House,1,DEM,Amite,,
Bennie Thompson,U.S. House,2,DEM,Amite,,
Kevin Michael Aycox,U.S. House,3,DEM,Amite,158,
Michael Ted Evans,U.S. House,3,DEM,Amite,372,
Jeramey Anderson,U.S. House,4,DEM,Amite,,
David Baria,U.S. Senate,,DEM,Attala,127,
Jensen Bohren,U.S. Senate,,DEM,Attala,17,
Jerone Garland,U.S. Senate,,DEM,Attala,428,
"Victor G. Maurice, Jr.",U.S. Senate,,DEM,Attala,20,
Omeria Scott,U.S. Senate,,DEM,Attala,23,
Howard Sherman,U.S. Senate,,DEM,Attala,137,
Randy Mack Wadkins,U.S. House,1,DEM,Attala,,
Bennie Thompson,U.S. House,2,DEM,Attala,739,
Kevin Michael Aycox,U.S. House,3,DEM,Attala,,
Michael Ted Evans,U.S. House,3,DEM,Attala,,
Jeramey Anderson,U.S. House,4,DEM,Attala,,
David Baria,U.S. Senate,,DEM,Benton,59,
Jensen Bohren,U.S. Senate,,DEM,Benton,10,
Jerone Garland,U.S. Senate,,DEM,Benton,11,
"Victor G. Maurice, Jr.",U.S. Senate,,DEM,Benton,15,
Omeria Scott,U.S. Senate,,DEM,Benton,35,
Howard Sherman,U.S. Senate,,DEM,Benton,62,
Randy Mack Wadkins,U.S. House,1,DEM,Benton,152,
Bennie Thompson,U.S. House,2,DEM,Benton,,
Kevin Michael Aycox,U.S. House,3,DEM,Benton,,
Michael Ted Evans,U.S. House,3,DEM,Benton,,
Jeramey Anderson,U.S. House,4,DEM,Benton,,
David Baria,U.S. Senate,,DEM,Bolivar,281,
Jensen Bohren,U.S. Senate,,DEM,Bolivar,41,
Jerone Garland,U.S. Senate,,DEM,Bolivar,40,
"Victor G. Maurice, Jr.",U.S. Senate,,DEM,Bolivar,64,
Omeria Scott,U.S. Senate,,DEM,Bolivar,319,
Howard Sherman,U.S. Senate,,DEM,Bolivar,449,
Randy Mack Wadkins,U.S. House,1,DEM,Bolivar,,
Bennie Thompson,U.S. House,2,DEM,Bolivar,1245,
Kevin Michael Aycox,U.S. House,3,DEM,Bolivar,,
Michael Ted Evans,U.S. House,3,DEM,Bolivar,,
Jeramey Anderson,U.S. House,4,DEM,Bolivar,,
David Baria,U.S. Senate,,DEM,Calhoun,55,
Jensen Bohren,U.S. Senate,,DEM,Calhoun,8,
Jerone Garland,U.S. Senate,,DEM,Calhoun,9,
"Victor G. Maurice, Jr.",U.S. Senate,,DEM,Calhoun,7,
Omeria Scott,U.S. Senate,,DEM,Calhoun,55,
Howard Sherman,U.S. Senate,,DEM,Calhoun,105,
Randy Mack Wadkins,U.S. House,1,DEM,Calhoun,175,
Bennie Thompson,U.S. House,2,DEM,Calhoun,,
Kevin Michael Aycox,U.S. House,3,DEM,Calhoun,,
Michael Ted Evans,U.S. House,3,DEM,Calhoun,,
Jeramey Anderson,U.S. House,4,DEM,Calhoun,,
David Baria,U.S. Senate,,DEM,Carroll,59,
Jensen Bohren,U.S. Senate,,DEM,Carroll,8,
Jerone Garland,U.S. Senate,,DEM,Carroll,16,
"Victor G. Maurice, Jr.",U.S. Senate,,DEM,Carroll,18,
Omeria Scott,U.S. Senate,,DEM,Carroll,69,
Howard Sherman,U.S. Senate,,DEM,Carroll,86,
Randy Mack Wadkins,U.S. House,1,DEM,Carroll,,
Bennie Thompson,U.S. House,2,DEM,Carroll,258,
Kevin Michael Aycox,U.S. House,3,DEM,Carroll,,
Michael Ted Evans,U.S. House,3,DEM,Carroll,,
Jeramey Anderson,U.S. House,4,DEM,Carroll,,
David Baria,U.S. Senate,,DEM,Chickasaw,98,
Jensen Bohren,U.S. Senate,,DEM,Chickasaw,22,
Jerone Garland,U.S. Senate,,DEM,Chickasaw,16,
"Victor G. Maurice, Jr.",U.S. Senate,,DEM,Chickasaw,23,
Omeria Scott,U.S. Senate,,DEM,Chickasaw,176,
Howard Sherman,U.S. Senate,,DEM,Chickasaw,202,
Randy Mack Wadkins,U.S. House,1,DEM,Chickasaw,340,
Bennie Thompson,U.S. House,2,DEM,Chickasaw,,
Kevin Michael Aycox,U.S. House,3,DEM,Chickasaw,,
Michael Ted Evans,U.S. House,3,DEM,Chickasaw,,
Jeramey Anderson,U.S. House,4,DEM,Chickasaw,,
David Baria,U.S. Senate,,DEM,Choctaw,36,
Jensen Bohren,U.S. Senate,,DEM,Choctaw,20,
Jerone Garland,U.S. Senate,,DEM,Choctaw,69,
"Victor G. Maurice, Jr.",U.S. Senate,,DEM,Choctaw,10,
Omeria Scott,U.S. Senate,,DEM,Choctaw,31,
Howard Sherman,U.S. Senate,,DEM,Choctaw,90,
Randy Mack Wadkins,U.S. House,1,DEM,Choctaw,172,
Bennie Thompson,U.S. House,2,DEM,Choctaw,,
Kevin Michael Aycox,U.S. House,3,DEM,Choctaw,,
Michael Ted Evans,U.S. House,3,DEM,Choctaw,,
Jeramey Anderson,U.S. House,4,DEM,Choctaw,,
David Baria,U.S. Senate,,DEM,Claiborne,160,
Jensen Bohren,U.S. Senate,,DEM,Claiborne,21,
Jerone Garland,U.S. Senate,,DEM,Claiborne,29,
"Victor G. Maurice, Jr.",U.S. Senate,,DEM,Claiborne,49,
Omeria Scott,U.S. Senate,,DEM,Claiborne,218,
Howard Sherman,U.S. Senate,,DEM,Claiborne,196,
Randy Mack Wadkins,U.S. House,1,DEM,Claiborne,,
Bennie Thompson,U.S. House,2,DEM,Claiborne,705,
Kevin Michael Aycox,U.S. House,3,DEM,Claiborne,,
Michael Ted Evans,U.S. House,3,DEM,Claiborne,,
Jeramey Anderson,U.S. House,4,DEM,Claiborne,,
David Baria,U.S. Senate,,DEM,Clarke,70,
Jensen Bohren,U.S. Senate,,DEM,Clarke,26,
Jerone Garland,U.S. Senate,,DEM,Clarke,22,
"Victor G. Maurice, Jr.",U.S. Senate,,DEM,Clarke,17,
Omeria Scott,U.S. Senate,,DEM,Clarke,382,
Howard Sherman,U.S. Senate,,DEM,Clarke,177,
Randy Mack Wadkins,U.S. House,1,DEM,Clarke,,
Bennie Thompson,U.S. House,2,DEM,Clarke,,
Kevin Michael Aycox,U.S. House,3,DEM,Clarke,142,
Michael Ted Evans,U.S. House,3,DEM,Clarke,355,
Jeramey Anderson,U.S. House,4,DEM,Clarke,120,
David Baria,U.S. Senate,,DEM,Clay,230,
Jensen Bohren,U.S. Senate,,DEM,Clay,37,
Jerone Garland,U.S. Senate,,DEM,Clay,43,
"Victor G. Maurice, Jr.",U.S. Senate,,DEM,Clay,41,
Omeria Scott,U.S. Senate,,DEM,Clay,159,
Howard Sherman,U.S. Senate,,DEM,Clay,457,
Randy Mack Wadkins,U.S. House,1,DEM,Clay,723,
Bennie Thompson,U.S. House,2,DEM,Clay,,
Kevin Michael Aycox,U.S. House,3,DEM,Clay,,
Michael Ted Evans,U.S. House,3,DEM,Clay,,
Jeramey Anderson,U.S. House,4,DEM,Clay,,
David Baria,U.S. Senate,,DEM,Coahoma,272,
Jensen Bohren,U.S. Senate,,DEM,Coahoma,21,
Jerone Garland,U.S. Senate,,DEM,Coahoma,33,
"Victor G. Maurice, Jr.",U.S. Senate,,DEM,Coahoma,29,
Omeria Scott,U.S. Senate,,DEM,Coahoma,204,
Howard Sherman,U.S. Senate,,DEM,Coahoma,207,
Randy Mack Wadkins,U.S. House,1,DEM,Coahoma,,
Bennie Thompson,U.S. House,2,DEM,Coahoma,753,
Kevin Michael Aycox,U.S. House,3,DEM,Coahoma,,
Michael Ted Evans,U.S. House,3,DEM,Coahoma,,
Jeramey Anderson,U.S. House,4,DEM,Coahoma,,
David Baria,U.S. Senate,,DEM,Copiah,320,
Jensen Bohren,U.S. Senate,,DEM,Copiah,47,
Jerone Garland,U.S. Senate,,DEM,Copiah,47,
"Victor G. Maurice, Jr.",U.S. Senate,,DEM,Copiah,95,
Omeria Scott,U.S. Senate,,DEM,Copiah,137,
Howard Sherman,U.S. Senate,,DEM,Copiah,453,
Randy Mack Wadkins,U.S. House,1,DEM,Copiah,,
Bennie Thompson,U.S. House,2,DEM,Copiah,1130,
Kevin Michael Aycox,U.S. House,3,DEM,Copiah,,
Michael Ted Evans,U.S. House,3,DEM,Copiah,,
Jeramey Anderson,U.S. House,4,DEM,Copiah,,
David Baria,U.S. Senate,,DEM,Covington,113,
Jensen Bohren,U.S. Senate,,DEM,Covington,25,
Jerone Garland,U.S. Senate,,DEM,Covington,29,
"Victor G. Maurice, Jr.",U.S. Senate,,DEM,Covington,40,
Omeria Scott,U.S. Senate,,DEM,Covington,232,
Howard Sherman,U.S. Senate,,DEM,Covington,191,
Randy Mack Wadkins,U.S. House,1,DEM,Covington,,
Bennie Thompson,U.S. House,2,DEM,Covington,,
Kevin Michael Aycox,U.S. House,3,DEM,Covington,152,
Michael Ted Evans,U.S. House,3,DEM,Covington,435,
Jeramey Anderson,U.S. House,4,DEM,Covington,,
David Baria,U.S. Senate,,DEM,Desoto,845,
Jensen Bohren,U.S. Senate,,DEM,Desoto,112,
Jerone Garland,U.S. Senate,,DEM,Desoto,157,
"Victor G. Maurice, Jr.",U.S. Senate,,DEM,Desoto,130,
Omeria Scott,U.S. Senate,,DEM,Desoto,282,
Howard Sherman,U.S. Senate,,DEM,Desoto,686,
Randy Mack Wadkins,U.S. House,1,DEM,Desoto,1978,
Bennie Thompson,U.S. House,2,DEM,Desoto,,
Kevin Michael Aycox,U.S. House,3,DEM,Desoto,,
Michael Ted Evans,U.S. House,3,DEM,Desoto,,
Jeramey Anderson,U.S. House,4,DEM,Desoto,,
David Baria,U.S. Senate,,DEM,Forrest,501,
Jensen Bohren,U.S. Senate,,DEM,Forrest,70,
Jerone Garland,U.S. Senate,,DEM,Forrest,89,
"Victor G. Maurice, Jr.",U.S. Senate,,DEM,Forrest,81,
Omeria Scott,U.S. Senate,,DEM,Forrest,819,
Howard Sherman,U.S. Senate,,DEM,Forrest,477,
Randy Mack Wadkins,U.S. House,1,DEM,Forrest,,
Bennie Thompson,U.S. House,2,DEM,Forrest,,
Kevin Michael Aycox,U.S. House,3,DEM,Forrest,,
Michael Ted Evans,U.S. House,3,DEM,Forrest,,
Jeramey Anderson,U.S. House,4,DEM,Forrest,1760,
David Baria,U.S. Senate,,DEM,Franklin,65,
Jensen Bohren,U.S. Senate,,DEM,Franklin,18,
Jerone Garland,U.S. Senate,,DEM,Franklin,16,
"Victor G. Maurice, Jr.",U.S. Senate,,DEM,Franklin,20,
Omeria Scott,U.S. Senate,,DEM,Franklin,97,
Howard Sherman,U.S. Senate,,DEM,Franklin,70,
Randy Mack Wadkins,U.S. House,1,DEM,Franklin,,
Bennie Thompson,U.S. House,2,DEM,Franklin,,
Kevin Michael Aycox,U.S. House,3,DEM,Franklin,93,
Michael Ted Evans,U.S. House,3,DEM,Franklin,163,
Jeramey Anderson,U.S. House,4,DEM,Franklin,,
David Baria,U.S. Senate,,DEM,George,83,
Jensen Bohren,U.S. Senate,,DEM,George,7,
Jerone Garland,U.S. Senate,,DEM,George,14,
"Victor G. Maurice, Jr.",U.S. Senate,,DEM,George,9,
Omeria Scott,U.S. Senate,,DEM,George,27,
Howard Sherman,U.S. Senate,,DEM,George,39,
Randy Mack Wadkins,U.S. House,1,DEM,George,,
Bennie Thompson,U.S. House,2,DEM,George,,
Kevin Michael Aycox,U.S. House,3,DEM,George,,
Michael Ted Evans,U.S. House,3,DEM,George,,
Jeramey Anderson,U.S. House,4,DEM,George,173,
David Baria,U.S. Senate,,DEM,Greene,33,
Jensen Bohren,U.S. Senate,,DEM,Greene,5,
Jerone Garland,U.S. Senate,,DEM,Greene,3,
"Victor G. Maurice, Jr.",U.S. Senate,,DEM,Greene,13,
Omeria Scott,U.S. Senate,,DEM,Greene,48,
Howard Sherman,U.S. Senate,,DEM,Greene,19,
Randy Mack Wadkins,U.S. House,1,DEM,Greene,,
Bennie Thompson,U.S. House,2,DEM,Greene,,
Kevin Michael Aycox,U.S. House,3,DEM,Greene,,
Michael Ted Evans,U.S. House,3,DEM,Greene,,
Jeramey Anderson,U.S. House,4,DEM,Greene,102,
David Baria,U.S. Senate,,DEM,Grenada,328,
Jensen Bohren,U.S. Senate,,DEM,Grenada,29,
Jerone Garland,U.S. Senate,,DEM,Grenada,27,
"Victor G. Maurice, Jr.",U.S. Senate,,DEM,Grenada,39,
Omeria Scott,U.S. Senate,,DEM,Grenada,143,
Howard Sherman,U.S. Senate,,DEM,Grenada,212,
Randy Mack Wadkins,U.S. House,1,DEM,Grenada,,
Bennie Thompson,U.S. House,2,DEM,Grenada,836,
Kevin Michael Aycox,U.S. House,3,DEM,Grenada,,
Michael Ted Evans,U.S. House,3,DEM,Grenada,,
Jeramey Anderson,U.S. House,4,DEM,Grenada,,
David Baria,U.S. Senate,,DEM,Hancock,1115,
Jensen Bohren,U.S. Senate,,DEM,Hancock,23,
Jerone Garland,U.S. Senate,,DEM,Hancock,13,
"Victor G. Maurice, Jr.",U.S. Senate,,DEM,Hancock,22,
Omeria Scott,U.S. Senate,,DEM,Hancock,29,
Howard Sherman,U.S. Senate,,DEM,Hancock,51,
Randy Mack Wadkins,U.S. House,1,DEM,Hancock,,
Bennie Thompson,U.S. House,2,DEM,Hancock,,
Kevin Michael Aycox,U.S. House,3,DEM,Hancock,,
Michael Ted Evans,U.S. House,3,DEM,Hancock,,
Jeramey Anderson,U.S. House,4,DEM,Hancock,1038,
David Baria,U.S. Senate,,DEM,Harrison,2405,
Jensen Bohren,U.S. Senate,,DEM,Harrison,137,
Jerone Garland,U.S. Senate,,DEM,Harrison,139,
"Victor G. Maurice, Jr.",U.S. Senate,,DEM,Harrison,262,
Omeria Scott,U.S. Senate,,DEM,Harrison,465,
Howard Sherman,U.S. Senate,,DEM,Harrison,1057,
Randy Mack Wadkins,U.S. House,1,DEM,Harrison,,
Bennie Thompson,U.S. House,2,DEM,Harrison,,
Kevin Michael Aycox,U.S. House,3,DEM,Harrison,,
Michael Ted Evans,U.S. House,3,DEM,Harrison,,
Jeramey Anderson,U.S. House,4,DEM,Harrison,3944,
David Baria,U.S. Senate,,DEM,Hinds,5644,
Jensen Bohren,U.S. Senate,,DEM,Hinds,238,
Jerone Garland,U.S. Senate,,DEM,Hinds,470,
"Victor G. Maurice, Jr.",U.S. Senate,,DEM,Hinds,772,
Omeria Scott,U.S. Senate,,DEM,Hinds,2826,
Howard Sherman,U.S. Senate,,DEM,Hinds,4909,
Randy Mack Wadkins,U.S. House,1,DEM,Hinds,,
Bennie Thompson,U.S. House,2,DEM,Hinds,12752,
Kevin Michael Aycox,U.S. House,3,DEM,Hinds,862,
Michael Ted Evans,U.S. House,3,DEM,Hinds,922,
Jeramey Anderson,U.S. House,4,DEM,Hinds,,
David Baria,U.S. Senate,,DEM,Holmes,292,
Jensen Bohren,U.S. Senate,,DEM,Holmes,36,
Jerone Garland,U.S. Senate,,DEM,Holmes,150,
"Victor G. Maurice, Jr.",U.S. Senate,,DEM,Holmes,41,
Omeria Scott,U.S. Senate,,DEM,Holmes,316,
Howard Sherman,U.S. Senate,,DEM,Holmes,368,
Randy Mack Wadkins,U.S. House,1,DEM,Holmes,,
Bennie Thompson,U.S. House,2,DEM,Holmes,1275,
Kevin Michael Aycox,U.S. House,3,DEM,Holmes,,
Michael Ted Evans,U.S. House,3,DEM,Holmes,,
Jeramey Anderson,U.S. House,4,DEM,Holmes,,
David Baria,U.S. Senate,,DEM,Humphreys,156,
Jensen Bohren,U.S. Senate,,DEM,Humphreys,28,
Jerone Garland,U.S. Senate,,DEM,Humphreys,18,
"Victor G. Maurice, Jr.",U.S. Senate,,DEM,Humphreys,29,
Omeria Scott,U.S. Senate,,DEM,Humphreys,59,
Howard Sherman,U.S. Senate,,DEM,Humphreys,169,
Randy Mack Wadkins,U.S. House,1,DEM,Humphreys,,
Bennie Thompson,U.S. House,2,DEM,Humphreys,502,
Kevin Michael Aycox,U.S. House,3,DEM,Humphreys,,
Michael Ted Evans,U.S. House,3,DEM,Humphreys,,
Jeramey Anderson,U.S. House,4,DEM,Humphreys,,
David Baria,U.S. Senate,,DEM,Issaquena,25,
Jensen Bohren,U.S. Senate,,DEM,Issaquena,7,
Jerone Garland,U.S. Senate,,DEM,Issaquena,3,
"Victor G. Maurice, Jr.",U.S. Senate,,DEM,Issaquena,5,
Omeria Scott,U.S. Senate,,DEM,Issaquena,14,
Howard Sherman,U.S. Senate,,DEM,Issaquena,27,
Randy Mack Wadkins,U.S. House,1,DEM,Issaquena,,
Bennie Thompson,U.S. House,2,DEM,Issaquena,85,
Kevin Michael Aycox,U.S. House,3,DEM,Issaquena,,
Michael Ted Evans,U.S. House,3,DEM,Issaquena,,
Jeramey Anderson,U.S. House,4,DEM,Issaquena,,
David Baria,U.S. Senate,,DEM,Itawamba,55,
Jensen Bohren,U.S. Senate,,DEM,Itawamba,17,
Jerone Garland,U.S. Senate,,DEM,Itawamba,14,
"Victor G. Maurice, Jr.",U.S. Senate,,DEM,Itawamba,8,
Omeria Scott,U.S. Senate,,DEM,Itawamba,8,
Howard Sherman,U.S. Senate,,DEM,Itawamba,96,
Randy Mack Wadkins,U.S. House,1,DEM,Itawamba,138,
Bennie Thompson,U.S. House,2,DEM,Itawamba,,
Kevin Michael Aycox,U.S. House,3,DEM,Itawamba,,
Michael Ted Evans,U.S. House,3,DEM,Itawamba,,
Jeramey Anderson,U.S. House,4,DEM,Itawamba,,
David Baria,U.S. Senate,,DEM,Jackson,1551,
Jensen Bohren,U.S. Senate,,DEM,Jackson,107,
Jerone Garland,U.S. Senate,,DEM,Jackson,106,
"Victor G. Maurice, Jr.",U.S. Senate,,DEM,Jackson,133,
Omeria Scott,U.S. Senate,,DEM,Jackson,441,
Howard Sherman,U.S. Senate,,DEM,Jackson,645,
Randy Mack Wadkins,U.S. House,1,DEM,Jackson,,
Bennie Thompson,U.S. House,2,DEM,Jackson,,
Kevin Michael Aycox,U.S. House,3,DEM,Jackson,,
Michael Ted Evans,U.S. House,3,DEM,Jackson,,
Jeramey Anderson,U.S. House,4,DEM,Jackson,2792,
David Baria,U.S. Senate,,DEM,Jasper,81,
Jensen Bohren,U.S. Senate,,DEM,Jasper,28,
Jerone Garland,U.S. Senate,,DEM,Jasper,13,
"Victor G. Maurice, Jr.",U.S. Senate,,DEM,Jasper,15,
Omeria Scott,U.S. Senate,,DEM,Jasper,981,
Howard Sherman,U.S. Senate,,DEM,Jasper,118,
Randy Mack Wadkins,U.S. House,1,DEM,Jasper,,
Bennie Thompson,U.S. House,2,DEM,Jasper,,
Kevin Michael Aycox,U.S. House,3,DEM,Jasper,232,
Michael Ted Evans,U.S. House,3,DEM,Jasper,862,
Jeramey Anderson,U.S. House,4,DEM,Jasper,,
David Baria,U.S. Senate,,DEM,Jefferson,136,
Jensen Bohren,U.S. Senate,,DEM,Jefferson,24,
Jerone Garland,U.S. Senate,,DEM,Jefferson,35,
"Victor G. Maurice, Jr.",U.S. Senate,,DEM,Jefferson,59,
Omeria Scott,U.S. Senate,,DEM,Jefferson,157,
Howard Sherman,U.S. Senate,,DEM,Jefferson,273,
Randy Mack Wadkins,U.S. House,1,DEM,Jefferson,,
Bennie Thompson,U.S. House,2,DEM,Jefferson,717,
Kevin Michael Aycox,U.S. House,3,DEM,Jefferson,,
Michael Ted Evans,U.S. House,3,DEM,Jefferson,,
Jeramey Anderson,U.S. House,4,DEM,Jefferson,,
David Baria,U.S. Senate,,DEM,Jeff Davis,159,
Jensen Bohren,U.S. Senate,,DEM,Jeff Davis,32,
Jerone Garland,U.S. Senate,,DEM,Jeff Davis,49,
"Victor G. Maurice, Jr.",U.S. Senate,,DEM,Jeff Davis,54,
Omeria Scott,U.S. Senate,,DEM,Jeff Davis,276,
Howard Sherman,U.S. Senate,,DEM,Jeff Davis,319,
Randy Mack Wadkins,U.S. House,1,DEM,Jeff Davis,,
Bennie Thompson,U.S. House,2,DEM,Jeff Davis,,
Kevin Michael Aycox,U.S. House,3,DEM,Jeff Davis,152,
Michael Ted Evans,U.S. House,3,DEM,Jeff Davis,709,
Jeramey Anderson,U.S. House,4,DEM,Jeff Davis,,
David Baria,U.S. Senate,,DEM,Jones,112,
Jensen Bohren,U.S. Senate,,DEM,Jones,23,
Jerone Garland,U.S. Senate,,DEM,Jones,21,
"Victor G. Maurice, Jr.",U.S. Senate,,DEM,Jones,9,
Omeria Scott,U.S. Senate,,DEM,Jones,1664,
Howard Sherman,U.S. Senate,,DEM,Jones,198,
Randy Mack Wadkins,U.S. House,1,DEM,Jones,,
Bennie Thompson,U.S. House,2,DEM,Jones,,
Kevin Michael Aycox,U.S. House,3,DEM,Jones,,
Michael Ted Evans,U.S. House,3,DEM,Jones,,
Jeramey Anderson,U.S. House,4,DEM,Jones,1509,
David Baria,U.S. Senate,,DEM,Kemper,211,
Jensen Bohren,U.S. Senate,,DEM,Kemper,37,
Jerone Garland,U.S. Senate,,DEM,Kemper,53,
"Victor G. Maurice, Jr.",U.S. Senate,,DEM,Kemper,36,
Omeria Scott,U.S. Senate,,DEM,Kemper,143,
Howard Sherman,U.S. Senate,,DEM,Kemper,319,
Randy Mack Wadkins,U.S. House,1,DEM,Kemper,,
Bennie Thompson,U.S. House,2,DEM,Kemper,,
Kevin Michael Aycox,U.S. House,3,DEM,Kemper,50,
Michael Ted Evans,U.S. House,3,DEM,Kemper,864,
Jeramey Anderson,U.S. House,4,DEM,Kemper,,
David Baria,U.S. Senate,,DEM,Lafayette,1008,
Jensen Bohren,U.S. Senate,,DEM,Lafayette,58,
Jerone Garland,U.S. Senate,,DEM,Lafayette,56,
"Victor G. Maurice, Jr.",U.S. Senate,,DEM,Lafayette,33,
Omeria Scott,U.S. Senate,,DEM,Lafayette,142,
Howard Sherman,U.S. Senate,,DEM,Lafayette,308,
Randy Mack Wadkins,U.S. House,1,DEM,Lafayette,1429,
Bennie Thompson,U.S. House,2,DEM,Lafayette,,
Kevin Michael Aycox,U.S. House,3,DEM,Lafayette,,
Michael Ted Evans,U.S. House,3,DEM,Lafayette,,
Jeramey Anderson,U.S. House,4,DEM,Lafayette,,
David Baria,U.S. Senate,,DEM,Lamar,256,
Jensen Bohren,U.S. Senate,,DEM,Lamar,28,
Jerone Garland,U.S. Senate,,DEM,Lamar,62,
"Victor G. Maurice, Jr.",U.S. Senate,,DEM,Lamar,38,
Omeria Scott,U.S. Senate,,DEM,Lamar,264,
Howard Sherman,U.S. Senate,,DEM,Lamar,238,
Randy Mack Wadkins,U.S. House,1,DEM,Lamar,,
Bennie Thompson,U.S. House,2,DEM,Lamar,,
Kevin Michael Aycox,U.S. House,3,DEM,Lamar,,
Michael Ted Evans,U.S. House,3,DEM,Lamar,,
Jeramey Anderson,U.S. House,4,DEM,Lamar,808,
David Baria,U.S. Senate,,DEM,Lauderdale,286,
Jensen Bohren,U.S. Senate,,DEM,Lauderdale,37,
Jerone Garland,U.S. Senate,,DEM,Lauderdale,69,
"Victor G. Maurice, Jr.",U.S. Senate,,DEM,Lauderdale,64,
Omeria Scott,U.S. Senate,,DEM,Lauderdale,546,
Howard Sherman,U.S. Senate,,DEM,Lauderdale,1488,
Randy Mack Wadkins,U.S. House,1,DEM,Lauderdale,,
Bennie Thompson,U.S. House,2,DEM,Lauderdale,,
Kevin Michael Aycox,U.S. House,3,DEM,Lauderdale,703,
Michael Ted Evans,U.S. House,3,DEM,Lauderdale,1682,
Jeramey Anderson,U.S. House,4,DEM,Lauderdale,,
David Baria,U.S. Senate,,DEM,Lawrence,99,
Jensen Bohren,U.S. Senate,,DEM,Lawrence,32,
Jerone Garland,U.S. Senate,,DEM,Lawrence,33,
"Victor G. Maurice, Jr.",U.S. Senate,,DEM,Lawrence,46,
Omeria Scott,U.S. Senate,,DEM,Lawrence,83,
Howard Sherman,U.S. Senate,,DEM,Lawrence,261,
Randy Mack Wadkins,U.S. House,1,DEM,Lawrence,,
Bennie Thompson,U.S. House,2,DEM,Lawrence,,
Kevin Michael Aycox,U.S. House,3,DEM,Lawrence,95,
Michael Ted Evans,U.S. House,3,DEM,Lawrence,450,
Jeramey Anderson,U.S. House,4,DEM,Lawrence,,
David Baria,U.S. Senate,,DEM,Leake,121,
Jensen Bohren,U.S. Senate,,DEM,Leake,20,
Jerone Garland,U.S. Senate,,DEM,Leake,60,
"Victor G. Maurice, Jr.",U.S. Senate,,DEM,Leake,44,
Omeria Scott,U.S. Senate,,DEM,Leake,218,
Howard Sherman,U.S. Senate,,DEM,Leake,250,
Randy Mack Wadkins,U.S. House,1,DEM,Leake,,
Bennie Thompson,U.S. House,2,DEM,Leake,746,
Kevin Michael Aycox,U.S. House,3,DEM,Leake,,
Michael Ted Evans,U.S. House,3,DEM,Leake,,
Jeramey Anderson,U.S. House,4,DEM,Leake,,
David Baria,U.S. Senate,,DEM,Lee,690,
Jensen Bohren,U.S. Senate,,DEM,Lee,52,
Jerone Garland,U.S. Senate,,DEM,Lee,54,
"Victor G. Maurice, Jr.",U.S. Senate,,DEM,Lee,63,
Omeria Scott,U.S. Senate,,DEM,Lee,132,
Howard Sherman,U.S. Senate,,DEM,Lee,577,
Randy Mack Wadkins,U.S. House,1,DEM,Lee,1396,
Bennie Thompson,U.S. House,2,DEM,Lee,,
Kevin Michael Aycox,U.S. House,3,DEM,Lee,,
Michael Ted Evans,U.S. House,3,DEM,Lee,,
Jeramey Anderson,U.S. House,4,DEM,Lee,,
David Baria,U.S. Senate,,DEM,Leflore,123,
Jensen Bohren,U.S. Senate,,DEM,Leflore,13,
Jerone Garland,U.S. Senate,,DEM,Leflore,32,
"Victor G. Maurice, Jr.",U.S. Senate,,DEM,Leflore,29,
Omeria Scott,U.S. Senate,,DEM,Leflore,224,
Howard Sherman,U.S. Senate,,DEM,Leflore,178,
Randy Mack Wadkins,U.S. House,1,DEM,Leflore,,
Bennie Thompson,U.S. House,2,DEM,Leflore,600,
Kevin Michael Aycox,U.S. House,3,DEM,Leflore,,
Michael Ted Evans,U.S. House,3,DEM,Leflore,,
Jeramey Anderson,U.S. House,4,DEM,Leflore,,
David Baria,U.S. Senate,,DEM,Lincoln,173,
Jensen Bohren,U.S. Senate,,DEM,Lincoln,37,
Jerone Garland,U.S. Senate,,DEM,Lincoln,62,
"Victor G. Maurice, Jr.",U.S. Senate,,DEM,Lincoln,85,
Omeria Scott,U.S. Senate,,DEM,Lincoln,130,
Howard Sherman,U.S. Senate,,DEM,Lincoln,342,
Randy Mack Wadkins,U.S. House,1,DEM,Lincoln,,
Bennie Thompson,U.S. House,2,DEM,Lincoln,,
Kevin Michael Aycox,U.S. House,3,DEM,Lincoln,287,
Michael Ted Evans,U.S. House,3,DEM,Lincoln,531,
Jeramey Anderson,U.S. House,4,DEM,Lincoln,,
David Baria,U.S. Senate,,DEM,Lowndes,339,
Jensen Bohren,U.S. Senate,,DEM,Lowndes,40,
Jerone Garland,U.S. Senate,,DEM,Lowndes,61,
"Victor G. Maurice, Jr.",U.S. Senate,,DEM,Lowndes,59,
Omeria Scott,U.S. Senate,,DEM,Lowndes,298,
Howard Sherman,U.S. Senate,,DEM,Lowndes,741,
Randy Mack Wadkins,U.S. House,1,DEM,Lowndes,1148,
Bennie Thompson,U.S. House,2,DEM,Lowndes,,
Kevin Michael Aycox,U.S. House,3,DEM,Lowndes,,
Michael Ted Evans,U.S. House,3,DEM,Lowndes,,
Jeramey Anderson,U.S. House,4,DEM,Lowndes,,
David Baria,U.S. Senate,,DEM,Madison,1231,
Jensen Bohren,U.S. Senate,,DEM,Madison,96,
Jerone Garland,U.S. Senate,,DEM,Madison,177,
"Victor G. Maurice, Jr.",U.S. Senate,,DEM,Madison,195,
Omeria Scott,U.S. Senate,,DEM,Madison,702,
Howard Sherman,U.S. Senate,,DEM,Madison,1309,
Randy Mack Wadkins,U.S. House,1,DEM,Madison,,
Bennie Thompson,U.S. House,2,DEM,Madison,1510,
Kevin Michael Aycox,U.S. House,3,DEM,Madison,982,
Michael Ted Evans,U.S. House,3,DEM,Madison,1193,
Jeramey Anderson,U.S. House,4,DEM,Madison,,
David Baria,U.S. Senate,,DEM,Marion,127,
Jensen Bohren,U.S. Senate,,DEM,Marion,33,
Jerone Garland,U.S. Senate,,DEM,Marion,55,
"Victor G. Maurice, Jr.",U.S. Senate,,DEM,Marion,51,
Omeria Scott,U.S. Senate,,DEM,Marion,421,
Howard Sherman,U.S. Senate,,DEM,Marion,142,
Randy Mack Wadkins,U.S. House,1,DEM,Marion,,
Bennie Thompson,U.S. House,2,DEM,Marion,,
Kevin Michael Aycox,U.S. House,3,DEM,Marion,,
Michael Ted Evans,U.S. House,3,DEM,Marion,,
Jeramey Anderson,U.S. House,4,DEM,Marion,721,
David Baria,U.S. Senate,,DEM,Marshall,305,
Jensen Bohren,U.S. Senate,,DEM,Marshall,58,
Jerone Garland,U.S. Senate,,DEM,Marshall,60,
"Victor G. Maurice, Jr.",U.S. Senate,,DEM,Marshall,60,
Omeria Scott,U.S. Senate,,DEM,Marshall,500,
Howard Sherman,U.S. Senate,,DEM,Marshall,269,
Randy Mack Wadkins,U.S. House,1,DEM,Marshall,812,
Bennie Thompson,U.S. House,2,DEM,Marshall,,
Kevin Michael Aycox,U.S. House,3,DEM,Marshall,,
Michael Ted Evans,U.S. House,3,DEM,Marshall,,
Jeramey Anderson,U.S. House,4,DEM,Marshall,,
David Baria,U.S. Senate,,DEM,Monroe,153,
Jensen Bohren,U.S. Senate,,DEM,Monroe,31,
Jerone Garland,U.S. Senate,,DEM,Monroe,33,
"Victor G. Maurice, Jr.",U.S. Senate,,DEM,Monroe,32,
Omeria Scott,U.S. Senate,,DEM,Monroe,143,
Howard Sherman,U.S. Senate,,DEM,Monroe,322,
Randy Mack Wadkins,U.S. House,1,DEM,Monroe,521,
Bennie Thompson,U.S. House,2,DEM,Monroe,,
Kevin Michael Aycox,U.S. House,3,DEM,Monroe,,
Michael Ted Evans,U.S. House,3,DEM,Monroe,,
Jeramey Anderson,U.S. House,4,DEM,Monroe,,
David Baria,U.S. Senate,,DEM,Montgomery,105,
Jensen Bohren,U.S. Senate,,DEM,Montgomery,36,
Jerone Garland,U.S. Senate,,DEM,Montgomery,42,
"Victor G. Maurice, Jr.",U.S. Senate,,DEM,Montgomery,47,
Omeria Scott,U.S. Senate,,DEM,Montgomery,57,
Howard Sherman,U.S. Senate,,DEM,Montgomery,151,
Randy Mack Wadkins,U.S. House,1,DEM,Montgomery,,
Bennie Thompson,U.S. House,2,DEM,Montgomery,473,
Kevin Michael Aycox,U.S. House,3,DEM,Montgomery,,
Michael Ted Evans,U.S. House,3,DEM,Montgomery,,
Jeramey Anderson,U.S. House,4,DEM,Montgomery,,
David Baria,U.S. Senate,,DEM,Newton,120,
Jensen Bohren,U.S. Senate,,DEM,Newton,16,
Jerone Garland,U.S. Senate,,DEM,Newton,31,
"Victor G. Maurice, Jr.",U.S. Senate,,DEM,Newton,32,
Omeria Scott,U.S. Senate,,DEM,Newton,138,
Howard Sherman,U.S. Senate,,DEM,Newton,318,
Randy Mack Wadkins,U.S. House,1,DEM,Newton,,
Bennie Thompson,U.S. House,2,DEM,Newton,,
Kevin Michael Aycox,U.S. House,3,DEM,Newton,285,
Michael Ted Evans,U.S. House,3,DEM,Newton,382,
Jeramey Anderson,U.S. House,4,DEM,Newton,,
David Baria,U.S. Senate,,DEM,Neshoba,110,
Jensen Bohren,U.S. Senate,,DEM,Neshoba,37,
Jerone Garland,U.S. Senate,,DEM,Neshoba,45,
"Victor G. Maurice, Jr.",U.S. Senate,,DEM,Neshoba,27,
Omeria Scott,U.S. Senate,,DEM,Neshoba,75,
Howard Sherman,U.S. Senate,,DEM,Neshoba,330,
Randy Mack Wadkins,U.S. House,1,DEM,Neshoba,,
Bennie Thompson,U.S. House,2,DEM,Neshoba,,
Kevin Michael Aycox,U.S. House,3,DEM,Neshoba,76,
Michael Ted Evans,U.S. House,3,DEM,Neshoba,596,
Jeramey Anderson,U.S. House,4,DEM,Neshoba,,
David Baria,U.S. Senate,,DEM,Noxubee,56,
Jensen Bohren,U.S. Senate,,DEM,Noxubee,12,
Jerone Garland,U.S. Senate,,DEM,Noxubee,18,
"Victor G. Maurice, Jr.",U.S. Senate,,DEM,Noxubee,16,
Omeria Scott,U.S. Senate,,DEM,Noxubee,142,
Howard Sherman,U.S. Senate,,DEM,Noxubee,275,
Randy Mack Wadkins,U.S. House,1,DEM,Noxubee,,
Bennie Thompson,U.S. House,2,DEM,Noxubee,,
Kevin Michael Aycox,U.S. House,3,DEM,Noxubee,72,
Michael Ted Evans,U.S. House,3,DEM,Noxubee,424,
Jeramey Anderson,U.S. House,4,DEM,Noxubee,,
David Baria,U.S. Senate,,DEM,Oktibbeha,568,
Jensen Bohren,U.S. Senate,,DEM,Oktibbeha,59,
Jerone Garland,U.S. Senate,,DEM,Oktibbeha,44,
"Victor G. Maurice, Jr.",U.S. Senate,,DEM,Oktibbeha,70,
Omeria Scott,U.S. Senate,,DEM,Oktibbeha,394,
Howard Sherman,U.S. Senate,,DEM,Oktibbeha,485,
Randy Mack Wadkins,U.S. House,1,DEM,Oktibbeha,87,
Bennie Thompson,U.S. House,2,DEM,Oktibbeha,,
Kevin Michael Aycox,U.S. House,3,DEM,Oktibbeha,424,
Michael Ted Evans,U.S. House,3,DEM,Oktibbeha,880,
Jeramey Anderson,U.S. House,4,DEM,Oktibbeha,,
David Baria,U.S. Senate,,DEM,Panola,294,
Jensen Bohren,U.S. Senate,,DEM,Panola,49,
Jerone Garland,U.S. Senate,,DEM,Panola,33,
"Victor G. Maurice, Jr.",U.S. Senate,,DEM,Panola,44,
Omeria Scott,U.S. Senate,,DEM,Panola,218,
Howard Sherman,U.S. Senate,,DEM,Panola,263,
Randy Mack Wadkins,U.S. House,1,DEM,Panola,,
Bennie Thompson,U.S. House,2,DEM,Panola,905,
Kevin Michael Aycox,U.S. House,3,DEM,Panola,,
Michael Ted Evans,U.S. House,3,DEM,Panola,,
Jeramey Anderson,U.S. House,4,DEM,Panola,,
David Baria,U.S. Senate,,DEM,Pearl River,158,
Jensen Bohren,U.S. Senate,,DEM,Pearl River,21,
Jerone Garland,U.S. Senate,,DEM,Pearl River,26,
"Victor G. Maurice, Jr.",U.S. Senate,,DEM,Pearl River,15,
Omeria Scott,U.S. Senate,,DEM,Pearl River,192,
Howard Sherman,U.S. Senate,,DEM,Pearl River,71,
Randy Mack Wadkins,U.S. House,1,DEM,Pearl River,,
Bennie Thompson,U.S. House,2,DEM,Pearl River,,
Kevin Michael Aycox,U.S. House,3,DEM,Pearl River,,
Michael Ted Evans,U.S. House,3,DEM,Pearl River,,
Jeramey Anderson,U.S. House,4,DEM,Pearl River,420,
David Baria,U.S. Senate,,DEM,Perry,46,
Jensen Bohren,U.S. Senate,,DEM,Perry,15,
Jerone Garland,U.S. Senate,,DEM,Perry,16,
"Victor G. Maurice, Jr.",U.S. Senate,,DEM,Perry,15,
Omeria Scott,U.S. Senate,,DEM,Perry,70,
Howard Sherman,U.S. Senate,,DEM,Perry,64,
Randy Mack Wadkins,U.S. House,1,DEM,Perry,,
Bennie Thompson,U.S. House,2,DEM,Perry,,
Kevin Michael Aycox,U.S. House,3,DEM,Perry,,
Michael Ted Evans,U.S. House,3,DEM,Perry,,
Jeramey Anderson,U.S. House,4,DEM,Perry,179,
David Baria,U.S. Senate,,DEM,Pike,244,
Jensen Bohren,U.S. Senate,,DEM,Pike,51,
Jerone Garland,U.S. Senate,,DEM,Pike,78,
"Victor G. Maurice, Jr.",U.S. Senate,,DEM,Pike,98,
Omeria Scott,U.S. Senate,,DEM,Pike,427,
Howard Sherman,U.S. Senate,,DEM,Pike,461,
Randy Mack Wadkins,U.S. House,1,DEM,Pike,,
Bennie Thompson,U.S. House,2,DEM,Pike,,
Kevin Michael Aycox,U.S. House,3,DEM,Pike,441,
Michael Ted Evans,U.S. House,3,DEM,Pike,899,
Jeramey Anderson,U.S. House,4,DEM,Pike,,
David Baria,U.S. Senate,,DEM,Pontotoc,89,
Jensen Bohren,U.S. Senate,,DEM,Pontotoc,14,
Jerone Garland,U.S. Senate,,DEM,Pontotoc,16,
"Victor G. Maurice, Jr.",U.S. Senate,,DEM,Pontotoc,15,
Omeria Scott,U.S. Senate,,DEM,Pontotoc,30,
Howard Sherman,U.S. Senate,,DEM,Pontotoc,192,
Randy Mack Wadkins,U.S. House,1,DEM,Pontotoc,277,
Bennie Thompson,U.S. House,2,DEM,Pontotoc,,
Kevin Michael Aycox,U.S. House,3,DEM,Pontotoc,,
Michael Ted Evans,U.S. House,3,DEM,Pontotoc,,
Jeramey Anderson,U.S. House,4,DEM,Pontotoc,,
David Baria,U.S. Senate,,DEM,Prentiss,141,
Jensen Bohren,U.S. Senate,,DEM,Prentiss,11,
Jerone Garland,U.S. Senate,,DEM,Prentiss,13,
"Victor G. Maurice, Jr.",U.S. Senate,,DEM,Prentiss,13,
Omeria Scott,U.S. Senate,,DEM,Prentiss,24,
Howard Sherman,U.S. Senate,,DEM,Prentiss,185,
Randy Mack Wadkins,U.S. House,1,DEM,Prentiss,304,
Bennie Thompson,U.S. House,2,DEM,Prentiss,,
Kevin Michael Aycox,U.S. House,3,DEM,Prentiss,,
Michael Ted Evans,U.S. House,3,DEM,Prentiss,,
Jeramey Anderson,U.S. House,4,DEM,Prentiss,,
David Baria,U.S. Senate,,DEM,Quitman,157,
Jensen Bohren,U.S. Senate,,DEM,Quitman,13,
Jerone Garland,U.S. Senate,,DEM,Quitman,15,
"Victor G. Maurice, Jr.",U.S. Senate,,DEM,Quitman,24,
Omeria Scott,U.S. Senate,,DEM,Quitman,33,
Howard Sherman,U.S. Senate,,DEM,Quitman,78,
Randy Mack Wadkins,U.S. House,1,DEM,Quitman,,
Bennie Thompson,U.S. House,2,DEM,Quitman,333,
Kevin Michael Aycox,U.S. House,3,DEM,Quitman,,
Michael Ted Evans,U.S. House,3,DEM,Quitman,,
Jeramey Anderson,U.S. House,4,DEM,Quitman,,
David Baria,U.S. Senate,,DEM,Rankin,1021,
Jensen Bohren,U.S. Senate,,DEM,Rankin,100,
Jerone Garland,U.S. Senate,,DEM,Rankin,116,
"Victor G. Maurice, Jr.",U.S. Senate,,DEM,Rankin,161,
Omeria Scott,U.S. Senate,,DEM,Rankin,368,
Howard Sherman,U.S. Senate,,DEM,Rankin,998,
Randy Mack Wadkins,U.S. House,1,DEM,Rankin,,
Bennie Thompson,U.S. House,2,DEM,Rankin,,
Kevin Michael Aycox,U.S. House,3,DEM,Rankin,1207,
Michael Ted Evans,U.S. House,3,DEM,Rankin,1496,
Jeramey Anderson,U.S. House,4,DEM,Rankin,,
David Baria,U.S. Senate,,DEM,Scott,154,
Jensen Bohren,U.S. Senate,,DEM,Scott,32,
Jerone Garland,U.S. Senate,,DEM,Scott,42,
"Victor G. Maurice, Jr.",U.S. Senate,,DEM,Scott,72,
Omeria Scott,U.S. Senate,,DEM,Scott,257,
Howard Sherman,U.S. Senate,,DEM,Scott,331,
Randy Mack Wadkins,U.S. House,1,DEM,Scott,,
Bennie Thompson,U.S. House,2,DEM,Scott,,
Kevin Michael Aycox,U.S. House,3,DEM,Scott,162,
Michael Ted Evans,U.S. House,3,DEM,Scott,704,
Jeramey Anderson,U.S. House,4,DEM,Scott,,
David Baria,U.S. Senate,,DEM,Sharkey,38,
Jensen Bohren,U.S. Senate,,DEM,Sharkey,8,
Jerone Garland,U.S. Senate,,DEM,Sharkey,11,
"Victor G. Maurice, Jr.",U.S. Senate,,DEM,Sharkey,22,
Omeria Scott,U.S. Senate,,DEM,Sharkey,48,
Howard Sherman,U.S. Senate,,DEM,Sharkey,109,
Randy Mack Wadkins,U.S. House,1,DEM,Sharkey,,
Bennie Thompson,U.S. House,2,DEM,Sharkey,288,
Kevin Michael Aycox,U.S. House,3,DEM,Sharkey,,
Michael Ted Evans,U.S. House,3,DEM,Sharkey,,
Jeramey Anderson,U.S. House,4,DEM,Sharkey,,
David Baria,U.S. Senate,,DEM,Simpson,151,
Jensen Bohren,U.S. Senate,,DEM,Simpson,32,
Jerone Garland,U.S. Senate,,DEM,Simpson,46,
"Victor G. Maurice, Jr.",U.S. Senate,,DEM,Simpson,56,
Omeria Scott,U.S. Senate,,DEM,Simpson,244,
Howard Sherman,U.S. Senate,,DEM,Simpson,334,
Randy Mack Wadkins,U.S. House,1,DEM,Simpson,,
Bennie Thompson,U.S. House,2,DEM,Simpson,,
Kevin Michael Aycox,U.S. House,3,DEM,Simpson,166,
Michael Ted Evans,U.S. House,3,DEM,Simpson,646,
Jeramey Anderson,U.S. House,4,DEM,Simpson,,
David Baria,U.S. Senate,,DEM,Smith,60,
Jensen Bohren,U.S. Senate,,DEM,Smith,14,
Jerone Garland,U.S. Senate,,DEM,Smith,13,
"Victor G. Maurice, Jr.",U.S. Senate,,DEM,Smith,13,
Omeria Scott,U.S. Senate,,DEM,Smith,179,
Howard Sherman,U.S. Senate,,DEM,Smith,142,
Randy Mack Wadkins,U.S. House,1,DEM,Smith,,
Bennie Thompson,U.S. House,2,DEM,Smith,,
Kevin Michael Aycox,U.S. House,3,DEM,Smith,108,
Michael Ted Evans,U.S. House,3,DEM,Smith,293,
Jeramey Anderson,U.S. House,4,DEM,Smith,,
David Baria,U.S. Senate,,DEM,Stone,104,
Jensen Bohren,U.S. Senate,,DEM,Stone,10,
Jerone Garland,U.S. Senate,,DEM,Stone,22,
"Victor G. Maurice, Jr.",U.S. Senate,,DEM,Stone,13,
Omeria Scott,U.S. Senate,,DEM,Stone,53,
Howard Sherman,U.S. Senate,,DEM,Stone,73,
Randy Mack Wadkins,U.S. House,1,DEM,Stone,,
Bennie Thompson,U.S. House,2,DEM,Stone,,
Kevin Michael Aycox,U.S. House,3,DEM,Stone,,
Michael Ted Evans,U.S. House,3,DEM,Stone,,
Jeramey Anderson,U.S. House,4,DEM,Stone,244,
David Baria,U.S. Senate,,DEM,Sunflower,139,
Jensen Bohren,U.S. Senate,,DEM,Sunflower,26,
Jerone Garland,U.S. Senate,,DEM,Sunflower,32,
"Victor G. Maurice, Jr.",U.S. Senate,,DEM,Sunflower,42,
Omeria Scott,U.S. Senate,,DEM,Sunflower,260,
Howard Sherman,U.S. Senate,,DEM,Sunflower,248,
Randy Mack Wadkins,U.S. House,1,DEM,Sunflower,,
Bennie Thompson,U.S. House,2,DEM,Sunflower,757,
Kevin Michael Aycox,U.S. House,3,DEM,Sunflower,,
Michael Ted Evans,U.S. House,3,DEM,Sunflower,,
Jeramey Anderson,U.S. House,4,DEM,Sunflower,,
David Baria,U.S. Senate,,DEM,Tallahatchie,116,
Jensen Bohren,U.S. Senate,,DEM,Tallahatchie,22,
Jerone Garland,U.S. Senate,,DEM,Tallahatchie,35,
"Victor G. Maurice, Jr.",U.S. Senate,,DEM,Tallahatchie,33,
Omeria Scott,U.S. Senate,,DEM,Tallahatchie,107,
Howard Sherman,U.S. Senate,,DEM,Tallahatchie,248,
Randy Mack Wadkins,U.S. House,1,DEM,Tallahatchie,,
Bennie Thompson,U.S. House,2,DEM,Tallahatchie,552,
Kevin Michael Aycox,U.S. House,3,DEM,Tallahatchie,,
Michael Ted Evans,U.S. House,3,DEM,Tallahatchie,,
Jeramey Anderson,U.S. House,4,DEM,Tallahatchie,,
David Baria,U.S. Senate,,DEM,Tate,172,
Jensen Bohren,U.S. Senate,,DEM,Tate,32,
Jerone Garland,U.S. Senate,,DEM,Tate,47,
"Victor G. Maurice, Jr.",U.S. Senate,,DEM,Tate,26,
Omeria Scott,U.S. Senate,,DEM,Tate,87,
Howard Sherman,U.S. Senate,,DEM,Tate,178,
Randy Mack Wadkins,U.S. House,1,DEM,Tate,405,
Bennie Thompson,U.S. House,2,DEM,Tate,,
Kevin Michael Aycox,U.S. House,3,DEM,Tate,,
Michael Ted Evans,U.S. House,3,DEM,Tate,,
Jeramey Anderson,U.S. House,4,DEM,Tate,,
David Baria,U.S. Senate,,DEM,Tippah,82,
Jensen Bohren,U.S. Senate,,DEM,Tippah,7,
Jerone Garland,U.S. Senate,,DEM,Tippah,10,
"Victor G. Maurice, Jr.",U.S. Senate,,DEM,Tippah,9,
Omeria Scott,U.S. Senate,,DEM,Tippah,14,
Howard Sherman,U.S. Senate,,DEM,Tippah,68,
Randy Mack Wadkins,U.S. House,1,DEM,Tippah,159,
Bennie Thompson,U.S. House,2,DEM,Tippah,,
Kevin Michael Aycox,U.S. House,3,DEM,Tippah,,
Michael Ted Evans,U.S. House,3,DEM,Tippah,,
Jeramey Anderson,U.S. House,4,DEM,Tippah,,
David Baria,U.S. Senate,,DEM,Tishomingo,98,
Jensen Bohren,U.S. Senate,,DEM,Tishomingo,20,
Jerone Garland,U.S. Senate,,DEM,Tishomingo,20,
"Victor G. Maurice, Jr.",U.S. Senate,,DEM,Tishomingo,10,
Omeria Scott,U.S. Senate,,DEM,Tishomingo,11,
Howard Sherman,U.S. Senate,,DEM,Tishomingo,92,
Randy Mack Wadkins,U.S. House,1,DEM,Tishomingo,225,
Bennie Thompson,U.S. House,2,DEM,Tishomingo,,
Kevin Michael Aycox,U.S. House,3,DEM,Tishomingo,,
Michael Ted Evans,U.S. House,3,DEM,Tishomingo,,
Jeramey Anderson,U.S. House,4,DEM,Tishomingo,,
David Baria,U.S. Senate,,DEM,Tunica,92,
Jensen Bohren,U.S. Senate,,DEM,Tunica,18,
Jerone Garland,U.S. Senate,,DEM,Tunica,23,
"Victor G. Maurice, Jr.",U.S. Senate,,DEM,Tunica,13,
Omeria Scott,U.S. Senate,,DEM,Tunica,32,
Howard Sherman,U.S. Senate,,DEM,Tunica,68,
Randy Mack Wadkins,U.S. House,1,DEM,Tunica,,
Bennie Thompson,U.S. House,2,DEM,Tunica,269,
Kevin Michael Aycox,U.S. House,3,DEM,Tunica,,
Michael Ted Evans,U.S. House,3,DEM,Tunica,,
Jeramey Anderson,U.S. House,4,DEM,Tunica,,
David Baria,U.S. Senate,,DEM,Union,95,
Jensen Bohren,U.S. Senate,,DEM,Union,22,
Jerone Garland,U.S. Senate,,DEM,Union,10,
"Victor G. Maurice, Jr.",U.S. Senate,,DEM,Union,12,
Omeria Scott,U.S. Senate,,DEM,Union,39,
Howard Sherman,U.S. Senate,,DEM,Union,135,
Randy Mack Wadkins,U.S. House,1,DEM,Union,247,
Bennie Thompson,U.S. House,2,DEM,Union,,
Kevin Michael Aycox,U.S. House,3,DEM,Union,,
Michael Ted Evans,U.S. House,3,DEM,Union,,
Jeramey Anderson,U.S. House,4,DEM,Union,,
David Baria,U.S. Senate,,DEM,Walthall,84,
Jensen Bohren,U.S. Senate,,DEM,Walthall,22,
Jerone Garland,U.S. Senate,,DEM,Walthall,30,
"Victor G. Maurice, Jr.",U.S. Senate,,DEM,Walthall,34,
Omeria Scott,U.S. Senate,,DEM,Walthall,143,
Howard Sherman,U.S. Senate,,DEM,Walthall,156,
Randy Mack Wadkins,U.S. House,1,DEM,Walthall,,
Bennie Thompson,U.S. House,2,DEM,Walthall,,
Kevin Michael Aycox,U.S. House,3,DEM,Walthall,106,
Michael Ted Evans,U.S. House,3,DEM,Walthall,334,
Jeramey Anderson,U.S. House,4,DEM,Walthall,,
David Baria,U.S. Senate,,DEM,Warren,385,
Jensen Bohren,U.S. Senate,,DEM,Warren,46,
Jerone Garland,U.S. Senate,,DEM,Warren,46,
"Victor G. Maurice, Jr.",U.S. Senate,,DEM,Warren,82,
Omeria Scott,U.S. Senate,,DEM,Warren,524,
Howard Sherman,U.S. Senate,,DEM,Warren,568,
Randy Mack Wadkins,U.S. House,1,DEM,Warren,,
Bennie Thompson,U.S. House,2,DEM,Warren,1640,
Kevin Michael Aycox,U.S. House,3,DEM,Warren,,
Michael Ted Evans,U.S. House,3,DEM,Warren,,
Jeramey Anderson,U.S. House,4,DEM,Warren,,
David Baria,U.S. Senate,,DEM,Washington,409,
Jensen Bohren,U.S. Senate,,DEM,Washington,37,
Jerone Garland,U.S. Senate,,DEM,Washington,31,
"Victor G. Maurice, Jr.",U.S. Senate,,DEM,Washington,52,
Omeria Scott,U.S. Senate,,DEM,Washington,202,
Howard Sherman,U.S. Senate,,DEM,Washington,274,
Randy Mack Wadkins,U.S. House,1,DEM,Washington,,
Bennie Thompson,U.S. House,2,DEM,Washington,1021,
Kevin Michael Aycox,U.S. House,3,DEM,Washington,,
Michael Ted Evans,U.S. House,3,DEM,Washington,,
Jeramey Anderson,U.S. House,4,DEM,Washington,,
David Baria,U.S. Senate,,DEM,Wayne,110,
Jensen Bohren,U.S. Senate,,DEM,Wayne,21,
Jerone Garland,U.S. Senate,,DEM,Wayne,17,
"Victor G. Maurice, Jr.",U.S. Senate,,DEM,Wayne,41,
Omeria Scott,U.S. Senate,,DEM,Wayne,496,
Howard Sherman,U.S. Senate,,DEM,Wayne,153,
Randy Mack Wadkins,U.S. House,1,DEM,Wayne,,
Bennie Thompson,U.S. House,2,DEM,Wayne,,
Kevin Michael Aycox,U.S. House,3,DEM,Wayne,,
Michael Ted Evans,U.S. House,3,DEM,Wayne,,
Jeramey Anderson,U.S. House,4,DEM,Wayne,750,
David Baria,U.S. Senate,,DEM,Webster,35,
Jensen Bohren,U.S. Senate,,DEM,Webster,10,
Jerone Garland,U.S. Senate,,DEM,Webster,11,
"Victor G. Maurice, Jr.",U.S. Senate,,DEM,Webster,10,
Omeria Scott,U.S. Senate,,DEM,Webster,48,
Howard Sherman,U.S. Senate,,DEM,Webster,56,
Randy Mack Wadkins,U.S. House,1,DEM,Webster,124,
Bennie Thompson,U.S. House,2,DEM,Webster,,
Kevin Michael Aycox,U.S. House,3,DEM,Webster,,
Michael Ted Evans,U.S. House,3,DEM,Webster,,
Jeramey Anderson,U.S. House,4,DEM,Webster,,
David Baria,U.S. Senate,,DEM,Wilkinson,90,
Jensen Bohren,U.S. Senate,,DEM,Wilkinson,30,
Jerone Garland,U.S. Senate,,DEM,Wilkinson,26,
"Victor G. Maurice, Jr.",U.S. Senate,,DEM,Wilkinson,22,
Omeria Scott,U.S. Senate,,DEM,Wilkinson,144,
Howard Sherman,U.S. Senate,,DEM,Wilkinson,110,
Randy Mack Wadkins,U.S. House,1,DEM,Wilkinson,,
Bennie Thompson,U.S. House,2,DEM,Wilkinson,,
Kevin Michael Aycox,U.S. House,3,DEM,Wilkinson,97,
Michael Ted Evans,U.S. House,3,DEM,Wilkinson,296,
Jeramey Anderson,U.S. House,4,DEM,Wilkinson,,
David Baria,U.S. Senate,,DEM,Winston,100,
Jensen Bohren,U.S. Senate,,DEM,Winston,24,
Jerone Garland,U.S. Senate,,DEM,Winston,77,
"Victor G. Maurice, Jr.",U.S. Senate,,DEM,Winston,39,
Omeria Scott,U.S. Senate,,DEM,Winston,321,
Howard Sherman,U.S. Senate,,DEM,Winston,206,
Randy Mack Wadkins,U.S. House,1,DEM,Winston,586,
Bennie Thompson,U.S. House,2,DEM,Winston,,
Kevin Michael Aycox,U.S. House,3,DEM,Winston,,
Michael Ted Evans,U.S. House,3,DEM,Winston,,
Jeramey Anderson,U.S. House,4,DEM,Winston,,
David Baria,U.S. Senate,,DEM,Yalobusha,182,
Jensen Bohren,U.S. Senate,,DEM,Yalobusha,14,
Jerone Garland,U.S. Senate,,DEM,Yalobusha,31,
"Victor G. Maurice, Jr.",U.S. Senate,,DEM,Yalobusha,13,
Omeria Scott,U.S. Senate,,DEM,Yalobusha,40,
Howard Sherman,U.S. Senate,,DEM,Yalobusha,184,
Randy Mack Wadkins,U.S. House,1,DEM,Yalobusha,,
Bennie Thompson,U.S. House,2,DEM,Yalobusha,454,
Kevin Michael Aycox,U.S. House,3,DEM,Yalobusha,,
Michael Ted Evans,U.S. House,3,DEM,Yalobusha,,
Jeramey Anderson,U.S. House,4,DEM,Yalobusha,,
David Baria,U.S. Senate,,DEM,Yazoo,151,
Jensen Bohren,U.S. Senate,,DEM,Yazoo,26,
Jerone Garland,U.S. Senate,,DEM,Yazoo,29,
"Victor G. Maurice, Jr.",U.S. Senate,,DEM,Yazoo,30,
Omeria Scott,U.S. Senate,,DEM,Yazoo,93,
Howard Sherman,U.S. Senate,,DEM,Yazoo,281,
Randy Mack Wadkins,U.S. House,1,DEM,Yazoo,,
Bennie Thompson,U.S. House,2,DEM,Yazoo,658,
Kevin Michael Aycox,U.S. House,3,DEM,Yazoo,,
Michael Ted Evans,U.S. House,3,DEM,Yazoo,,
Jeramey Anderson,U.S. House,4,DEM,Yazoo,,
David Baria,U.S. Senate,,DEM,TOTAL,27244,
Jensen Bohren,U.S. Senate,,DEM,TOTAL,2825,
Jerone Garland,U.S. Senate,,DEM,TOTAL,4266,
"Victor G. Maurice, Jr.",U.S. Senate,,DEM,TOTAL,4361,
Omeria Scott,U.S. Senate,,DEM,TOTAL,21278,
Howard Sherman,U.S. Senate,,DEM,TOTAL,27957,
Randy Mack Wadkins,U.S. House,1,DEM,TOTAL,11692,
Bennie Thompson,U.S. House,2,DEM,TOTAL,31203,
Kevin Michael Aycox,U.S. House,3,DEM,TOTAL,7525,
Michael Ted Evans,U.S. House,3,DEM,TOTAL,17016,
Jeramey Anderson,U.S. House,4,DEM,TOTAL,14560,