county,precinct,office,district,party,candidate,total
Lamar,Lamar Park,Governor,,Republican,Phil  Bryant,424
Lamar,Lamar Park,Governor,,Democrat,Robert  Gray,194
Lamar,Lamar Park,Governor,,Reform,Shawn  O'Hara,8
Lamar,Lamar Park,Lieutenant Governor,,Democrat,Tim  Johnson,219
Lamar,Lamar Park,Lieutenant Governor,,Republican,Tate  Reeves,383
Lamar,Lamar Park,Lieutenant Governor,,Libertarian,Ron  Williams,16
Lamar,Lamar Park,Lieutenant Governor,,Reform,Rosa  B.  Williams,9
Lamar,Lamar Park,Secretary of State,,Democrat,Charles  E.  Graham,187
Lamar,Lamar Park,Secretary of State,,Republican,Delbert  Hosemann,426
Lamar,Lamar Park,Secretary of State,,Reform,Randy  Walker,10
Lamar,Lamar Park,Attorney General,,Democrat,Jim  Hood,325
Lamar,Lamar Park,Attorney General,,Republican,Mike  Hurst,298
Lamar,Lamar Park,State Auditor,,Republican,Stacey  E.  Pickering,416
Lamar,Lamar Park,State Auditor,,Democrat,Jocelyn  'Joce'  Pepper  Pritchett,200
Lamar,Lamar Park,State Auditor,,Reform,Lajena  Walley,6
Lamar,Okahola,Governor,,Republican,Phil  Bryant,242
Lamar,Okahola,Governor,,Democrat,Robert  Gray,27
Lamar,Okahola,Governor,,Reform,Shawn  O'Hara,1
Lamar,Okahola,Lieutenant Governor,,Democrat,Tim  Johnson,30
Lamar,Okahola,Lieutenant Governor,,Republican,Tate  Reeves,229
Lamar,Okahola,Lieutenant Governor,,Libertarian,Ron  Williams,13
Lamar,Okahola,Lieutenant Governor,,Reform,Rosa  B.  Williams,0
Lamar,Okahola,Secretary of State,,Democrat,Charles  E.  Graham,28
Lamar,Okahola,Secretary of State,,Republican,Delbert  Hosemann,235
Lamar,Okahola,Secretary of State,,Reform,Randy  Walker,8
Lamar,Okahola,Attorney General,,Democrat,Jim  Hood,66
Lamar,Okahola,Attorney General,,Republican,Mike  Hurst,203
Lamar,Okahola,State Auditor,,Republican,Stacey  E.  Pickering,240
Lamar,Okahola,State Auditor,,Democrat,Jocelyn  'Joce'  Pepper  Pritchett,26
Lamar,Okahola,State Auditor,,Reform,Lajena  Walley,2
Lamar,Richburg,Governor,,Republican,Phil  Bryant,718
Lamar,Richburg,Governor,,Democrat,Robert  Gray,131
Lamar,Richburg,Governor,,Reform,Shawn  O'Hara,12
Lamar,Richburg,Lieutenant Governor,,Democrat,Tim  Johnson,158
Lamar,Richburg,Lieutenant Governor,,Republican,Tate  Reeves,678
Lamar,Richburg,Lieutenant Governor,,Libertarian,Ron  Williams,20
Lamar,Richburg,Lieutenant Governor,,Reform,Rosa  B.  Williams,3
Lamar,Richburg,Secretary of State,,Democrat,Charles  E.  Graham,141
Lamar,Richburg,Secretary of State,,Republican,Delbert  Hosemann,701
Lamar,Richburg,Secretary of State,,Reform,Randy  Walker,25
Lamar,Richburg,Attorney General,,Democrat,Jim  Hood,313
Lamar,Richburg,Attorney General,,Republican,Mike  Hurst,553
Lamar,Richburg,State Auditor,,Republican,Stacey  E.  Pickering,709
Lamar,Richburg,State Auditor,,Democrat,Jocelyn  'Joce'  Pepper  Pritchett,146
Lamar,Richburg,State Auditor,,Reform,Lajena  Walley,8
Lamar,NE Lamar,Governor,,Republican,Phil  Bryant,381
Lamar,NE Lamar,Governor,,Democrat,Robert  Gray,158
Lamar,NE Lamar,Governor,,Reform,Shawn  O'Hara,13
Lamar,NE Lamar,Lieutenant Governor,,Democrat,Tim  Johnson,183
Lamar,NE Lamar,Lieutenant Governor,,Republican,Tate  Reeves,340
Lamar,NE Lamar,Lieutenant Governor,,Libertarian,Ron  Williams,17
Lamar,NE Lamar,Lieutenant Governor,,Reform,Rosa  B.  Williams,4
Lamar,NE Lamar,Secretary of State,,Democrat,Charles  E.  Graham,160
Lamar,NE Lamar,Secretary of State,,Republican,Delbert  Hosemann,384
Lamar,NE Lamar,Secretary of State,,Reform,Randy  Walker,5
Lamar,NE Lamar,Attorney General,,Democrat,Jim  Hood,277
Lamar,NE Lamar,Attorney General,,Republican,Mike  Hurst,269
Lamar,NE Lamar,State Auditor,,Republican,Stacey  E.  Pickering,365
Lamar,NE Lamar,State Auditor,,Democrat,Jocelyn  'Joce'  Pepper  Pritchett,177
Lamar,NE Lamar,State Auditor,,Reform,Lajena  Walley,3
Lamar,Lumberton,Governor,,Republican,Phil  Bryant,386
Lamar,Lumberton,Governor,,Democrat,Robert  Gray,231
Lamar,Lumberton,Governor,,Reform,Shawn  O'Hara,15
Lamar,Lumberton,Lieutenant Governor,,Democrat,Tim  Johnson,275
Lamar,Lumberton,Lieutenant Governor,,Republican,Tate  Reeves,338
Lamar,Lumberton,Lieutenant Governor,,Libertarian,Ron  Williams,9
Lamar,Lumberton,Lieutenant Governor,,Reform,Rosa  B.  Williams,5
Lamar,Lumberton,Secretary of State,,Democrat,Charles  E.  Graham,266
Lamar,Lumberton,Secretary of State,,Republican,Delbert  Hosemann,340
Lamar,Lumberton,Secretary of State,,Reform,Randy  Walker,20
Lamar,Lumberton,Attorney General,,Democrat,Jim  Hood,365
Lamar,Lumberton,Attorney General,,Republican,Mike  Hurst,258
Lamar,Lumberton,State Auditor,,Republican,Stacey  E.  Pickering,363
Lamar,Lumberton,State Auditor,,Democrat,Jocelyn  'Joce'  Pepper  Pritchett,254
Lamar,Lumberton,State Auditor,,Reform,Lajena  Walley,8
Lamar,South Purvis,Governor,,Republican,Phil  Bryant,849
Lamar,South Purvis,Governor,,Democrat,Robert  Gray,48
Lamar,South Purvis,Governor,,Reform,Shawn  O'Hara,7
Lamar,South Purvis,Lieutenant Governor,,Democrat,Tim  Johnson,56
Lamar,South Purvis,Lieutenant Governor,,Republican,Tate  Reeves,817
Lamar,South Purvis,Lieutenant Governor,,Libertarian,Ron  Williams,23
Lamar,South Purvis,Lieutenant Governor,,Reform,Rosa  B.  Williams,5
Lamar,South Purvis,Secretary of State,,Democrat,Charles  E.  Graham,50
Lamar,South Purvis,Secretary of State,,Republican,Delbert  Hosemann,820
Lamar,South Purvis,Secretary of State,,Reform,Randy  Walker,31
Lamar,South Purvis,Attorney General,,Democrat,Jim  Hood,279
Lamar,South Purvis,Attorney General,,Republican,Mike  Hurst,619
Lamar,South Purvis,State Auditor,,Republican,Stacey  E.  Pickering,831
Lamar,South Purvis,State Auditor,,Democrat,Jocelyn  'Joce'  Pepper  Pritchett,58
Lamar,South Purvis,State Auditor,,Reform,Lajena  Walley,8
Lamar,Yawn,Governor,,Republican,Phil  Bryant,146
Lamar,Yawn,Governor,,Democrat,Robert  Gray,8
Lamar,Yawn,Governor,,Reform,Shawn  O'Hara,1
Lamar,Yawn,Lieutenant Governor,,Democrat,Tim  Johnson,16
Lamar,Yawn,Lieutenant Governor,,Republican,Tate  Reeves,134
Lamar,Yawn,Lieutenant Governor,,Libertarian,Ron  Williams,2
Lamar,Yawn,Lieutenant Governor,,Reform,Rosa  B.  Williams,0
Lamar,Yawn,Secretary of State,,Democrat,Charles  E.  Graham,12
Lamar,Yawn,Secretary of State,,Republican,Delbert  Hosemann,133
Lamar,Yawn,Secretary of State,,Reform,Randy  Walker,8
Lamar,Yawn,Attorney General,,Democrat,Jim  Hood,50
Lamar,Yawn,Attorney General,,Republican,Mike  Hurst,103
Lamar,Yawn,State Auditor,,Republican,Stacey  E.  Pickering,141
Lamar,Yawn,State Auditor,,Democrat,Jocelyn  'Joce'  Pepper  Pritchett,10
Lamar,Yawn,State Auditor,,Reform,Lajena  Walley,1
Lamar,Wesley Manor,Governor,,Republican,Phil  Bryant,272
Lamar,Wesley Manor,Governor,,Democrat,Robert  Gray,161
Lamar,Wesley Manor,Governor,,Reform,Shawn  O'Hara,7
Lamar,Wesley Manor,Lieutenant Governor,,Democrat,Tim  Johnson,182
Lamar,Wesley Manor,Lieutenant Governor,,Republican,Tate  Reeves,248
Lamar,Wesley Manor,Lieutenant Governor,,Libertarian,Ron  Williams,12
Lamar,Wesley Manor,Lieutenant Governor,,Reform,Rosa  B.  Williams,6
Lamar,Wesley Manor,Secretary of State,,Democrat,Charles  E.  Graham,177
Lamar,Wesley Manor,Secretary of State,,Republican,Delbert  Hosemann,267
Lamar,Wesley Manor,Secretary of State,,Reform,Randy  Walker,7
Lamar,Wesley Manor,Attorney General,,Democrat,Jim  Hood,282
Lamar,Wesley Manor,Attorney General,,Republican,Mike  Hurst,166
Lamar,Wesley Manor,State Auditor,,Republican,Stacey  E.  Pickering,267
Lamar,Wesley Manor,State Auditor,,Democrat,Jocelyn  'Joce'  Pepper  Pritchett,182
Lamar,Wesley Manor,State Auditor,,Reform,Lajena  Walley,4
Lamar,Westover,Governor,,Republican,Phil  Bryant,58
Lamar,Westover,Governor,,Democrat,Robert  Gray,51
Lamar,Westover,Governor,,Reform,Shawn  O'Hara,3
Lamar,Westover,Lieutenant Governor,,Democrat,Tim  Johnson,50
Lamar,Westover,Lieutenant Governor,,Republican,Tate  Reeves,54
Lamar,Westover,Lieutenant Governor,,Libertarian,Ron  Williams,3
Lamar,Westover,Lieutenant Governor,,Reform,Rosa  B.  Williams,3
Lamar,Westover,Secretary of State,,Democrat,Charles  E.  Graham,48
Lamar,Westover,Secretary of State,,Republican,Delbert  Hosemann,59
Lamar,Westover,Secretary of State,,Reform,Randy  Walker,1
Lamar,Westover,Attorney General,,Democrat,Jim  Hood,77
Lamar,Westover,Attorney General,,Republican,Mike  Hurst,32
Lamar,Westover,State Auditor,,Republican,Stacey  E.  Pickering,55
Lamar,Westover,State Auditor,,Democrat,Jocelyn  'Joce'  Pepper  Pritchett,54
Lamar,Westover,State Auditor,,Reform,Lajena  Walley,0
Lamar,Pine Grove,Governor,,Republican,Phil  Bryant,261
Lamar,Pine Grove,Governor,,Democrat,Robert  Gray,6
Lamar,Pine Grove,Governor,,Reform,Shawn  O'Hara,2
Lamar,Pine Grove,Lieutenant Governor,,Democrat,Tim  Johnson,8
Lamar,Pine Grove,Lieutenant Governor,,Republican,Tate  Reeves,245
Lamar,Pine Grove,Lieutenant Governor,,Libertarian,Ron  Williams,7
Lamar,Pine Grove,Lieutenant Governor,,Reform,Rosa  B.  Williams,0
Lamar,Pine Grove,Secretary of State,,Democrat,Charles  E.  Graham,5
Lamar,Pine Grove,Secretary of State,,Republican,Delbert  Hosemann,257
Lamar,Pine Grove,Secretary of State,,Reform,Randy  Walker,4
Lamar,Pine Grove,Attorney General,,Democrat,Jim  Hood,60
Lamar,Pine Grove,Attorney General,,Republican,Mike  Hurst,208
Lamar,Pine Grove,State Auditor,,Republican,Stacey  E.  Pickering,252
Lamar,Pine Grove,State Auditor,,Democrat,Jocelyn  'Joce'  Pepper  Pritchett,8
Lamar,Pine Grove,State Auditor,,Reform,Lajena  Walley,1
Lamar,Baxterville,Governor,,Republican,Phil  Bryant,183
Lamar,Baxterville,Governor,,Democrat,Robert  Gray,8
Lamar,Baxterville,Governor,,Reform,Shawn  O'Hara,1
Lamar,Baxterville,Lieutenant Governor,,Democrat,Tim  Johnson,13
Lamar,Baxterville,Lieutenant Governor,,Republican,Tate  Reeves,170
Lamar,Baxterville,Lieutenant Governor,,Libertarian,Ron  Williams,6
Lamar,Baxterville,Lieutenant Governor,,Reform,Rosa  B.  Williams,1
Lamar,Baxterville,Secretary of State,,Democrat,Charles  E.  Graham,11
Lamar,Baxterville,Secretary of State,,Republican,Delbert  Hosemann,168
Lamar,Baxterville,Secretary of State,,Reform,Randy  Walker,12
Lamar,Baxterville,Attorney General,,Democrat,Jim  Hood,56
Lamar,Baxterville,Attorney General,,Republican,Mike  Hurst,133
Lamar,Baxterville,State Auditor,,Republican,Stacey  E.  Pickering,178
Lamar,Baxterville,State Auditor,,Democrat,Jocelyn  'Joce'  Pepper  Pritchett,8
Lamar,Baxterville,State Auditor,,Reform,Lajena  Walley,3
Lamar,Greenville,Governor,,Republican,Phil  Bryant,370
Lamar,Greenville,Governor,,Democrat,Robert  Gray,8
Lamar,Greenville,Governor,,Reform,Shawn  O'Hara,4
Lamar,Greenville,Lieutenant Governor,,Democrat,Tim  Johnson,25
Lamar,Greenville,Lieutenant Governor,,Republican,Tate  Reeves,348
Lamar,Greenville,Lieutenant Governor,,Libertarian,Ron  Williams,4
Lamar,Greenville,Lieutenant Governor,,Reform,Rosa  B.  Williams,4
Lamar,Greenville,Secretary of State,,Democrat,Charles  E.  Graham,19
Lamar,Greenville,Secretary of State,,Republican,Delbert  Hosemann,343
Lamar,Greenville,Secretary of State,,Reform,Randy  Walker,17
Lamar,Greenville,Attorney General,,Democrat,Jim  Hood,72
Lamar,Greenville,Attorney General,,Republican,Mike  Hurst,305
Lamar,Greenville,State Auditor,,Republican,Stacey  E.  Pickering,369
Lamar,Greenville,State Auditor,,Democrat,Jocelyn  'Joce'  Pepper  Pritchett,8
Lamar,Greenville,State Auditor,,Reform,Lajena  Walley,4
Lamar,Purvis,Governor,,Republican,Phil  Bryant,770
Lamar,Purvis,Governor,,Democrat,Robert  Gray,126
Lamar,Purvis,Governor,,Reform,Shawn  O'Hara,9
Lamar,Purvis,Lieutenant Governor,,Democrat,Tim  Johnson,146
Lamar,Purvis,Lieutenant Governor,,Republican,Tate  Reeves,710
Lamar,Purvis,Lieutenant Governor,,Libertarian,Ron  Williams,34
Lamar,Purvis,Lieutenant Governor,,Reform,Rosa  B.  Williams,8
Lamar,Purvis,Secretary of State,,Democrat,Charles  E.  Graham,139
Lamar,Purvis,Secretary of State,,Republican,Delbert  Hosemann,745
Lamar,Purvis,Secretary of State,,Reform,Randy  Walker,16
Lamar,Purvis,Attorney General,,Democrat,Jim  Hood,332
Lamar,Purvis,Attorney General,,Republican,Mike  Hurst,567
Lamar,Purvis,State Auditor,,Republican,Stacey  E.  Pickering,760
Lamar,Purvis,State Auditor,,Democrat,Jocelyn  'Joce'  Pepper  Pritchett,135
Lamar,Purvis,State Auditor,,Reform,Lajena  Walley,7
Lamar,Arnold Line,Governor,,Republican,Phil  Bryant,268
Lamar,Arnold Line,Governor,,Democrat,Robert  Gray,103
Lamar,Arnold Line,Governor,,Reform,Shawn  O'Hara,5
Lamar,Arnold Line,Lieutenant Governor,,Democrat,Tim  Johnson,115
Lamar,Arnold Line,Lieutenant Governor,,Republican,Tate  Reeves,250
Lamar,Arnold Line,Lieutenant Governor,,Libertarian,Ron  Williams,10
Lamar,Arnold Line,Lieutenant Governor,,Reform,Rosa  B.  Williams,2
Lamar,Arnold Line,Secretary of State,,Democrat,Charles  E.  Graham,110
Lamar,Arnold Line,Secretary of State,,Republican,Delbert  Hosemann,258
Lamar,Arnold Line,Secretary of State,,Reform,Randy  Walker,8
Lamar,Arnold Line,Attorney General,,Democrat,Jim  Hood,182
Lamar,Arnold Line,Attorney General,,Republican,Mike  Hurst,196
Lamar,Arnold Line,State Auditor,,Republican,Stacey  E.  Pickering,263
Lamar,Arnold Line,State Auditor,,Democrat,Jocelyn  'Joce'  Pepper  Pritchett,108
Lamar,Arnold Line,State Auditor,,Reform,Lajena  Walley,2
Lamar,Mill Creek,Governor,,Republican,Phil  Bryant,246
Lamar,Mill Creek,Governor,,Democrat,Robert  Gray,16
Lamar,Mill Creek,Governor,,Reform,Shawn  O'Hara,3
Lamar,Mill Creek,Lieutenant Governor,,Democrat,Tim  Johnson,22
Lamar,Mill Creek,Lieutenant Governor,,Republican,Tate  Reeves,233
Lamar,Mill Creek,Lieutenant Governor,,Libertarian,Ron  Williams,7
Lamar,Mill Creek,Lieutenant Governor,,Reform,Rosa  B.  Williams,4
Lamar,Mill Creek,Secretary of State,,Democrat,Charles  E.  Graham,21
Lamar,Mill Creek,Secretary of State,,Republican,Delbert  Hosemann,239
Lamar,Mill Creek,Secretary of State,,Reform,Randy  Walker,5
Lamar,Mill Creek,Attorney General,,Democrat,Jim  Hood,75
Lamar,Mill Creek,Attorney General,,Republican,Mike  Hurst,189
Lamar,Mill Creek,State Auditor,,Republican,Stacey  E.  Pickering,241
Lamar,Mill Creek,State Auditor,,Democrat,Jocelyn  'Joce'  Pepper  Pritchett,20
Lamar,Mill Creek,State Auditor,,Reform,Lajena  Walley,4
Lamar,Midway,Governor,,Republican,Phil  Bryant,594
Lamar,Midway,Governor,,Democrat,Robert  Gray,58
Lamar,Midway,Governor,,Reform,Shawn  O'Hara,6
Lamar,Midway,Lieutenant Governor,,Democrat,Tim  Johnson,59
Lamar,Midway,Lieutenant Governor,,Republican,Tate  Reeves,579
Lamar,Midway,Lieutenant Governor,,Libertarian,Ron  Williams,14
Lamar,Midway,Lieutenant Governor,,Reform,Rosa  B.  Williams,5
Lamar,Midway,Secretary of State,,Democrat,Charles  E.  Graham,57
Lamar,Midway,Secretary of State,,Republican,Delbert  Hosemann,580
Lamar,Midway,Secretary of State,,Reform,Randy  Walker,23
Lamar,Midway,Attorney General,,Democrat,Jim  Hood,183
Lamar,Midway,Attorney General,,Republican,Mike  Hurst,475
Lamar,Midway,State Auditor,,Republican,Stacey  E.  Pickering,605
Lamar,Midway,State Auditor,,Democrat,Jocelyn  'Joce'  Pepper  Pritchett,52
Lamar,Midway,State Auditor,,Reform,Lajena  Walley,2
Lamar,Oak Grove,Governor,,Republican,Phil  Bryant,691
Lamar,Oak Grove,Governor,,Democrat,Robert  Gray,96
Lamar,Oak Grove,Governor,,Reform,Shawn  O'Hara,15
Lamar,Oak Grove,Lieutenant Governor,,Democrat,Tim  Johnson,116
Lamar,Oak Grove,Lieutenant Governor,,Republican,Tate  Reeves,655
Lamar,Oak Grove,Lieutenant Governor,,Libertarian,Ron  Williams,25
Lamar,Oak Grove,Lieutenant Governor,,Reform,Rosa  B.  Williams,6
Lamar,Oak Grove,Secretary of State,,Democrat,Charles  E.  Graham,102
Lamar,Oak Grove,Secretary of State,,Republican,Delbert  Hosemann,685
Lamar,Oak Grove,Secretary of State,,Reform,Randy  Walker,14
Lamar,Oak Grove,Attorney General,,Democrat,Jim  Hood,253
Lamar,Oak Grove,Attorney General,,Republican,Mike  Hurst,547
Lamar,Oak Grove,State Auditor,,Republican,Stacey  E.  Pickering,678
Lamar,Oak Grove,State Auditor,,Democrat,Jocelyn  'Joce'  Pepper  Pritchett,110
Lamar,Oak Grove,State Auditor,,Reform,Lajena  Walley,9
Lamar,Lake Serene,Governor,,Republican,Phil  Bryant,1207
Lamar,Lake Serene,Governor,,Democrat,Robert  Gray,104
Lamar,Lake Serene,Governor,,Reform,Shawn  O'Hara,13
Lamar,Lake Serene,Lieutenant Governor,,Democrat,Tim  Johnson,125
Lamar,Lake Serene,Lieutenant Governor,,Republican,Tate  Reeves,1159
Lamar,Lake Serene,Lieutenant Governor,,Libertarian,Ron  Williams,38
Lamar,Lake Serene,Lieutenant Governor,,Reform,Rosa  B.  Williams,5
Lamar,Lake Serene,Secretary of State,,Democrat,Charles  E.  Graham,101
Lamar,Lake Serene,Secretary of State,,Republican,Delbert  Hosemann,1205
Lamar,Lake Serene,Secretary of State,,Reform,Randy  Walker,20
Lamar,Lake Serene,Attorney General,,Democrat,Jim  Hood,327
Lamar,Lake Serene,Attorney General,,Republican,Mike  Hurst,996
Lamar,Lake Serene,State Auditor,,Republican,Stacey  E.  Pickering,1178
Lamar,Lake Serene,State Auditor,,Democrat,Jocelyn  'Joce'  Pepper  Pritchett,134
Lamar,Lake Serene,State Auditor,,Reform,Lajena  Walley,7
Lamar,Kingsmill,Governor,,Republican,Phil  Bryant,716
Lamar,Kingsmill,Governor,,Democrat,Robert  Gray,53
Lamar,Kingsmill,Governor,,Reform,Shawn  O'Hara,2
Lamar,Kingsmill,Lieutenant Governor,,Democrat,Tim  Johnson,58
Lamar,Kingsmill,Lieutenant Governor,,Republican,Tate  Reeves,696
Lamar,Kingsmill,Lieutenant Governor,,Libertarian,Ron  Williams,17
Lamar,Kingsmill,Lieutenant Governor,,Reform,Rosa  B.  Williams,2
Lamar,Kingsmill,Secretary of State,,Democrat,Charles  E.  Graham,35
Lamar,Kingsmill,Secretary of State,,Republican,Delbert  Hosemann,729
Lamar,Kingsmill,Secretary of State,,Reform,Randy  Walker,8
Lamar,Kingsmill,Attorney General,,Democrat,Jim  Hood,167
Lamar,Kingsmill,Attorney General,,Republican,Mike  Hurst,601
Lamar,Kingsmill,State Auditor,,Republican,Stacey  E.  Pickering,699
Lamar,Kingsmill,State Auditor,,Democrat,Jocelyn  'Joce'  Pepper  Pritchett,58
Lamar,Kingsmill,State Auditor,,Reform,Lajena  Walley,7
Lamar,Breland,Governor,,Republican,Phil  Bryant,921
Lamar,Breland,Governor,,Democrat,Robert  Gray,194
Lamar,Breland,Governor,,Reform,Shawn  O'Hara,12
Lamar,Breland,Lieutenant Governor,,Democrat,Tim  Johnson,221
Lamar,Breland,Lieutenant Governor,,Republican,Tate  Reeves,855
Lamar,Breland,Lieutenant Governor,,Libertarian,Ron  Williams,44
Lamar,Breland,Lieutenant Governor,,Reform,Rosa  B.  Williams,7
Lamar,Breland,Secretary of State,,Democrat,Charles  E.  Graham,193
Lamar,Breland,Secretary of State,,Republican,Delbert  Hosemann,910
Lamar,Breland,Secretary of State,,Reform,Randy  Walker,30
Lamar,Breland,Attorney General,,Democrat,Jim  Hood,389
Lamar,Breland,Attorney General,,Republican,Mike  Hurst,742
Lamar,Breland,State Auditor,,Republican,Stacey  E.  Pickering,905
Lamar,Breland,State Auditor,,Democrat,Jocelyn  'Joce'  Pepper  Pritchett,211
Lamar,Breland,State Auditor,,Reform,Lajena  Walley,12
Lamar,Oloh,Governor,,Republican,Phil  Bryant,306
Lamar,Oloh,Governor,,Democrat,Robert  Gray,12
Lamar,Oloh,Governor,,Reform,Shawn  O'Hara,6
Lamar,Oloh,Lieutenant Governor,,Democrat,Tim  Johnson,15
Lamar,Oloh,Lieutenant Governor,,Republican,Tate  Reeves,292
Lamar,Oloh,Lieutenant Governor,,Libertarian,Ron  Williams,12
Lamar,Oloh,Lieutenant Governor,,Reform,Rosa  B.  Williams,3
Lamar,Oloh,Secretary of State,,Democrat,Charles  E.  Graham,14
Lamar,Oloh,Secretary of State,,Republican,Delbert  Hosemann,303
Lamar,Oloh,Secretary of State,,Reform,Randy  Walker,8
Lamar,Oloh,Attorney General,,Democrat,Jim  Hood,86
Lamar,Oloh,Attorney General,,Republican,Mike  Hurst,237
Lamar,Oloh,State Auditor,,Republican,Stacey  E.  Pickering,300
Lamar,Oloh,State Auditor,,Democrat,Jocelyn  'Joce'  Pepper  Pritchett,18
Lamar,Oloh,State Auditor,,Reform,Lajena  Walley,5
Lamar,Rocky Branch,Governor,,Republican,Phil  Bryant,292
Lamar,Rocky Branch,Governor,,Democrat,Robert  Gray,45
Lamar,Rocky Branch,Governor,,Reform,Shawn  O'Hara,3
Lamar,Rocky Branch,Lieutenant Governor,,Democrat,Tim  Johnson,53
Lamar,Rocky Branch,Lieutenant Governor,,Republican,Tate  Reeves,274
Lamar,Rocky Branch,Lieutenant Governor,,Libertarian,Ron  Williams,6
Lamar,Rocky Branch,Lieutenant Governor,,Reform,Rosa  B.  Williams,3
Lamar,Rocky Branch,Secretary of State,,Democrat,Charles  E.  Graham,57
Lamar,Rocky Branch,Secretary of State,,Republican,Delbert  Hosemann,274
Lamar,Rocky Branch,Secretary of State,,Reform,Randy  Walker,3
Lamar,Rocky Branch,Attorney General,,Democrat,Jim  Hood,109
Lamar,Rocky Branch,Attorney General,,Republican,Mike  Hurst,227
Lamar,Rocky Branch,State Auditor,,Republican,Stacey  E.  Pickering,279
Lamar,Rocky Branch,State Auditor,,Democrat,Jocelyn  'Joce'  Pepper  Pritchett,54
Lamar,Rocky Branch,State Auditor,,Reform,Lajena  Walley,2
Lamar,Sumrall,Governor,,Republican,Phil  Bryant,1254
Lamar,Sumrall,Governor,,Democrat,Robert  Gray,103
Lamar,Sumrall,Governor,,Reform,Shawn  O'Hara,10
Lamar,Sumrall,Lieutenant Governor,,Democrat,Tim  Johnson,126
Lamar,Sumrall,Lieutenant Governor,,Republican,Tate  Reeves,1178
Lamar,Sumrall,Lieutenant Governor,,Libertarian,Ron  Williams,43
Lamar,Sumrall,Lieutenant Governor,,Reform,Rosa  B.  Williams,8
Lamar,Sumrall,Secretary of State,,Democrat,Charles  E.  Graham,111
Lamar,Sumrall,Secretary of State,,Republican,Delbert  Hosemann,1213
Lamar,Sumrall,Secretary of State,,Reform,Randy  Walker,39
Lamar,Sumrall,Attorney General,,Democrat,Jim  Hood,371
Lamar,Sumrall,Attorney General,,Republican,Mike  Hurst,999
Lamar,Sumrall,State Auditor,,Republican,Stacey  E.  Pickering,1235
Lamar,Sumrall,State Auditor,,Democrat,Jocelyn  'Joce'  Pepper  Pritchett,117
Lamar,Sumrall,State Auditor,,Reform,Lajena  Walley,11
Lamar,,Governor,,Republican,Phil  Bryant,11555
Lamar,,Governor,,Democrat,Robert  Gray,1941
Lamar,,Governor,,Reform,Shawn  O'Hara,158
Lamar,,Lieutenant Governor,,Democrat,Tim  Johnson,2271
Lamar,,Lieutenant Governor,,Republican,Tate  Reeves,10865
Lamar,,Lieutenant Governor,,Libertarian,Ron  Williams,382
Lamar,,Lieutenant Governor,,Reform,Rosa  B.  Williams,93
Lamar,,Secretary of State,,Democrat,Charles  E.  Graham,2044
Lamar,,Secretary of State,,Republican,Delbert  Hosemann,11274
Lamar,,Secretary of State,,Reform,Randy  Walker,322
Lamar,,Attorney General,,Democrat,Jim  Hood,4696
Lamar,,Attorney General,,Republican,Mike  Hurst,8923
Lamar,,State Auditor,,Republican,Stacey  E.  Pickering,11329
Lamar,,State Auditor,,Democrat,Jocelyn  'Joce'  Pepper  Pritchett,2148
Lamar,,State Auditor,,Reform,Lajena  Walley,119
Lamar,Lamar Park,State Treasurer,,Republican,Lynn Fitch,472
Lamar,Lamar Park,State Treasurer,,Reform,Viola McFarland,119
Lamar,Lamar Park,Commissioner of Agriculture & Commerce,,Democrat,Addie Lee Green,212
Lamar,Lamar Park,Commissioner of Agriculture & Commerce,,Republican,Cindy Hyde-Smith,398
Lamar,Lamar Park,Commissioner of Agriculture & Commerce,,Reform,Cathy L Toole,7
Lamar,Lamar Park,Commissioner of Insurance,,Republican,Mike Chaney,546
Lamar,Lamar Park,State Senate,44,Republican,John A. Polk,537
Lamar,Lamar Park,State House,87,Republican,Chris Johnson,441
Lamar,Lamar Park,State House,87,Democrat,Paul B. Johnson IV,150
Lamar,Okahola,State Treasurer,,Republican,Lynn Fitch,236
Lamar,Okahola,State Treasurer,,Reform,Viola McFarland,24
Lamar,Okahola,Commissioner of Agriculture & Commerce,,Democrat,Addie Lee Green,27
Lamar,Okahola,Commissioner of Agriculture & Commerce,,Republican,Cindy Hyde-Smith,236
Lamar,Okahola,Commissioner of Agriculture & Commerce,,Reform,Cathy L Toole,6
Lamar,Okahola,Commissioner of Insurance,,Republican,Mike Chaney,254
Lamar,Okahola,State Senate,44,Republican,John A. Polk,252
Lamar,Okahola,State House,87,Republican,Chris Johnson,223
Lamar,Okahola,State House,87,Democrat,Paul B. Johnson IV,35
Lamar,Richburg,State Treasurer,,Republican,Lynn Fitch,753
Lamar,Richburg,State Treasurer,,Reform,Viola McFarland,78
Lamar,Richburg,Commissioner of Agriculture & Commerce,,Democrat,Addie Lee Green,152
Lamar,Richburg,Commissioner of Agriculture & Commerce,,Republican,Cindy Hyde-Smith,687
Lamar,Richburg,Commissioner of Agriculture & Commerce,,Reform,Cathy L Toole,9
Lamar,Richburg,Commissioner of Insurance,,Republican,Mike Chaney,807
Lamar,Richburg,State Senate,44,Republican,John A. Polk,800
Lamar,Richburg,State House,87,Republican,Chris Johnson,686
Lamar,Richburg,State House,87,Democrat,Paul B. Johnson IV,148
Lamar,NE Lamar,State Treasurer,,Republican,Lynn Fitch,397
Lamar,NE Lamar,State Treasurer,,Reform,Viola McFarland,108
Lamar,NE Lamar,Commissioner of Agriculture & Commerce,,Democrat,Addie Lee Green,182
Lamar,NE Lamar,Commissioner of Agriculture & Commerce,,Republican,Cindy Hyde-Smith,346
Lamar,NE Lamar,Commissioner of Agriculture & Commerce,,Reform,Cathy L Toole,9
Lamar,NE Lamar,Commissioner of Insurance,,Republican,Mike Chaney,481
Lamar,NE Lamar,State Senate,44,Republican,John A. Polk,477
Lamar,NE Lamar,State House,87,Republican,Chris Johnson,373
Lamar,NE Lamar,State House,87,Independent,Paul B. Johnson IV,148
Lamar,Lumberton,State Treasurer,,Republican,Lynn Fitch,399
Lamar,Lumberton,State Treasurer,,Reform,Viola McFarland,159
Lamar,Lumberton,Commissioner of Agriculture & Commerce,,Democrat,Addie Lee Green,266
Lamar,Lumberton,Commissioner of Agriculture & Commerce,,Republican,Cindy Hyde-Smith,330
Lamar,Lumberton,Commissioner of Agriculture & Commerce,,Reform,Cathy L Toole,29
Lamar,Lumberton,Commissioner of Insurance,,Republican,Mike Chaney,509
Lamar,Lumberton,State Senate,44,Republican,John A. Polk,507
Lamar,Lumberton,State House,106,Republican,Herb Frierson,506
Lamar,South Purvis,State Treasurer,,Republican,Lynn Fitch,826
Lamar,South Purvis,State Treasurer,,Reform,Viola McFarland,61
Lamar,South Purvis,Commissioner of Agriculture & Commerce,,Democrat,Addie Lee Green,60
Lamar,South Purvis,Commissioner of Agriculture & Commerce,,Republican,Cindy Hyde-Smith,820
Lamar,South Purvis,Commissioner of Agriculture & Commerce,,Reform,Cathy L Toole,15
Lamar,South Purvis,Commissioner of Insurance,,Republican,Mike Chaney,871
Lamar,South Purvis,State Senate,44,Republican,John A. Polk,868
Lamar,South Purvis,State House,87,Republican,Chris Johnson,79
Lamar,South Purvis,State House,87,Independent,Paul B. Johnson IV,14
Lamar,South Purvis,State House,99,Republican,Bill Pigott,392
Lamar,South Purvis,State House,100,Republican,Ken Morgan,386
Lamar,Yawn,State Treasurer,,Republican,Lynn Fitch,142
Lamar,Yawn,State Treasurer,,Reform,Viola McFarland,8
Lamar,Yawn,Commissioner of Agriculture & Commerce,,Democrat,Addie Lee Green,11
Lamar,Yawn,Commissioner of Agriculture & Commerce,,Republican,Cindy Hyde-Smith,141
Lamar,Yawn,Commissioner of Agriculture & Commerce,,Reform,Cathy L Toole,2
Lamar,Yawn,Commissioner of Insurance,,Republican,Mike Chaney,147
Lamar,Yawn,State Senate,44,Republican,John A. Polk,147
Lamar,Yawn,State House,106,Republican,Herb Frierson,144
Lamar,Wesley Manor,State Treasurer,,Republican,Lynn Fitch,312
Lamar,Wesley Manor,State Treasurer,,Reform,Viola McFarland,102
Lamar,Wesley Manor,Commissioner of Agriculture & Commerce,,Democrat,Addie Lee Green,187
Lamar,Wesley Manor,Commissioner of Agriculture & Commerce,,Republican,Cindy Hyde-Smith,244
Lamar,Wesley Manor,Commissioner of Agriculture & Commerce,,Reform,Cathy L Toole,13
Lamar,Wesley Manor,Commissioner of Insurance,,Republican,Mike Chaney,377
Lamar,Wesley Manor,State Senate,44,Republican,John A. Polk,366
Lamar,Wesley Manor,State House,87,Republican,Chris Johnson,205
Lamar,Wesley Manor,State House,87,Independent,Paul B. Johnson IV,100
Lamar,Wesley Manor,State House,102,Republican,Toby Barker,66
Lamar,Wesley Manor,State House,102,Democrat,Taylor Brinkley,55
Lamar,Westover,State Treasurer,,Republican,Lynn Fitch,67
Lamar,Westover,State Treasurer,,Reform,Viola McFarland,36
Lamar,Westover,Commissioner of Agriculture & Commerce,,Democrat,Addie Lee Green,55
Lamar,Westover,Commissioner of Agriculture & Commerce,,Republican,Cindy Hyde-Smith,54
Lamar,Westover,Commissioner of Agriculture & Commerce,,Reform,Cathy L Toole,1
Lamar,Westover,Commissioner of Insurance,,Republican,Mike Chaney,86
Lamar,Westover,State Senate,44,Republican,John A. Polk,82
Lamar,Westover,State House,101,Republican,Brad Touchstone,81
Lamar,Pine Grove,State Treasurer,,Republican,Lynn Fitch,253
Lamar,Pine Grove,State Treasurer,,Reform,Viola McFarland,11
Lamar,Pine Grove,Commissioner of Agriculture & Commerce,,Democrat,Addie Lee Green,8
Lamar,Pine Grove,Commissioner of Agriculture & Commerce,,Republican,Cindy Hyde-Smith,252
Lamar,Pine Grove,Commissioner of Agriculture & Commerce,,Reform,Cathy L Toole,3
Lamar,Pine Grove,Commissioner of Insurance,,Republican,Mike Chaney,254
Lamar,Pine Grove,State Senate,44,Republican,John A. Polk,252
Lamar,Pine Grove,State House,99,Republican,Bill Pigott,60
Lamar,Pine Grove,State House,100,Democrat,Ken Morgan,192
Lamar,Baxterville,State Treasurer,,Republican,Lynn Fitch,177
Lamar,Baxterville,State Treasurer,,Reform,Viola McFarland,13
Lamar,Baxterville,Commissioner of Agriculture & Commerce,,Democrat,Addie Lee Green,8
Lamar,Baxterville,Commissioner of Agriculture & Commerce,,Republican,Cindy Hyde-Smith,178
Lamar,Baxterville,Commissioner of Agriculture & Commerce,,Reform,Cathy L Toole,5
Lamar,Baxterville,Commissioner of Insurance,,Republican,Mike Chaney,186
Lamar,Baxterville,State Senate,44,Republican,John A. Polk,186
Lamar,Baxterville,State House,99,Republican,Bill Pigott,185
Lamar,Greenville,State Treasurer,,Republican,Lynn Fitch,357
Lamar,Greenville,State Treasurer,,Reform,Viola McFarland,17
Lamar,Greenville,Commissioner of Agriculture & Commerce,,Democrat,Addie Lee Green,8
Lamar,Greenville,Commissioner of Agriculture & Commerce,,Republican,Cindy Hyde-Smith,363
Lamar,Greenville,Commissioner of Agriculture & Commerce,,Reform,Cathy L Toole,7
Lamar,Greenville,Commissioner of Insurance,,Republican,Mike Chaney,373
Lamar,Greenville,State Senate,44,Republican,John A. Polk,366
Lamar,Greenville,State House,99,Republican,Bill Pigott,61
Lamar,Greenville,State House,100,Republican,Ken Morgan,310
Lamar,Greenville,State Treasurer,,Republican,Lynn Fitch,783
Lamar,Greenville,State Treasurer,,Reform,Viola McFarland,91
Lamar,Greenville,Commissioner of Agriculture & Commerce,,Democrat,Addie Lee Green,147
Lamar,Greenville,Commissioner of Agriculture & Commerce,,Republican,Cindy Hyde-Smith,738
Lamar,Purvis,Commissioner of Agriculture & Commerce,,Reform,Cathy L Toole,18
Lamar,Purvis,Commissioner of Insurance,,Republican,Mike Chaney,845
Lamar,Purvis,State Senate,44,Republican,John A. Polk,838
Lamar,Purvis,State Senate,87,Republican,Chris Johnson,89
Lamar,Purvis,State House,87,Independent,Paul B. Johnson IV,15
Lamar,Purvis,State House,99,Republican,Bill Pigott,175
Lamar,Purvis,State House,100,Republican,Ken Morgan,568
Lamar,Arnold Line,State Treasurer,,Republican,Lynn Fitch,283
Lamar,Arnold Line,State Treasurer,,Reform,Viola McFarland,76
Lamar,Arnold Line,Commissioner of Agriculture & Commerce,,Democrat,Addie Lee Green,117
Lamar,Arnold Line,Commissioner of Agriculture & Commerce,,Republican,Cindy Hyde-Smith,257
Lamar,Arnold Line,Commissioner of Agriculture & Commerce,,Reform,Cathy L Toole,5
Lamar,Arnold Line,Commissioner of Insurance,,Republican,Mike Chaney,339
Lamar,Arnold Line,State Senate,44,Republican,John A. Polk,332
Lamar,Arnold Line,State Senate,87,Republican,Chris Johnson,263
Lamar,Arnold Line,State House,87,Independent,Paul B. Johnson IV,100
Lamar,Mill Creek,State Treasurer,,Republican,Lynn Fitch,244
Lamar,Mill Creek,State Treasurer,,Reform,Viola McFarland,20
Lamar,Mill Creek,Commissioner of Agriculture & Commerce,,Democrat,Addie Lee Green,21
Lamar,Mill Creek,Commissioner of Agriculture & Commerce,,Republican,Cindy Hyde-Smith,239
Lamar,Mill Creek,Commissioner of Agriculture & Commerce,,Reform,Cathy L Toole,4
Lamar,Mill Creek,Commissioner of Insurance,,Republican,Mike Chaney,253
Lamar,Mill Creek,State Senate,44,Republican,John A. Polk,253
Lamar,Mill Creek,State Senate,87,Republican,Chris Johnson,139
Lamar,Mill Creek,State House,87,Independent,Paul B. Johnson IV,20
Lamar,Mill Creek,State House,101,Republican,Brad Touchstone,97
Lamar,Midway,State Treasurer,,Republican,Lynn Fitch,607
Lamar,Midway,State Treasurer,,Reform,Viola McFarland,35
Lamar,Midway,Commissioner of Agriculture & Commerce,,Democrat,Addie Lee Green,70
Lamar,Midway,Commissioner of Agriculture & Commerce,,Republican,Cindy Hyde-Smith,577
Lamar,Midway,Commissioner of Agriculture & Commerce,,Reform,Cathy L Toole,8
Lamar,Midway,Commissioner of Insurance,,Republican,Mike Chaney,635
Lamar,Midway,State Senate,44,Republican,John A. Polk,622
Lamar,Midway,State House,101,Republican,Brad Touchstone,628
Lamar,Oak Grove,State Treasurer,,Republican,Lynn Fitch,705
Lamar,Oak Grove,State Treasurer,,Reform,Viola McFarland,74
Lamar,Oak Grove,Commissioner of Agriculture & Commerce,,Democrat,Addie Lee Green,95
Lamar,Oak Grove,Commissioner of Agriculture & Commerce,,Republican,Cindy Hyde-Smith,687
Lamar,Oak Grove,Commissioner of Agriculture & Commerce,,Reform,Cathy L Toole,12
Lamar,Oak Grove,Commissioner of Insurance,,Republican,Mike Chaney,750
Lamar,Oak Grove,State Senate,44,Republican,John A. Polk,740
Lamar,Oak Grove,State Senate,87,Republican,Chris Johnson,190
Lamar,Oak Grove,State House,87,Independent,Paul B. Johnson IV,28
Lamar,Oak Grove,State House,101,Republican,Brad Touchstone,524
Lamar,Lake Serene,State Treasurer,,Republican,Lynn Fitch,1235
Lamar,Lake Serene,State Treasurer,,Reform,Viola McFarland,66
Lamar,Lake Serene,Commissioner of Agriculture & Commerce,,Democrat,Addie Lee Green,114
Lamar,Lake Serene,Commissioner of Agriculture & Commerce,,Republican,Cindy Hyde-Smith,1188
Lamar,Lake Serene,Commissioner of Agriculture & Commerce,,Reform,Cathy L Toole,9
Lamar,Lake Serene,Commissioner of Insurance,,Republican,Mike Chaney,1270
Lamar,Lake Serene,State Senate,44,Republican,John A. Polk,1248
Lamar,Lake Serene,State House,101,Republican,Brad Touchstone,1248
Lamar,Kingsmill,State Treasurer,,Republican,Lynn Fitch,740
Lamar,Kingsmill,State Treasurer,,Reform,Viola McFarland,27
Lamar,Kingsmill,Commissioner of Agriculture & Commerce,,Democrat,Addie Lee Green,39
Lamar,Kingsmill,Commissioner of Agriculture & Commerce,,Republican,Cindy Hyde-Smith,714
Lamar,Kingsmill,Commissioner of Agriculture & Commerce,,Reform,Cathy L Toole,9
Lamar,Kingsmill,Commissioner of Insurance,,Republican,Mike Chaney,757
Lamar,Kingsmill,State Senate,44,Republican,John A. Polk,745
Lamar,Kingsmill,State House,101,Republican,Brad Touchstone,739
Lamar,Breland,State Treasurer,,Republican,Lynn Fitch,967
Lamar,Breland,State Treasurer,,Reform,Viola McFarland,126
Lamar,Breland,Commissioner of Agriculture & Commerce,,Democrat,Addie Lee Green,204
Lamar,Breland,Commissioner of Agriculture & Commerce,,Republican,Cindy Hyde-Smith,883
Lamar,Breland,Commissioner of Agriculture & Commerce,,Reform,Cathy L Toole,26
Lamar,Breland,Commissioner of Insurance,,Republican,Mike Chaney,1035
Lamar,Breland,State Senate,44,Republican,John A. Polk,1020
Lamar,Breland,State House,101,Republican,Brad Touchstone,1025
Lamar,Oloh,State Treasurer,,Republican,Lynn Fitch,304
Lamar,Oloh,State Treasurer,,Reform,Viola McFarland,12
Lamar,Oloh,Commissioner of Agriculture & Commerce,,Democrat,Addie Lee Green,13
Lamar,Oloh,Commissioner of Agriculture & Commerce,,Republican,Cindy Hyde-Smith,301
Lamar,Oloh,Commissioner of Agriculture & Commerce,,Reform,Cathy L Toole,5
Lamar,Oloh,Commissioner of Insurance,,Republican,Mike Chaney,314
Lamar,Oloh,State Senate,44,Republican,John A. Polk,316
Lamar,Oloh,State House,101,Republican,Brad Touchstone,315
Lamar,Rocky Branch,State Treasurer,,Republican,Lynn Fitch,294
Lamar,Rocky Branch,State Treasurer,,Reform,Viola McFarland,30
Lamar,Rocky Branch,Commissioner of Agriculture & Commerce,,Democrat,Addie Lee Green,50
Lamar,Rocky Branch,Commissioner of Agriculture & Commerce,,Republican,Cindy Hyde-Smith,280
Lamar,Rocky Branch,Commissioner of Agriculture & Commerce,,Reform,Cathy L Toole,6
Lamar,Rocky Branch,Commissioner of Insurance,,Republican,Mike Chaney,313
Lamar,Rocky Branch,State Senate,41,Democrat,Reggie Blackledge,51
Lamar,Rocky Branch,State Senate,41,Republican,Joey Fillingame,285
Lamar,Rocky Branch,State House,101,Republican,Brad Touchstone,313
Lamar,Sumrall,State Treasurer,,Republican,Lynn Fitch,1257
Lamar,Sumrall,State Treasurer,,Reform,Viola McFarland,85
Lamar,Sumrall,Commissioner of Agriculture & Commerce,,Democrat,Addie Lee Green,110
Lamar,Sumrall,Commissioner of Agriculture & Commerce,,Republican,Cindy Hyde-Smith,1234
Lamar,Sumrall,Commissioner of Agriculture & Commerce,,Reform,Cathy L Toole,22
Lamar,Sumrall,Commissioner of Insurance,,Republican,Mike Chaney,1313
Lamar,Sumrall,State Senate,41,Democrat,Reggie Blackledge,148
Lamar,Sumrall,State Senate,41,Republican,Joey Fillingame,1217
Lamar,Sumrall,State House,101,Republican,Brad Touchstone,1300
Lamar,,State Treasurer,,Republican,Lynn Fitch,11808
Lamar,,State Treasurer,,Reform,Viola McFarland,1380
Lamar,,Commissioner of Agriculture & Commerce,,Democrat,Addie Lee Green,2156
Lamar,,Commissioner of Agriculture & Commerce,,Republican,Cindy Hyde-Smith,11147
Lamar,,Commissioner of Agriculture & Commerce,,Reform,Cathy L Toole,230
Lamar,,Commissioner of Insurance,,Republican,Mike Chaney,12715
Lamar,,State Senate,41,Democrat,Reggie Blackledge,1990
Lamar,,State Senate,41,Republican,Joey Fillingame,1502
Lamar,,State Senate,44,Republican,John A. Polk,10954
Lamar,,State House,87,Republican,Chris Johnson,2688
Lamar,,State House,87,Independent,Paul B. Johnson IV,758
Lamar,,State House,99,Republican,Bill Pigott,873
Lamar,,State House,100,Republican,Ken Morgan,1455
Lamar,,State House,101,Republican,Brad Touchstone,6270
Lamar,,State House,102,Republican,Toby Barker,66
Lamar,,State House,102,Democrat,Taylor Brinkley,55
Lamar,,State House,106,Republican,Herb Frierson,650