county,precinct,office,district,candidate,party,votes,winner
Grenada,Box 1,Governor,,Phil Bryant,R,509,
Grenada,Box 1,Governor,,Johnny L. DuPree,D,53,
Grenada,Box 2 Grenada Co Office,Governor,,Phil Bryant,R,210,
Grenada,Box 2 Grenada Co Office,Governor,,Johnny L. DuPree,D,320,
Grenada,Box 3 City Auditorium,Governor,,Phil Bryant,R,215,
Grenada,Box 3 City Auditorium,Governor,,Johnny L. DuPree,D,668,
Grenada,Holcomb Community Center,Governor,,Phil Bryant,R,400,
Grenada,Holcomb Community Center,Governor,,Johnny L. DuPree,D,121,
Grenada,Box 4,Governor,,Phil Bryant,R,192,
Grenada,Box 4,Governor,,Johnny L. DuPree,D,902,
Grenada,Box 5,Governor,,Phil Bryant,R,770,
Grenada,Box 5,Governor,,Johnny L. DuPree,D,177,
Grenada,Tie Plant,Governor,,Phil Bryant,R,526,
Grenada,Tie Plant,Governor,,Johnny L. DuPree,D,263,
Grenada,Elliott Vol Fire Station,Governor,,Phil Bryant,R,205,
Grenada,Elliott Vol Fire Station,Governor,,Johnny L. DuPree,D,43,
Grenada,Sweethome Hol #2 Fire Stat,Governor,,Phil Bryant,R,161,
Grenada,Sweethome Hol #2 Fire Stat,Governor,,Johnny L. DuPree,D,65,
Grenada,Gore Springs Comm Center,Governor,,Phil Bryant,R,266,
Grenada,Gore Springs Comm Center,Governor,,Johnny L. DuPree,D,92,
Grenada,Futheyville 1st Pentecost,Governor,,Phil Bryant,R,321,
Grenada,Futheyville 1st Pentecost,Governor,,Johnny L. DuPree,D,128,
Grenada,Providence Gore Spr Comm,Governor,,Phil Bryant,R,0,
Grenada,Providence Gore Spr Comm,Governor,,Johnny L. DuPree,D,0,
Grenada,Mt Nebo Parker's Grocery,Governor,,Phil Bryant,R,0,
Grenada,Mt Nebo Parker's Grocery,Governor,,Johnny L. DuPree,D,0,
Grenada,Pleasant Grove Commun Cen,Governor,,Phil Bryant,R,169,
Grenada,Pleasant Grove Commun Cen,Governor,,Johnny L. DuPree,D,229,
Grenada,Geeslin,Governor,,Phil Bryant,R,551,
Grenada,Geeslin,Governor,,Johnny L. DuPree,D,110,
Grenada,Hardy,Governor,,Phil Bryant,R,0,
Grenada,Hardy,Governor,,Johnny L. DuPree,D,0,
Grenada,Box 1,Lieutenant Governor,,Tate Reeves,R,532,
Grenada,Box 1,Lieutenant Governor,,Tracella Lou O'Hara Hill,Reform,22,
Grenada,Box 2 Grenada Co Office,Lieutenant Governor,,Tate Reeves,R,261,
Grenada,Box 2 Grenada Co Office,Lieutenant Governor,,Tracella Lou O'Hara Hill,Reform,146,
Grenada,Box 3 City Auditorium,Lieutenant Governor,,Tate Reeves,R,320,
Grenada,Box 3 City Auditorium,Lieutenant Governor,,Tracella Lou O'Hara Hill,Reform,305,
Grenada,Holcomb Community Center,Lieutenant Governor,,Tate Reeves,R,430,
Grenada,Holcomb Community Center,Lieutenant Governor,,Tracella Lou O'Hara Hill,Reform,68,
Grenada,Box 4,Lieutenant Governor,,Tate Reeves,R,325,
Grenada,Box 4,Lieutenant Governor,,Tracella Lou O'Hara Hill,Reform,406,
Grenada,Box 5,Lieutenant Governor,,Tate Reeves,R,809,
Grenada,Box 5,Lieutenant Governor,,Tracella Lou O'Hara Hill,Reform,90,
Grenada,Tie Plant,Lieutenant Governor,,Tate Reeves,R,586,
Grenada,Tie Plant,Lieutenant Governor,,Tracella Lou O'Hara Hill,Reform,118,
Grenada,Elliott Vol Fire Station,Lieutenant Governor,,Tate Reeves,R,209,
Grenada,Elliott Vol Fire Station,Lieutenant Governor,,Tracella Lou O'Hara Hill,Reform,25,
Grenada,Sweethome Hol #2 Fire Stat,Lieutenant Governor,,Tate Reeves,R,176,
Grenada,Sweethome Hol #2 Fire Stat,Lieutenant Governor,,Tracella Lou O'Hara Hill,Reform,31,
Grenada,Gore Springs Comm Center,Lieutenant Governor,,Tate Reeves,R,277,
Grenada,Gore Springs Comm Center,Lieutenant Governor,,Tracella Lou O'Hara Hill,Reform,43,
Grenada,Futheyville 1st Pentecost,Lieutenant Governor,,Tate Reeves,R,340,
Grenada,Futheyville 1st Pentecost,Lieutenant Governor,,Tracella Lou O'Hara Hill,Reform,63,
Grenada,Providence Gore Spr Comm,Lieutenant Governor,,Tate Reeves,R,0,
Grenada,Providence Gore Spr Comm,Lieutenant Governor,,Tracella Lou O'Hara Hill,Reform,0,
Grenada,Mt Nebo Parker's Grocery,Lieutenant Governor,,Tate Reeves,R,0,
Grenada,Mt Nebo Parker's Grocery,Lieutenant Governor,,Tracella Lou O'Hara Hill,Reform,0,
Grenada,Pleasant Grove Commun Cen,Lieutenant Governor,,Tate Reeves,R,198,
Grenada,Pleasant Grove Commun Cen,Lieutenant Governor,,Tracella Lou O'Hara Hill,Reform,99,
Grenada,Geeslin,Lieutenant Governor,,Tate Reeves,R,578,
Grenada,Geeslin,Lieutenant Governor,,Tracella Lou O'Hara Hill,Reform,51,
Grenada,Hardy,Lieutenant Governor,,Tate Reeves,R,0,
Grenada,Hardy,Lieutenant Governor,,Tracella Lou O'Hara Hill,Reform,0,
Grenada,Box 1,Secretary of State,,Delbert Hosemann,R,524,
Grenada,Box 2 Grenada Co Office,Secretary of State,,Delbert Hosemann,R,347,
Grenada,Box 3 City Auditorium,Secretary of State,,Delbert Hosemann,R,461,
Grenada,Holcomb Community Center,Secretary of State,,Delbert Hosemann,R,452,
Grenada,Box 4,Secretary of State,,Delbert Hosemann,R,525,
Grenada,Box 5,Secretary of State,,Delbert Hosemann,R,824,
Grenada,Tie Plant,Secretary of State,,Delbert Hosemann,R,625,
Grenada,Elliott Vol Fire Station,Secretary of State,,Delbert Hosemann,R,224,
Grenada,Sweethome Hol #2 Fire Stat,Secretary of State,,Delbert Hosemann,R,185,
Grenada,Gore Springs Comm Center,Secretary of State,,Delbert Hosemann,R,283,
Grenada,Futheyville 1st Pentecost,Secretary of State,,Delbert Hosemann,R,372,
Grenada,Providence Gore Spr Comm,Secretary of State,,Delbert Hosemann,R,0,
Grenada,Mt Nebo Parker's Grocery,Secretary of State,,Delbert Hosemann,R,0,
Grenada,Pleasant Grove Commun Cen,Secretary of State,,Delbert Hosemann,R,249,
Grenada,Geeslin,Secretary of State,,Delbert Hosemann,R,580,
Grenada,Hardy,Secretary of State,,Delbert Hosemann,R,0,
Grenada,Box 1,Attorney General,,Jim Hood,D,229,
Grenada,Box 1,Attorney General,,Steve Simpson,R,324,
Grenada,Box 2 Grenada Co Office,Attorney General,,Jim Hood,D,388,
Grenada,Box 2 Grenada Co Office,Attorney General,,Steve Simpson,R,133,
Grenada,Box 3 City Auditorium,Attorney General,,Jim Hood,D,716,
Grenada,Box 3 City Auditorium,Attorney General,,Steve Simpson,R,152,
Grenada,Holcomb Community Center,Attorney General,,Jim Hood,D,265,
Grenada,Holcomb Community Center,Attorney General,,Steve Simpson,R,248,
Grenada,Box 4,Attorney General,,Jim Hood,D,965,
Grenada,Box 4,Attorney General,,Steve Simpson,R,117,
Grenada,Box 5,Attorney General,,Jim Hood,D,457,
Grenada,Box 5,Attorney General,,Steve Simpson,R,484,
Grenada,Tie Plant,Attorney General,,Jim Hood,D,423,
Grenada,Tie Plant,Attorney General,,Steve Simpson,R,359,
Grenada,Elliott Vol Fire Station,Attorney General,,Jim Hood,D,128,
Grenada,Elliott Vol Fire Station,Attorney General,,Steve Simpson,R,117,
Grenada,Sweethome Hol #2 Fire Stat,Attorney General,,Jim Hood,D,116,
Grenada,Sweethome Hol #2 Fire Stat,Attorney General,,Steve Simpson,R,111,
Grenada,Gore Springs Comm Center,Attorney General,,Jim Hood,D,168,
Grenada,Gore Springs Comm Center,Attorney General,,Steve Simpson,R,181,
Grenada,Futheyville 1st Pentecost,Attorney General,,Jim Hood,D,235,
Grenada,Futheyville 1st Pentecost,Attorney General,,Steve Simpson,R,210,
Grenada,Providence Gore Spr Comm,Attorney General,,Jim Hood,D,0,
Grenada,Providence Gore Spr Comm,Attorney General,,Steve Simpson,R,0,
Grenada,Mt Nebo Parker's Grocery,Attorney General,,Jim Hood,D,0,
Grenada,Mt Nebo Parker's Grocery,Attorney General,,Steve Simpson,R,0,
Grenada,Pleasant Grove Commun Cen,Attorney General,,Jim Hood,D,287,
Grenada,Pleasant Grove Commun Cen,Attorney General,,Steve Simpson,R,104,
Grenada,Geeslin,Attorney General,,Jim Hood,D,329,
Grenada,Geeslin,Attorney General,,Steve Simpson,R,322,
Grenada,Hardy,Attorney General,,Jim Hood,D,0,
Grenada,Hardy,Attorney General,,Steve Simpson,R,0,
Grenada,Box 1,State Auditor,,Stacey E. Pickering,R,512,
Grenada,Box 1,State Auditor,,Ashley Norwood,Reform,32,
Grenada,Box 2 Grenada Co Office,State Auditor,,Stacey E. Pickering,R,238,
Grenada,Box 2 Grenada Co Office,State Auditor,,Ashley Norwood,Reform,169,
Grenada,Box 3 City Auditorium,State Auditor,,Stacey E. Pickering,R,283,
Grenada,Box 3 City Auditorium,State Auditor,,Ashley Norwood,Reform,329,
Grenada,Holcomb Community Center,State Auditor,,Stacey E. Pickering,R,400,
Grenada,Holcomb Community Center,State Auditor,,Ashley Norwood,Reform,81,
Grenada,Box 4,State Auditor,,Stacey E. Pickering,R,294,
Grenada,Box 4,State Auditor,,Ashley Norwood,Reform,406,
Grenada,Box 5,State Auditor,,Stacey E. Pickering,R,767,
Grenada,Box 5,State Auditor,,Ashley Norwood,Reform,122,
Grenada,Tie Plant,State Auditor,,Stacey E. Pickering,R,560,
Grenada,Tie Plant,State Auditor,,Ashley Norwood,Reform,136,
Grenada,Elliott Vol Fire Station,State Auditor,,Stacey E. Pickering,R,199,
Grenada,Elliott Vol Fire Station,State Auditor,,Ashley Norwood,Reform,35,
Grenada,Sweethome Hol #2 Fire Stat,State Auditor,,Stacey E. Pickering,R,169,
Grenada,Sweethome Hol #2 Fire Stat,State Auditor,,Ashley Norwood,Reform,31,
Grenada,Gore Springs Comm Center,State Auditor,,Stacey E. Pickering,R,260,
Grenada,Gore Springs Comm Center,State Auditor,,Ashley Norwood,Reform,52,
Grenada,Futheyville 1st Pentecost,State Auditor,,Stacey E. Pickering,R,331,
Grenada,Futheyville 1st Pentecost,State Auditor,,Ashley Norwood,Reform,73,
Grenada,Providence Gore Spr Comm,State Auditor,,Stacey E. Pickering,R,0,
Grenada,Providence Gore Spr Comm,State Auditor,,Ashley Norwood,Reform,0,
Grenada,Mt Nebo Parker's Grocery,State Auditor,,Stacey E. Pickering,R,0,
Grenada,Mt Nebo Parker's Grocery,State Auditor,,Ashley Norwood,Reform,0,
Grenada,Pleasant Grove Commun Cen,State Auditor,,Stacey E. Pickering,R,172,
Grenada,Pleasant Grove Commun Cen,State Auditor,,Ashley Norwood,Reform,116,
Grenada,Geeslin,State Auditor,,Stacey E. Pickering,R,550,
Grenada,Geeslin,State Auditor,,Ashley Norwood,Reform,76,
Grenada,Hardy,State Auditor,,Stacey E. Pickering,R,0,
Grenada,Hardy,State Auditor,,Ashley Norwood,Reform,0,
Grenada,Box 1,State Treasurer,,Lynn Fitch,R,476,
Grenada,Box 1,State Treasurer,,Connie Moran,D,63,
Grenada,Box 1,State Treasurer,,Shawn O'Hara,Reform,11,
Grenada,Box 2 Grenada Co Office,State Treasurer,,Lynn Fitch,R,213,
Grenada,Box 2 Grenada Co Office,State Treasurer,,Connie Moran,D,304,
Grenada,Box 2 Grenada Co Office,State Treasurer,,Shawn O'Hara,Reform,7,
Grenada,Box 3 City Auditorium,State Treasurer,,Lynn Fitch,R,221,
Grenada,Box 3 City Auditorium,State Treasurer,,Connie Moran,D,636,
Grenada,Box 3 City Auditorium,State Treasurer,,Shawn O'Hara,Reform,18,
Grenada,Holcomb Community Center,State Treasurer,,Lynn Fitch,R,381,
Grenada,Holcomb Community Center,State Treasurer,,Connie Moran,D,112,
Grenada,Holcomb Community Center,State Treasurer,,Shawn O'Hara,Reform,10,
Grenada,Box 4,State Treasurer,,Lynn Fitch,R,193,
Grenada,Box 4,State Treasurer,,Connie Moran,D,865,
Grenada,Box 4,State Treasurer,,Shawn O'Hara,Reform,21,
Grenada,Box 5,State Treasurer,,Lynn Fitch,R,722,
Grenada,Box 5,State Treasurer,,Connie Moran,D,190,
Grenada,Box 5,State Treasurer,,Shawn O'Hara,Reform,23,
Grenada,Tie Plant,State Treasurer,,Lynn Fitch,R,516,
Grenada,Tie Plant,State Treasurer,,Connie Moran,D,242,
Grenada,Tie Plant,State Treasurer,,Shawn O'Hara,Reform,20,
Grenada,Elliott Vol Fire Station,State Treasurer,,Lynn Fitch,R,184,
Grenada,Elliott Vol Fire Station,State Treasurer,,Connie Moran,D,53,
Grenada,Elliott Vol Fire Station,State Treasurer,,Shawn O'Hara,Reform,9,
Grenada,Sweethome Hol #2 Fire Stat,State Treasurer,,Lynn Fitch,R,156,
Grenada,Sweethome Hol #2 Fire Stat,State Treasurer,,Connie Moran,D,69,
Grenada,Sweethome Hol #2 Fire Stat,State Treasurer,,Shawn O'Hara,Reform,1,
Grenada,Gore Springs Comm Center,State Treasurer,,Lynn Fitch,R,247,
Grenada,Gore Springs Comm Center,State Treasurer,,Connie Moran,D,96,
Grenada,Gore Springs Comm Center,State Treasurer,,Shawn O'Hara,Reform,4,
Grenada,Futheyville 1st Pentecost,State Treasurer,,Lynn Fitch,R,301,
Grenada,Futheyville 1st Pentecost,State Treasurer,,Connie Moran,D,126,
Grenada,Futheyville 1st Pentecost,State Treasurer,,Shawn O'Hara,Reform,14,
Grenada,Providence Gore Spr Comm,State Treasurer,,Lynn Fitch,R,0,
Grenada,Providence Gore Spr Comm,State Treasurer,,Connie Moran,D,0,
Grenada,Providence Gore Spr Comm,State Treasurer,,Shawn O'Hara,Reform,0,
Grenada,Mt Nebo Parker's Grocery,State Treasurer,,Lynn Fitch,R,0,
Grenada,Mt Nebo Parker's Grocery,State Treasurer,,Connie Moran,D,0,
Grenada,Mt Nebo Parker's Grocery,State Treasurer,,Shawn O'Hara,Reform,0,
Grenada,Pleasant Grove Commun Cen,State Treasurer,,Lynn Fitch,R,143,
Grenada,Pleasant Grove Commun Cen,State Treasurer,,Connie Moran,D,233,
Grenada,Pleasant Grove Commun Cen,State Treasurer,,Shawn O'Hara,Reform,12,
Grenada,Geeslin,State Treasurer,,Lynn Fitch,R,499,
Grenada,Geeslin,State Treasurer,,Connie Moran,D,122,
Grenada,Geeslin,State Treasurer,,Shawn O'Hara,Reform,14,
Grenada,Hardy,State Treasurer,,Lynn Fitch,R,0,
Grenada,Hardy,State Treasurer,,Connie Moran,D,0,
Grenada,Hardy,State Treasurer,,Shawn O'Hara,Reform,0,
Grenada,Box 1,Commissioner of Agriculture & Commerce,,Joel Gill,D,92,
Grenada,Box 1,Commissioner of Agriculture & Commerce,,Cindy Hyde-Smith,R,436,
Grenada,Box 1,Commissioner of Agriculture & Commerce,,Cathy L. Toole,Reform,13,
Grenada,Box 2 Grenada Co Office,Commissioner of Agriculture & Commerce,,Joel Gill,D,323,
Grenada,Box 2 Grenada Co Office,Commissioner of Agriculture & Commerce,,Cindy Hyde-Smith,R,187,
Grenada,Box 2 Grenada Co Office,Commissioner of Agriculture & Commerce,,Cathy L. Toole,Reform,11,
Grenada,Box 3 City Auditorium,Commissioner of Agriculture & Commerce,,Joel Gill,D,672,
Grenada,Box 3 City Auditorium,Commissioner of Agriculture & Commerce,,Cindy Hyde-Smith,R,188,
Grenada,Box 3 City Auditorium,Commissioner of Agriculture & Commerce,,Cathy L. Toole,Reform,14,
Grenada,Holcomb Community Center,Commissioner of Agriculture & Commerce,,Joel Gill,D,149,
Grenada,Holcomb Community Center,Commissioner of Agriculture & Commerce,,Cindy Hyde-Smith,R,340,
Grenada,Holcomb Community Center,Commissioner of Agriculture & Commerce,,Cathy L. Toole,Reform,15,
Grenada,Box 4,Commissioner of Agriculture & Commerce,,Joel Gill,D,883,
Grenada,Box 4,Commissioner of Agriculture & Commerce,,Cindy Hyde-Smith,R,177,
Grenada,Box 4,Commissioner of Agriculture & Commerce,,Cathy L. Toole,Reform,11,
Grenada,Box 5,Commissioner of Agriculture & Commerce,,Joel Gill,D,243,
Grenada,Box 5,Commissioner of Agriculture & Commerce,,Cindy Hyde-Smith,R,662,
Grenada,Box 5,Commissioner of Agriculture & Commerce,,Cathy L. Toole,Reform,27,
Grenada,Tie Plant,Commissioner of Agriculture & Commerce,,Joel Gill,D,294,
Grenada,Tie Plant,Commissioner of Agriculture & Commerce,,Cindy Hyde-Smith,R,457,
Grenada,Tie Plant,Commissioner of Agriculture & Commerce,,Cathy L. Toole,Reform,19,
Grenada,Elliott Vol Fire Station,Commissioner of Agriculture & Commerce,,Joel Gill,D,84,
Grenada,Elliott Vol Fire Station,Commissioner of Agriculture & Commerce,,Cindy Hyde-Smith,R,156,
Grenada,Elliott Vol Fire Station,Commissioner of Agriculture & Commerce,,Cathy L. Toole,Reform,5,
Grenada,Sweethome Hol #2 Fire Stat,Commissioner of Agriculture & Commerce,,Joel Gill,D,75,
Grenada,Sweethome Hol #2 Fire Stat,Commissioner of Agriculture & Commerce,,Cindy Hyde-Smith,R,144,
Grenada,Sweethome Hol #2 Fire Stat,Commissioner of Agriculture & Commerce,,Cathy L. Toole,Reform,4,
Grenada,Gore Springs Comm Center,Commissioner of Agriculture & Commerce,,Joel Gill,D,116,
Grenada,Gore Springs Comm Center,Commissioner of Agriculture & Commerce,,Cindy Hyde-Smith,R,219,
Grenada,Gore Springs Comm Center,Commissioner of Agriculture & Commerce,,Cathy L. Toole,Reform,8,
Grenada,Futheyville 1st Pentecost,Commissioner of Agriculture & Commerce,,Joel Gill,D,133,
Grenada,Futheyville 1st Pentecost,Commissioner of Agriculture & Commerce,,Cindy Hyde-Smith,R,293,
Grenada,Futheyville 1st Pentecost,Commissioner of Agriculture & Commerce,,Cathy L. Toole,Reform,15,
Grenada,Providence Gore Spr Comm,Commissioner of Agriculture & Commerce,,Joel Gill,D,0,
Grenada,Providence Gore Spr Comm,Commissioner of Agriculture & Commerce,,Cindy Hyde-Smith,R,0,
Grenada,Providence Gore Spr Comm,Commissioner of Agriculture & Commerce,,Cathy L. Toole,Reform,0,
Grenada,Mt Nebo Parker's Grocery,Commissioner of Agriculture & Commerce,,Joel Gill,D,0,
Grenada,Mt Nebo Parker's Grocery,Commissioner of Agriculture & Commerce,,Cindy Hyde-Smith,R,0,
Grenada,Mt Nebo Parker's Grocery,Commissioner of Agriculture & Commerce,,Cathy L. Toole,Reform,0,
Grenada,Pleasant Grove Commun Cen,Commissioner of Agriculture & Commerce,,Joel Gill,D,248,
Grenada,Pleasant Grove Commun Cen,Commissioner of Agriculture & Commerce,,Cindy Hyde-Smith,R,137,
Grenada,Pleasant Grove Commun Cen,Commissioner of Agriculture & Commerce,,Cathy L. Toole,Reform,8,
Grenada,Geeslin,Commissioner of Agriculture & Commerce,,Joel Gill,D,185,
Grenada,Geeslin,Commissioner of Agriculture & Commerce,,Cindy Hyde-Smith,R,440,
Grenada,Geeslin,Commissioner of Agriculture & Commerce,,Cathy L. Toole,Reform,16,
Grenada,Hardy,Commissioner of Agriculture & Commerce,,Joel Gill,D,0,
Grenada,Hardy,Commissioner of Agriculture & Commerce,,Cindy Hyde-Smith,R,0,
Grenada,Hardy,Commissioner of Agriculture & Commerce,,Cathy L. Toole,Reform,0,
Grenada,Box 1,Commissioner of Insurance,,Mike Chaney,R,495,
Grenada,Box 1,Commissioner of Insurance,,Louis Fondren,D,43,
Grenada,Box 1,Commissioner of Insurance,,Barbara Dale Washer,Reform,9,
Grenada,Box 2 Grenada Co Office,Commissioner of Insurance,,Mike Chaney,R,212,
Grenada,Box 2 Grenada Co Office,Commissioner of Insurance,,Louis Fondren,D,301,
Grenada,Box 2 Grenada Co Office,Commissioner of Insurance,,Barbara Dale Washer,Reform,10,
Grenada,Box 3 City Auditorium,Commissioner of Insurance,,Mike Chaney,R,236,
Grenada,Box 3 City Auditorium,Commissioner of Insurance,,Louis Fondren,D,627,
Grenada,Box 3 City Auditorium,Commissioner of Insurance,,Barbara Dale Washer,Reform,10,
Grenada,Holcomb Community Center,Commissioner of Insurance,,Mike Chaney,R,386,
Grenada,Holcomb Community Center,Commissioner of Insurance,,Louis Fondren,D,107,
Grenada,Holcomb Community Center,Commissioner of Insurance,,Barbara Dale Washer,Reform,14,
Grenada,Box 4,Commissioner of Insurance,,Mike Chaney,R,201,
Grenada,Box 4,Commissioner of Insurance,,Louis Fondren,D,854,
Grenada,Box 4,Commissioner of Insurance,,Barbara Dale Washer,Reform,23,
Grenada,Box 5,Commissioner of Insurance,,Mike Chaney,R,743,
Grenada,Box 5,Commissioner of Insurance,,Louis Fondren,D,168,
Grenada,Box 5,Commissioner of Insurance,,Barbara Dale Washer,Reform,21,
Grenada,Tie Plant,Commissioner of Insurance,,Mike Chaney,R,539,
Grenada,Tie Plant,Commissioner of Insurance,,Louis Fondren,D,222,
Grenada,Tie Plant,Commissioner of Insurance,,Barbara Dale Washer,Reform,15,
Grenada,Elliott Vol Fire Station,Commissioner of Insurance,,Mike Chaney,R,196,
Grenada,Elliott Vol Fire Station,Commissioner of Insurance,,Louis Fondren,D,46,
Grenada,Elliott Vol Fire Station,Commissioner of Insurance,,Barbara Dale Washer,Reform,3,
Grenada,Sweethome Hol #2 Fire Stat,Commissioner of Insurance,,Mike Chaney,R,158,
Grenada,Sweethome Hol #2 Fire Stat,Commissioner of Insurance,,Louis Fondren,D,61,
Grenada,Sweethome Hol #2 Fire Stat,Commissioner of Insurance,,Barbara Dale Washer,Reform,5,
Grenada,Gore Springs Comm Center,Commissioner of Insurance,,Mike Chaney,R,257,
Grenada,Gore Springs Comm Center,Commissioner of Insurance,,Louis Fondren,D,88,
Grenada,Gore Springs Comm Center,Commissioner of Insurance,,Barbara Dale Washer,Reform,5,
Grenada,Futheyville 1st Pentecost,Commissioner of Insurance,,Mike Chaney,R,310,
Grenada,Futheyville 1st Pentecost,Commissioner of Insurance,,Louis Fondren,D,110,
Grenada,Futheyville 1st Pentecost,Commissioner of Insurance,,Barbara Dale Washer,Reform,16,
Grenada,Providence Gore Spr Comm,Commissioner of Insurance,,Mike Chaney,R,0,
Grenada,Providence Gore Spr Comm,Commissioner of Insurance,,Louis Fondren,D,0,
Grenada,Providence Gore Spr Comm,Commissioner of Insurance,,Barbara Dale Washer,Reform,0,
Grenada,Mt Nebo Parker's Grocery,Commissioner of Insurance,,Mike Chaney,R,0,
Grenada,Mt Nebo Parker's Grocery,Commissioner of Insurance,,Louis Fondren,D,0,
Grenada,Mt Nebo Parker's Grocery,Commissioner of Insurance,,Barbara Dale Washer,Reform,0,
Grenada,Pleasant Grove Commun Cen,Commissioner of Insurance,,Mike Chaney,R,154,
Grenada,Pleasant Grove Commun Cen,Commissioner of Insurance,,Louis Fondren,D,221,
Grenada,Pleasant Grove Commun Cen,Commissioner of Insurance,,Barbara Dale Washer,Reform,15,
Grenada,Geeslin,Commissioner of Insurance,,Mike Chaney,R,538,
Grenada,Geeslin,Commissioner of Insurance,,Louis Fondren,D,86,
Grenada,Geeslin,Commissioner of Insurance,,Barbara Dale Washer,Reform,16,
Grenada,Hardy,Commissioner of Insurance,,Mike Chaney,R,0,
Grenada,Hardy,Commissioner of Insurance,,Louis Fondren,D,0,
Grenada,Hardy,Commissioner of Insurance,,Barbara Dale Washer,Reform,0,
Grenada,Box 1,State Senate,8,Patsy Gregory,R,366,
Grenada,Box 1,State Senate,8,Russell R. Jolly,D,187,
Grenada,Box 2 Grenada Co Office,State Senate,8,Patsy Gregory,R,155,
Grenada,Box 2 Grenada Co Office,State Senate,8,Russell R. Jolly,D,363,
Grenada,Box 3 City Auditorium,State Senate,8,Patsy Gregory,R,71,
Grenada,Box 3 City Auditorium,State Senate,8,Russell R. Jolly,D,240,
Grenada,Box 4,State Senate,8,Patsy Gregory,R,11,
Grenada,Box 4,State Senate,8,Russell R. Jolly,D,43,
Grenada,Box 5,State Senate,8,Patsy Gregory,R,410,
Grenada,Box 5,State Senate,8,Russell R. Jolly,D,271,
Grenada,Elliott Vol Fire Station,State Senate,8,Patsy Gregory,R,143,
Grenada,Elliott Vol Fire Station,State Senate,8,Russell R. Jolly,D,102,
Grenada,Gore Springs Comm Center,State Senate,8,Patsy Gregory,R,197,
Grenada,Gore Springs Comm Center,State Senate,8,Russell R. Jolly,D,153,
Grenada,Futheyville 1st Pentecost,State Senate,8,Patsy Gregory,R,257,
Grenada,Futheyville 1st Pentecost,State Senate,8,Russell R. Jolly,D,182,
Grenada,Providence Gore Spr Comm,State Senate,8,Patsy Gregory,R,0,
Grenada,Providence Gore Spr Comm,State Senate,8,Russell R. Jolly,D,0,
Grenada,Mt Nebo Parker's Grocery,State Senate,8,Patsy Gregory,R,0,
Grenada,Mt Nebo Parker's Grocery,State Senate,8,Russell R. Jolly,D,0,
Grenada,Pleasant Grove Commun Cen,State Senate,8,Patsy Gregory,R,139,
Grenada,Pleasant Grove Commun Cen,State Senate,8,Russell R. Jolly,D,255,
Grenada,Geeslin,State Senate,8,Patsy Gregory,R,132,
Grenada,Geeslin,State Senate,8,Russell R. Jolly,D,96,
Grenada,Hardy,State Senate,8,Patsy Gregory,R,0,
Grenada,Hardy,State Senate,8,Russell R. Jolly,D,0,
Grenada,Box 3 City Auditorium,State Senate,14,Lydia Graves Chassaniol,R,132,
Grenada,Box 3 City Auditorium,State Senate,14,Carlos E. Moore,D,424,
Grenada,Holcomb Community Center,State Senate,14,Lydia Graves Chassaniol,R,391,
Grenada,Holcomb Community Center,State Senate,14,Carlos E. Moore,D,118,
Grenada,Box 4,State Senate,14,Lydia Graves Chassaniol,R,192,
Grenada,Box 4,State Senate,14,Carlos E. Moore,D,823,
Grenada,Box 5,State Senate,14,Lydia Graves Chassaniol,R,220,
Grenada,Box 5,State Senate,14,Carlos E. Moore,D,36,
Grenada,Tie Plant,State Senate,14,Lydia Graves Chassaniol,R,527,
Grenada,Tie Plant,State Senate,14,Carlos E. Moore,D,255,
Grenada,Sweethome Hol #2 Fire Stat,State Senate,14,Lydia Graves Chassaniol,R,166,
Grenada,Sweethome Hol #2 Fire Stat,State Senate,14,Carlos E. Moore,D,58,
Grenada,Geeslin,State Senate,14,Lydia Graves Chassaniol,R,330,
Grenada,Geeslin,State Senate,14,Carlos E. Moore,D,84,
Grenada,Box 1,State House,24,Sidney W. Bondurant,R,432,
Grenada,Box 1,State House,24,Kevin Horan,D,125,
Grenada,Box 2 Grenada Co Office,State House,24,Sidney W. Bondurant,R,199,
Grenada,Box 2 Grenada Co Office,State House,24,Kevin Horan,D,328,
Grenada,Box 3 City Auditorium,State House,24,Sidney W. Bondurant,R,225,
Grenada,Box 3 City Auditorium,State House,24,Kevin Horan,D,653,
Grenada,Holcomb Community Center,State House,24,Sidney W. Bondurant,R,289,
Grenada,Holcomb Community Center,State House,24,Kevin Horan,D,151,
Grenada,Box 4,State House,24,Sidney W. Bondurant,R,203,
Grenada,Box 4,State House,24,Kevin Horan,D,882,
Grenada,Box 5,State House,24,Sidney W. Bondurant,R,396,
Grenada,Box 5,State House,24,Kevin Horan,D,198,
Grenada,Tie Plant,State House,24,Sidney W. Bondurant,R,157,
Grenada,Tie Plant,State House,24,Kevin Horan,D,157,
Grenada,Elliott Vol Fire Station,State House,24,Sidney W. Bondurant,R,111,
Grenada,Elliott Vol Fire Station,State House,24,Kevin Horan,D,57,
Grenada,Sweethome Hol #2 Fire Stat,State House,24,Sidney W. Bondurant,R,38,
Grenada,Sweethome Hol #2 Fire Stat,State House,24,Kevin Horan,D,39,
Grenada,Gore Springs Comm Center,State House,24,Sidney W. Bondurant,R,140,
Grenada,Gore Springs Comm Center,State House,24,Kevin Horan,D,87,
Grenada,Futheyville 1st Pentecost,State House,24,Sidney W. Bondurant,R,277,
Grenada,Futheyville 1st Pentecost,State House,24,Kevin Horan,D,172,
Grenada,Mt Nebo Parker's Grocery,State House,24,Sidney W. Bondurant,R,0,
Grenada,Mt Nebo Parker's Grocery,State House,24,Kevin Horan,D,0,
Grenada,Pleasant Grove Commun Cen,State House,24,Sidney W. Bondurant,R,133,
Grenada,Pleasant Grove Commun Cen,State House,24,Kevin Horan,D,264,
Grenada,Geeslin,State House,24,Sidney W. Bondurant,R,481,
Grenada,Geeslin,State House,24,Kevin Horan,D,169,
Grenada,Hardy,State House,24,Sidney W. Bondurant,R,0,
Grenada,Hardy,State House,24,Kevin Horan,D,0,
Grenada,Gore Springs Comm Center,State House,35,Joey Hood,R,112,
Grenada,Gore Springs Comm Center,State House,35,"Jan R. 'Jay' Butler, Jr.",L,8,
Grenada,Providence Gore Spr Comm,State House,35,Joey Hood,R,0,
Grenada,Providence Gore Spr Comm,State House,35,"Jan R. 'Jay' Butler, Jr.",L,0,
Grenada,Holcomb Community Center,State House,46,Bobby B. Howell,R,65,
Grenada,Box 5,State House,46,Bobby B. Howell,R,326,
Grenada,Tie Plant,State House,46,Bobby B. Howell,R,412,
Grenada,Elliott Vol Fire Station,State House,46,Bobby B. Howell,R,73,
Grenada,Sweethome Hol #2 Fire Stat,State House,46,Bobby B. Howell,R,130,
Grenada,Box 1,Measure No. 26 - Definition of a person,,Yes,,297,
Grenada,Box 2 Grenada Co Office,Measure No. 26 - Definition of a person,,Yes,,194,
Grenada,Box 3 City Auditorium,Measure No. 26 - Definition of a person,,Yes,,253,
Grenada,Holcomb Community Center,Measure No. 26 - Definition of a person,,Yes,,238,
Grenada,Box 4,Measure No. 26 - Definition of a person,,Yes,,289,
Grenada,Box 5,Measure No. 26 - Definition of a person,,Yes,,449,
Grenada,Tie Plant,Measure No. 26 - Definition of a person,,Yes,,349,
Grenada,Elliott Vol Fire Station,Measure No. 26 - Definition of a person,,Yes,,133,
Grenada,Sweethome Hol #2 Fire Stat,Measure No. 26 - Definition of a person,,Yes,,112,
Grenada,Gore Springs Comm Center,Measure No. 26 - Definition of a person,,Yes,,166,
Grenada,Futheyville 1st Pentecost,Measure No. 26 - Definition of a person,,Yes,,189,
Grenada,Providence Gore Spr Comm,Measure No. 26 - Definition of a person,,Yes,,0,
Grenada,Mt Nebo Parker's Grocery,Measure No. 26 - Definition of a person,,Yes,,0,
Grenada,Pleasant Grove Commun Cen,Measure No. 26 - Definition of a person,,Yes,,155,
Grenada,Geeslin,Measure No. 26 - Definition of a person,,Yes,,398,
Grenada,Hardy,Measure No. 26 - Definition of a person,,Yes,,0,
Grenada,Box 1,Measure No. 26 - Definition of a person,,No,,256,
Grenada,Box 2 Grenada Co Office,Measure No. 26 - Definition of a person,,No,,309,
Grenada,Box 3 City Auditorium,Measure No. 26 - Definition of a person,,No,,598,
Grenada,Holcomb Community Center,Measure No. 26 - Definition of a person,,No,,261,
Grenada,Box 4,Measure No. 26 - Definition of a person,,No,,750,
Grenada,Box 5,Measure No. 26 - Definition of a person,,No,,475,
Grenada,Tie Plant,Measure No. 26 - Definition of a person,,No,,413,
Grenada,Elliott Vol Fire Station,Measure No. 26 - Definition of a person,,No,,110,
Grenada,Sweethome Hol #2 Fire Stat,Measure No. 26 - Definition of a person,,No,,112,
Grenada,Gore Springs Comm Center,Measure No. 26 - Definition of a person,,No,,177,
Grenada,Futheyville 1st Pentecost,Measure No. 26 - Definition of a person,,No,,243,
Grenada,Providence Gore Spr Comm,Measure No. 26 - Definition of a person,,No,,0,
Grenada,Mt Nebo Parker's Grocery,Measure No. 26 - Definition of a person,,No,,0,
Grenada,Pleasant Grove Commun Cen,Measure No. 26 - Definition of a person,,No,,223,
Grenada,Geeslin,Measure No. 26 - Definition of a person,,No,,244,
Grenada,Hardy,Measure No. 26 - Definition of a person,,No,,0,
Grenada,Box 1,Measure No. 26 - Definition of a person,,Over Votes,,0,
Grenada,Box 2 Grenada Co Office,Measure No. 26 - Definition of a person,,Over Votes,,0,
Grenada,Box 3 City Auditorium,Measure No. 26 - Definition of a person,,Over Votes,,0,
Grenada,Holcomb Community Center,Measure No. 26 - Definition of a person,,Over Votes,,0,
Grenada,Box 4,Measure No. 26 - Definition of a person,,Over Votes,,0,
Grenada,Box 5,Measure No. 26 - Definition of a person,,Over Votes,,0,
Grenada,Tie Plant,Measure No. 26 - Definition of a person,,Over Votes,,0,
Grenada,Elliott Vol Fire Station,Measure No. 26 - Definition of a person,,Over Votes,,0,
Grenada,Sweethome Hol #2 Fire Stat,Measure No. 26 - Definition of a person,,Over Votes,,0,
Grenada,Gore Springs Comm Center,Measure No. 26 - Definition of a person,,Over Votes,,0,
Grenada,Futheyville 1st Pentecost,Measure No. 26 - Definition of a person,,Over Votes,,0,
Grenada,Providence Gore Spr Comm,Measure No. 26 - Definition of a person,,Over Votes,,0,
Grenada,Mt Nebo Parker's Grocery,Measure No. 26 - Definition of a person,,Over Votes,,0,
Grenada,Pleasant Grove Commun Cen,Measure No. 26 - Definition of a person,,Over Votes,,0,
Grenada,Geeslin,Measure No. 26 - Definition of a person,,Over Votes,,0,
Grenada,Hardy,Measure No. 26 - Definition of a person,,Over Votes,,0,
Grenada,Box 1,Measure No. 26 - Definition of a person,,Under Votes,,1,
Grenada,Box 2 Grenada Co Office,Measure No. 26 - Definition of a person,,Under Votes,,32,
Grenada,Box 3 City Auditorium,Measure No. 26 - Definition of a person,,Under Votes,,36,
Grenada,Holcomb Community Center,Measure No. 26 - Definition of a person,,Under Votes,,5,
Grenada,Box 4,Measure No. 26 - Definition of a person,,Under Votes,,62,
Grenada,Box 5,Measure No. 26 - Definition of a person,,Under Votes,,3,
Grenada,Tie Plant,Measure No. 26 - Definition of a person,,Under Votes,,15,
Grenada,Elliott Vol Fire Station,Measure No. 26 - Definition of a person,,Under Votes,,3,
Grenada,Sweethome Hol #2 Fire Stat,Measure No. 26 - Definition of a person,,Under Votes,,1,
Grenada,Gore Springs Comm Center,Measure No. 26 - Definition of a person,,Under Votes,,1,
Grenada,Futheyville 1st Pentecost,Measure No. 26 - Definition of a person,,Under Votes,,23,
Grenada,Providence Gore Spr Comm,Measure No. 26 - Definition of a person,,Under Votes,,0,
Grenada,Mt Nebo Parker's Grocery,Measure No. 26 - Definition of a person,,Under Votes,,0,
Grenada,Pleasant Grove Commun Cen,Measure No. 26 - Definition of a person,,Under Votes,,8,
Grenada,Geeslin,Measure No. 26 - Definition of a person,,Under Votes,,14,
Grenada,Hardy,Measure No. 26 - Definition of a person,,Under Votes,,0,
Grenada,Box 1,Measure No. 27 - Voter ID,,Yes,,479,
Grenada,Box 2 Grenada Co Office,Measure No. 27 - Voter ID,,Yes,,237,
Grenada,Box 3 City Auditorium,Measure No. 27 - Voter ID,,Yes,,324,
Grenada,Holcomb Community Center,Measure No. 27 - Voter ID,,Yes,,375,
Grenada,Box 4,Measure No. 27 - Voter ID,,Yes,,277,
Grenada,Box 5,Measure No. 27 - Voter ID,,Yes,,726,
Grenada,Tie Plant,Measure No. 27 - Voter ID,,Yes,,521,
Grenada,Elliott Vol Fire Station,Measure No. 27 - Voter ID,,Yes,,183,
Grenada,Sweethome Hol #2 Fire Stat,Measure No. 27 - Voter ID,,Yes,,157,
Grenada,Gore Springs Comm Center,Measure No. 27 - Voter ID,,Yes,,251,
Grenada,Futheyville 1st Pentecost,Measure No. 27 - Voter ID,,Yes,,325,
Grenada,Providence Gore Spr Comm,Measure No. 27 - Voter ID,,Yes,,0,
Grenada,Mt Nebo Parker's Grocery,Measure No. 27 - Voter ID,,Yes,,0,
Grenada,Pleasant Grove Commun Cen,Measure No. 27 - Voter ID,,Yes,,178,
Grenada,Geeslin,Measure No. 27 - Voter ID,,Yes,,510,
Grenada,Hardy,Measure No. 27 - Voter ID,,Yes,,0,
Grenada,Box 1,Measure No. 27 - Voter ID,,No,,73,
Grenada,Box 2 Grenada Co Office,Measure No. 27 - Voter ID,,No,,275,
Grenada,Box 3 City Auditorium,Measure No. 27 - Voter ID,,No,,538,
Grenada,Holcomb Community Center,Measure No. 27 - Voter ID,,No,,137,
Grenada,Box 4,Measure No. 27 - Voter ID,,No,,793,
Grenada,Box 5,Measure No. 27 - Voter ID,,No,,210,
Grenada,Tie Plant,Measure No. 27 - Voter ID,,No,,242,
Grenada,Elliott Vol Fire Station,Measure No. 27 - Voter ID,,No,,61,
Grenada,Sweethome Hol #2 Fire Stat,Measure No. 27 - Voter ID,,No,,71,
Grenada,Gore Springs Comm Center,Measure No. 27 - Voter ID,,No,,99,
Grenada,Futheyville 1st Pentecost,Measure No. 27 - Voter ID,,No,,120,
Grenada,Providence Gore Spr Comm,Measure No. 27 - Voter ID,,No,,0,
Grenada,Mt Nebo Parker's Grocery,Measure No. 27 - Voter ID,,No,,0,
Grenada,Pleasant Grove Commun Cen,Measure No. 27 - Voter ID,,No,,205,
Grenada,Geeslin,Measure No. 27 - Voter ID,,No,,134,
Grenada,Hardy,Measure No. 27 - Voter ID,,No,,0,
Grenada,Box 1,Measure No. 27 - Voter ID,,Over Votes,,0,
Grenada,Box 2 Grenada Co Office,Measure No. 27 - Voter ID,,Over Votes,,0,
Grenada,Box 3 City Auditorium,Measure No. 27 - Voter ID,,Over Votes,,0,
Grenada,Holcomb Community Center,Measure No. 27 - Voter ID,,Over Votes,,0,
Grenada,Box 4,Measure No. 27 - Voter ID,,Over Votes,,0,
Grenada,Box 5,Measure No. 27 - Voter ID,,Over Votes,,0,
Grenada,Tie Plant,Measure No. 27 - Voter ID,,Over Votes,,0,
Grenada,Elliott Vol Fire Station,Measure No. 27 - Voter ID,,Over Votes,,0,
Grenada,Sweethome Hol #2 Fire Stat,Measure No. 27 - Voter ID,,Over Votes,,0,
Grenada,Gore Springs Comm Center,Measure No. 27 - Voter ID,,Over Votes,,0,
Grenada,Futheyville 1st Pentecost,Measure No. 27 - Voter ID,,Over Votes,,0,
Grenada,Providence Gore Spr Comm,Measure No. 27 - Voter ID,,Over Votes,,0,
Grenada,Mt Nebo Parker's Grocery,Measure No. 27 - Voter ID,,Over Votes,,0,
Grenada,Pleasant Grove Commun Cen,Measure No. 27 - Voter ID,,Over Votes,,0,
Grenada,Geeslin,Measure No. 27 - Voter ID,,Over Votes,,0,
Grenada,Hardy,Measure No. 27 - Voter ID,,Over Votes,,0,
Grenada,Box 1,Measure No. 27 - Voter ID,,Under Votes,,12,
Grenada,Box 2 Grenada Co Office,Measure No. 27 - Voter ID,,Under Votes,,23,
Grenada,Box 3 City Auditorium,Measure No. 27 - Voter ID,,Under Votes,,25,
Grenada,Holcomb Community Center,Measure No. 27 - Voter ID,,Under Votes,,6,
Grenada,Box 4,Measure No. 27 - Voter ID,,Under Votes,,31,
Grenada,Box 5,Measure No. 27 - Voter ID,,Under Votes,,2,
Grenada,Tie Plant,Measure No. 27 - Voter ID,,Under Votes,,1,
Grenada,Elliott Vol Fire Station,Measure No. 27 - Voter ID,,Under Votes,,3,
Grenada,Sweethome Hol #2 Fire Stat,Measure No. 27 - Voter ID,,Under Votes,,1,
Grenada,Gore Springs Comm Center,Measure No. 27 - Voter ID,,Under Votes,,1,
Grenada,Futheyville 1st Pentecost,Measure No. 27 - Voter ID,,Under Votes,,10,
Grenada,Providence Gore Spr Comm,Measure No. 27 - Voter ID,,Under Votes,,0,
Grenada,Mt Nebo Parker's Grocery,Measure No. 27 - Voter ID,,Under Votes,,0,
Grenada,Pleasant Grove Commun Cen,Measure No. 27 - Voter ID,,Under Votes,,17,
Grenada,Geeslin,Measure No. 27 - Voter ID,,Under Votes,,22,
Grenada,Hardy,Measure No. 27 - Voter ID,,Under Votes,,0,
Grenada,Box 1,Measure No. 31 - Eminent Domain,,Yes,,442,
Grenada,Box 2 Grenada Co Office,Measure No. 31 - Eminent Domain,,Yes,,380,
Grenada,Box 3 City Auditorium,Measure No. 31 - Eminent Domain,,Yes,,571,
Grenada,Holcomb Community Center,Measure No. 31 - Eminent Domain,,Yes,,441,
Grenada,Box 4,Measure No. 31 - Eminent Domain,,Yes,,750,
Grenada,Box 5,Measure No. 31 - Eminent Domain,,Yes,,732,
Grenada,Tie Plant,Measure No. 31 - Eminent Domain,,Yes,,595,
Grenada,Elliott Vol Fire Station,Measure No. 31 - Eminent Domain,,Yes,,197,
Grenada,Sweethome Hol #2 Fire Stat,Measure No. 31 - Eminent Domain,,Yes,,172,
Grenada,Gore Springs Comm Center,Measure No. 31 - Eminent Domain,,Yes,,297,
Grenada,Futheyville 1st Pentecost,Measure No. 31 - Eminent Domain,,Yes,,356,
Grenada,Providence Gore Spr Comm,Measure No. 31 - Eminent Domain,,Yes,,0,
Grenada,Mt Nebo Parker's Grocery,Measure No. 31 - Eminent Domain,,Yes,,0,
Grenada,Pleasant Grove Commun Cen,Measure No. 31 - Eminent Domain,,Yes,,33,
Grenada,Geeslin,Measure No. 31 - Eminent Domain,,Yes,,546,
Grenada,Hardy,Measure No. 31 - Eminent Domain,,Yes,,0,
Grenada,Box 1,Measure No. 31 - Eminent Domain,,No,,115,
Grenada,Box 2 Grenada Co Office,Measure No. 31 - Eminent Domain,,No,,137,
Grenada,Box 3 City Auditorium,Measure No. 31 - Eminent Domain,,No,,296,
Grenada,Holcomb Community Center,Measure No. 31 - Eminent Domain,,No,,70,
Grenada,Box 4,Measure No. 31 - Eminent Domain,,No,,314,
Grenada,Box 5,Measure No. 31 - Eminent Domain,,No,,200,
Grenada,Tie Plant,Measure No. 31 - Eminent Domain,,No,,180,
Grenada,Elliott Vol Fire Station,Measure No. 31 - Eminent Domain,,No,,48,
Grenada,Sweethome Hol #2 Fire Stat,Measure No. 31 - Eminent Domain,,No,,52,
Grenada,Gore Springs Comm Center,Measure No. 31 - Eminent Domain,,No,,58,
Grenada,Futheyville 1st Pentecost,Measure No. 31 - Eminent Domain,,No,,91,
Grenada,Providence Gore Spr Comm,Measure No. 31 - Eminent Domain,,No,,0,
Grenada,Mt Nebo Parker's Grocery,Measure No. 31 - Eminent Domain,,No,,0,
Grenada,Pleasant Grove Commun Cen,Measure No. 31 - Eminent Domain,,No,,79,
Grenada,Geeslin,Measure No. 31 - Eminent Domain,,No,,106,
Grenada,Hardy,Measure No. 31 - Eminent Domain,,No,,0,
Grenada,Box 1,Measure No. 31 - Eminent Domain,,Over Votes,,0,
Grenada,Box 2 Grenada Co Office,Measure No. 31 - Eminent Domain,,Over Votes,,0,
Grenada,Box 3 City Auditorium,Measure No. 31 - Eminent Domain,,Over Votes,,0,
Grenada,Holcomb Community Center,Measure No. 31 - Eminent Domain,,Over Votes,,0,
Grenada,Box 4,Measure No. 31 - Eminent Domain,,Over Votes,,0,
Grenada,Box 5,Measure No. 31 - Eminent Domain,,Over Votes,,0,
Grenada,Tie Plant,Measure No. 31 - Eminent Domain,,Over Votes,,0,
Grenada,Elliott Vol Fire Station,Measure No. 31 - Eminent Domain,,Over Votes,,0,
Grenada,Sweethome Hol #2 Fire Stat,Measure No. 31 - Eminent Domain,,Over Votes,,0,
Grenada,Gore Springs Comm Center,Measure No. 31 - Eminent Domain,,Over Votes,,0,
Grenada,Futheyville 1st Pentecost,Measure No. 31 - Eminent Domain,,Over Votes,,0,
Grenada,Providence Gore Spr Comm,Measure No. 31 - Eminent Domain,,Over Votes,,0,
Grenada,Mt Nebo Parker's Grocery,Measure No. 31 - Eminent Domain,,Over Votes,,0,
Grenada,Pleasant Grove Commun Cen,Measure No. 31 - Eminent Domain,,Over Votes,,0,
Grenada,Geeslin,Measure No. 31 - Eminent Domain,,Over Votes,,0,
Grenada,Hardy,Measure No. 31 - Eminent Domain,,Over Votes,,0,
Grenada,Box 1,Measure No. 31 - Eminent Domain,,Under Votes,,7,
Grenada,Box 2 Grenada Co Office,Measure No. 31 - Eminent Domain,,Under Votes,,18,
Grenada,Box 3 City Auditorium,Measure No. 31 - Eminent Domain,,Under Votes,,20,
Grenada,Holcomb Community Center,Measure No. 31 - Eminent Domain,,Under Votes,,5,
Grenada,Box 4,Measure No. 31 - Eminent Domain,,Under Votes,,37,
Grenada,Box 5,Measure No. 31 - Eminent Domain,,Under Votes,,1,
Grenada,Tie Plant,Measure No. 31 - Eminent Domain,,Under Votes,,7,
Grenada,Elliott Vol Fire Station,Measure No. 31 - Eminent Domain,,Under Votes,,2,
Grenada,Sweethome Hol #2 Fire Stat,Measure No. 31 - Eminent Domain,,Under Votes,,3,
Grenada,Gore Springs Comm Center,Measure No. 31 - Eminent Domain,,Under Votes,,0,
Grenada,Futheyville 1st Pentecost,Measure No. 31 - Eminent Domain,,Under Votes,,8,
Grenada,Providence Gore Spr Comm,Measure No. 31 - Eminent Domain,,Under Votes,,0,
Grenada,Mt Nebo Parker's Grocery,Measure No. 31 - Eminent Domain,,Under Votes,,0,
Grenada,Pleasant Grove Commun Cen,Measure No. 31 - Eminent Domain,,Under Votes,,8,
Grenada,Geeslin,Measure No. 31 - Eminent Domain,,Under Votes,,14,
Grenada,Hardy,Measure No. 31 - Eminent Domain,,Under Votes,,0,