county,office,district,candidate,party,precinct,votes
Simpson,Governor,,Jim Hood,Democrat,Bowie,92
Simpson,Governor,,Tate Reeves,Repubilcan,Bowie,131
Simpson,Governor,,Bob Hickingbottom,Constitution,Bowie,2
Simpson,Governor,,David R. Singletary,Independent,Bowie,5
Simpson,Lieutenant Governor,,Delbert Hoseman,Republican,Bowie,161
Simpson,Lieutenant Governor,,Jay Hugues,Democrat,Bowie,66
Simpson,Secretary of State,,Johny DuPree,Republican,Bowie,87
Simpson,Secretary of State,,Michael Watson,Democrat,Bowie,141
Simpson,Attorney General,,Jennifer Riley Collins,Democrat,Bowie,80
Simpson,Attorney General,,Lynn Fitch,Republican,Bowie,145
Simpson,State Auditor,,Shad White,Republican,Bowie,185
Simpson,State Treasurer,,Ardle Lee Green,Democrat,Bowie,76
Simpson,State Treasurer,,David McRae,Republican,Bowie,151
Simpson,Commissioner of Agriculture & Commerce,,Rickey L Cole,Democrat,Bowie,75
Simpson,Commissioner of Agriculture & Commerce,,Andy Gipson,Republican,Bowie,151
Simpson,Commissioner of Insurance,,Robert E. Amos,Democrat,Bowie,74
Simpson,Commissioner of Insurance,,Mike Chaney,Republican,Bowie,153
Simpson,Public Service Commissioner,,Dane Maxwell,Republican,Bowie,145
Simpson,Public Service Commissioner,,Connie Moran,Democrat,Bowie,81
Simpson,Transportation Commissioner,,Tom King,Republican,Bowie,185
Simpson,District Attorney,13,Matt Sullivan,Democrat,Bowie,180
Simpson,State Senate,35,Chris caughman,Republican,Bowie,191
Simpson,State House,90,Noah L Sanford,Republican,Bowie,188
Simpson,Chancery Clerk,,Tommy Joe Harvey,Republican,Bowie,161
Simpson,Chancery Clerk,,Willie Ree McDonald,Democrat,Bowie,60
Simpson,Chancery Clerk,,William J 'Bill' Jerrolds,Independent,Bowie,6
Simpson,Circuit Clerk,,Witt Fortenberry,Republican,Bowie,131
Simpson,Circuit Clerk,,Terrence Norwood,Democrat,Bowie,97
Simpson,Coroner,,Terry Keys Tutor,Republican,Bowie,193
Simpson,Sheriff,,Paul A Mullins,Republican,Bowie,157
Simpson,Sheriff,,Darell Walker,Democrat,Bowie,74
Simpson,Tax Assessor,,Jamie Reed Brewer,Republican,Bowie,190
Simpson,Supervisor,2,Danny Craft,Republican,Bowie,193
Simpson,Justice Court Judge,,Charles A Savell,Republican,Bowie,192
Simpson,Constable,,Christopher Jones,Republican,Bowie,191
Simpson,Measure 4,,For,,Bowie,120
Simpson,Measure 4,,Against,,Bowie,100
Simpson,Measure 4,,Over Vote,,Bowie,0
Simpson,Measure 4,,Under Vote,,Bowie,0
Simpson,Governor,,Jim Hood,Democrat,Braxton,77
Simpson,Governor,,Tate Reeves,Repubilcan,Braxton,472
Simpson,Governor,,Bob Hickingbottom,Constitution,Braxton,4
Simpson,Governor,,David R. Singletary,Independent,Braxton,5
Simpson,Lieutenant Governor,,Delbert Hoseman,Republican,Braxton,507
Simpson,Lieutenant Governor,,Jay Hugues,Democrat,Braxton,42
Simpson,Secretary of State,,Johny DuPree,Republican,Braxton,48
Simpson,Secretary of State,,Michael Watson,Democrat,Braxton,495
Simpson,Attorney General,,Jennifer Riley Collins,Democrat,Braxton,56
Simpson,Attorney General,,Lynn Fitch,Republican,Braxton,497
Simpson,State Auditor,,Shad White,Republican,Braxton,525
Simpson,State Treasurer,,Ardle Lee Green,Democrat,Braxton,31
Simpson,State Treasurer,,David McRae,Republican,Braxton,519
Simpson,Commissioner of Agriculture & Commerce,,Rickey L Cole,Democrat,Braxton,37
Simpson,Commissioner of Agriculture & Commerce,,Andy Gipson,Republican,Braxton,518
Simpson,Commissioner of Insurance,,Robert E. Amos,Democrat,Braxton,35
Simpson,Commissioner of Insurance,,Mike Chaney,Republican,Braxton,515
Simpson,Public Service Commissioner,,Dane Maxwell,Republican,Braxton,489
Simpson,Public Service Commissioner,,Connie Moran,Democrat,Braxton,54
Simpson,Transportation Commissioner,,Tom King,Republican,Braxton,524
Simpson,District Attorney,13,Matt Sullivan,Democrat,Braxton,374
Simpson,State Senate,35,Chris caughman,Republican,Braxton,524
Simpson,State House,77,Price Wallace,Republican,Braxton,521
Simpson,Chancery Clerk,,Tommy Joe Harvey,Republican,Braxton,491
Simpson,Chancery Clerk,,Willie Ree McDonald,Democrat,Braxton,28
Simpson,Chancery Clerk,,William J 'Bill' Jerrolds,Independent,Braxton,30
Simpson,Circuit Clerk,,Witt Fortenberry,Republican,Braxton,498
Simpson,Circuit Clerk,,Terrence Norwood,Democrat,Braxton,52
Simpson,Coroner,,Terry Keys Tutor,Republican,Braxton,522
Simpson,Sheriff,,Paul A Mullins,Republican,Braxton,530
Simpson,Sheriff,,Darell Walker,Democrat,Braxton,24
Simpson,Tax Assessor,,Jamie Reed Brewer,Republican,Braxton,527
Simpson,Supervisor,5,Larry Barnes,Democrat,Braxton,127
Simpson,Supervisor,5,Randy Moore,Republican,Braxton,415
Simpson,Justice Court Judge,,Ted Blackeney,Republican,Braxton,530
Simpson,Constable,,Randall Coleman,Republican,Braxton,528
Simpson,Measure 4,,For,,Braxton,317
Simpson,Measure 4,,Against,,Braxton,218
Simpson,Measure 4,,Over Vote,,Braxton,0
Simpson,Measure 4,,Under Vote,,Braxton,0
Simpson,Governor,,Jim Hood,Democrat,Bridgeport,187
Simpson,Governor,,Tate Reeves,Repubilcan,Bridgeport,78
Simpson,Governor,,Bob Hickingbottom,Constitution,Bridgeport,0
Simpson,Governor,,David R. Singletary,Independent,Bridgeport,2
Simpson,Lieutenant Governor,,Delbert Hoseman,Republican,Bridgeport,93
Simpson,Lieutenant Governor,,Jay Hugues,Democrat,Bridgeport,167
Simpson,Secretary of State,,Johny DuPree,Republican,Bridgeport,175
Simpson,Secretary of State,,Michael Watson,Democrat,Bridgeport,84
Simpson,Attorney General,,Jennifer Riley Collins,Democrat,Bridgeport,182
Simpson,Attorney General,,Lynn Fitch,Republican,Bridgeport,83
Simpson,State Auditor,,Shad White,Republican,Bridgeport,144
Simpson,State Treasurer,,Ardle Lee Green,Democrat,Bridgeport,174
Simpson,State Treasurer,,David McRae,Republican,Bridgeport,89
Simpson,Commissioner of Agriculture & Commerce,,Rickey L Cole,Democrat,Bridgeport,176
Simpson,Commissioner of Agriculture & Commerce,,Andy Gipson,Republican,Bridgeport,82
Simpson,Commissioner of Insurance,,Robert E. Amos,Democrat,Bridgeport,172
Simpson,Commissioner of Insurance,,Mike Chaney,Republican,Bridgeport,91
Simpson,Public Service Commissioner,,Dane Maxwell,Republican,Bridgeport,86
Simpson,Public Service Commissioner,,Connie Moran,Democrat,Bridgeport,174
Simpson,Transportation Commissioner,,Tom King,Republican,Bridgeport,146
Simpson,District Attorney,13,Matt Sullivan,Democrat,Bridgeport,227
Simpson,State Senate,35,Chris caughman,Republican,Bridgeport,146
Simpson,State House,91,Bob Evans,Democrat,Bridgeport,225
Simpson,Chancery Clerk,,Tommy Joe Harvey,Republican,Bridgeport,97
Simpson,Chancery Clerk,,Willie Ree McDonald,Democrat,Bridgeport,162
Simpson,Chancery Clerk,,William J 'Bill' Jerrolds,Independent,Bridgeport,2
Simpson,Circuit Clerk,,Witt Fortenberry,Republican,Bridgeport,78
Simpson,Circuit Clerk,,Terrence Norwood,Democrat,Bridgeport,187
Simpson,Coroner,,Terry Keys Tutor,Republican,Bridgeport,154
Simpson,Sheriff,,Paul A Mullins,Republican,Bridgeport,86
Simpson,Sheriff,,Darell Walker,Democrat,Bridgeport,175
Simpson,Tax Assessor,,Jamie Reed Brewer,Republican,Bridgeport,148
Simpson,Supervisor,4,Donny Welch,Republican,Bridgeport,94
Simpson,Justice Court Judge,,Charles A Savell,Republican,Bridgeport,147
Simpson,Constable,,Christopher Jones,Republican,Bridgeport,148
Simpson,Constable,,Hardy Williams,Democrat,Bridgeport,171
Simpson,Measure 4,,For,,Bridgeport,163
Simpson,Measure 4,,Against,,Bridgeport,71
Simpson,Measure 4,,Over Vote,,Bridgeport,0
Simpson,Measure 4,,Under Vote,,Bridgeport,0
Simpson,Governor,,Jim Hood,Democrat,d'Lo,47
Simpson,Governor,,Tate Reeves,Repubilcan,d'Lo,201
Simpson,Governor,,Bob Hickingbottom,Constitution,d'Lo,0
Simpson,Governor,,David R. Singletary,Independent,d'Lo,5
Simpson,Lieutenant Governor,,Delbert Hoseman,Republican,d'Lo,226
Simpson,Lieutenant Governor,,Jay Hugues,Democrat,d'Lo,24
Simpson,Secretary of State,,Johny DuPree,Republican,d'Lo,29
Simpson,Secretary of State,,Michael Watson,Democrat,d'Lo,217
Simpson,Attorney General,,Jennifer Riley Collins,Democrat,d'Lo,31
Simpson,Attorney General,,Lynn Fitch,Republican,d'Lo,221
Simpson,State Auditor,,Shad White,Republican,d'Lo,237
Simpson,State Treasurer,,Ardle Lee Green,Democrat,d'Lo,19
Simpson,State Treasurer,,David McRae,Republican,d'Lo,231
Simpson,Commissioner of Agriculture & Commerce,,Rickey L Cole,Democrat,d'Lo,24
Simpson,Commissioner of Agriculture & Commerce,,Andy Gipson,Republican,d'Lo,227
Simpson,Commissioner of Insurance,,Robert E. Amos,Democrat,d'Lo,20
Simpson,Commissioner of Insurance,,Mike Chaney,Republican,d'Lo,231
Simpson,Public Service Commissioner,,Dane Maxwell,Republican,d'Lo,221
Simpson,Public Service Commissioner,,Connie Moran,Democrat,d'Lo,25
Simpson,Transportation Commissioner,,Tom King,Republican,d'Lo,239
Simpson,District Attorney,13,Matt Sullivan,Democrat,d'Lo,198
Simpson,State Senate,35,Chris caughman,Republican,d'Lo,240
Simpson,State House,77,Price Wallace,Republican,d'Lo,241
Simpson,Chancery Clerk,,Tommy Joe Harvey,Republican,d'Lo,231
Simpson,Chancery Clerk,,Willie Ree McDonald,Democrat,d'Lo,15
Simpson,Chancery Clerk,,William J 'Bill' Jerrolds,Independent,d'Lo,3
Simpson,Circuit Clerk,,Witt Fortenberry,Republican,d'Lo,225
Simpson,Circuit Clerk,,Terrence Norwood,Democrat,d'Lo,26
Simpson,Coroner,,Terry Keys Tutor,Republican,d'Lo,244
Simpson,Sheriff,,Paul A Mullins,Republican,d'Lo,239
Simpson,Sheriff,,Darell Walker,Democrat,d'Lo,15
Simpson,Tax Assessor,,Jamie Reed Brewer,Republican,d'Lo,242
Simpson,Supervisor,3,Brian Kennedy,Republican,d'Lo,241
Simpson,Justice Court Judge,,Ted Blackeney,Republican,d'Lo,239
Simpson,Constable,,Randall Coleman,Republican,d'Lo,242
Simpson,Measure 4,,For,,d'Lo,166
Simpson,Measure 4,,Against,,d'Lo,84
Simpson,Measure 4,,Over Vote,,d'Lo,0
Simpson,Measure 4,,Under Vote,,d'Lo,0
Simpson,Governor,,Jim Hood,Democrat,Dry Creek,83
Simpson,Governor,,Tate Reeves,Repubilcan,Dry Creek,383
Simpson,Governor,,Bob Hickingbottom,Constitution,Dry Creek,3
Simpson,Governor,,David R. Singletary,Independent,Dry Creek,11
Simpson,Lieutenant Governor,,Delbert Hoseman,Republican,Dry Creek,413
Simpson,Lieutenant Governor,,Jay Hugues,Democrat,Dry Creek,65
Simpson,Secretary of State,,Johny DuPree,Republican,Dry Creek,64
Simpson,Secretary of State,,Michael Watson,Democrat,Dry Creek,409
Simpson,Attorney General,,Jennifer Riley Collins,Democrat,Dry Creek,62
Simpson,Attorney General,,Lynn Fitch,Republican,Dry Creek,412
Simpson,State Auditor,,Shad White,Republican,Dry Creek,448
Simpson,State Treasurer,,Ardle Lee Green,Democrat,Dry Creek,56
Simpson,State Treasurer,,David McRae,Republican,Dry Creek,418
Simpson,Commissioner of Agriculture & Commerce,,Rickey L Cole,Democrat,Dry Creek,60
Simpson,Commissioner of Agriculture & Commerce,,Andy Gipson,Republican,Dry Creek,416
Simpson,Commissioner of Insurance,,Robert E. Amos,Democrat,Dry Creek,56
Simpson,Commissioner of Insurance,,Mike Chaney,Republican,Dry Creek,419
Simpson,Public Service Commissioner,,Dane Maxwell,Republican,Dry Creek,405
Simpson,Public Service Commissioner,,Connie Moran,Democrat,Dry Creek,68
Simpson,Transportation Commissioner,,Tom King,Republican,Dry Creek,447
Simpson,District Attorney,13,Matt Sullivan,Democrat,Dry Creek,336
Simpson,State Senate,35,Chris caughman,Republican,Dry Creek,454
Simpson,State House,90,Noah L Sanford,Republican,Dry Creek,448
Simpson,Chancery Clerk,,Tommy Joe Harvey,Republican,Dry Creek,422
Simpson,Chancery Clerk,,Willie Ree McDonald,Democrat,Dry Creek,41
Simpson,Chancery Clerk,,William J 'Bill' Jerrolds,Independent,Dry Creek,14
Simpson,Circuit Clerk,,Witt Fortenberry,Republican,Dry Creek,404
Simpson,Circuit Clerk,,Terrence Norwood,Democrat,Dry Creek,73
Simpson,Coroner,,Terry Keys Tutor,Republican,Dry Creek,453
Simpson,Sheriff,,Paul A Mullins,Republican,Dry Creek,426
Simpson,Sheriff,,Darell Walker,Democrat,Dry Creek,52
Simpson,Tax Assessor,,Jamie Reed Brewer,Republican,Dry Creek,454
Simpson,Supervisor,3,Brian Kennedy,Republican,Dry Creek,455
Simpson,Justice Court Judge,,Ted Blackeney,Republican,Dry Creek,451
Simpson,Constable,,Randall Coleman,Republican,Dry Creek,451
Simpson,Measure 4,,For,,Dry Creek,226
Simpson,Measure 4,,Against,,Dry Creek,242
Simpson,Measure 4,,Over Vote,,Dry Creek,0
Simpson,Measure 4,,Under Vote,,Dry Creek,0
Simpson,Governor,,Jim Hood,Democrat,Fork Church,194
Simpson,Governor,,Tate Reeves,Repubilcan,Fork Church,90
Simpson,Governor,,Bob Hickingbottom,Constitution,Fork Church,0
Simpson,Governor,,David R. Singletary,Independent,Fork Church,0
Simpson,Lieutenant Governor,,Delbert Hoseman,Republican,Fork Church,102
Simpson,Lieutenant Governor,,Jay Hugues,Democrat,Fork Church,177
Simpson,Secretary of State,,Johny DuPree,Republican,Fork Church,192
Simpson,Secretary of State,,Michael Watson,Democrat,Fork Church,88
Simpson,Attorney General,,Jennifer Riley Collins,Democrat,Fork Church,189
Simpson,Attorney General,,Lynn Fitch,Republican,Fork Church,95
Simpson,State Auditor,,Shad White,Republican,Fork Church,166
Simpson,State Treasurer,,Ardle Lee Green,Democrat,Fork Church,183
Simpson,State Treasurer,,David McRae,Republican,Fork Church,93
Simpson,Commissioner of Agriculture & Commerce,,Rickey L Cole,Democrat,Fork Church,181
Simpson,Commissioner of Agriculture & Commerce,,Andy Gipson,Republican,Fork Church,96
Simpson,Commissioner of Insurance,,Robert E. Amos,Democrat,Fork Church,181
Simpson,Commissioner of Insurance,,Mike Chaney,Republican,Fork Church,100
Simpson,Public Service Commissioner,,Dane Maxwell,Republican,Fork Church,101
Simpson,Public Service Commissioner,,Connie Moran,Democrat,Fork Church,177
Simpson,Transportation Commissioner,,Tom King,Republican,Fork Church,167
Simpson,District Attorney,13,Matt Sullivan,Democrat,Fork Church,242
Simpson,State Senate,35,Chris caughman,Republican,Fork Church,168
Simpson,State House,91,Bob Evans,Democrat,Fork Church,242
Simpson,Chancery Clerk,,Tommy Joe Harvey,Republican,Fork Church,109
Simpson,Chancery Clerk,,Willie Ree McDonald,Democrat,Fork Church,162
Simpson,Chancery Clerk,,William J 'Bill' Jerrolds,Independent,Fork Church,5
Simpson,Circuit Clerk,,Witt Fortenberry,Republican,Fork Church,90
Simpson,Circuit Clerk,,Terrence Norwood,Democrat,Fork Church,191
Simpson,Coroner,,Terry Keys Tutor,Republican,Fork Church,173
Simpson,Sheriff,,Paul A Mullins,Republican,Fork Church,101
Simpson,Sheriff,,Darell Walker,Democrat,Fork Church,182
Simpson,Tax Assessor,,Jamie Reed Brewer,Republican,Fork Church,172
Simpson,Supervisor,5,Larry Barnes,Democrat,Fork Church,201
Simpson,Supervisor,5,Randy Moore,Republican,Fork Church,82
Simpson,Justice Court Judge,,Charles A Savell,Republican,Fork Church,172
Simpson,Constable,,Christopher Jones,Republican,Fork Church,176
Simpson,Measure 4,,For,,Fork Church,173
Simpson,Measure 4,,Against,,Fork Church,83
Simpson,Measure 4,,Over Vote,,Fork Church,0
Simpson,Measure 4,,Under Vote,,Fork Church,0
Simpson,Governor,,Jim Hood,Democrat,Harrisville,106
Simpson,Governor,,Tate Reeves,Repubilcan,Harrisville,390
Simpson,Governor,,Bob Hickingbottom,Constitution,Harrisville,1
Simpson,Governor,,David R. Singletary,Independent,Harrisville,12
Simpson,Lieutenant Governor,,Delbert Hoseman,Republican,Harrisville,442
Simpson,Lieutenant Governor,,Jay Hugues,Democrat,Harrisville,65
Simpson,Secretary of State,,Johny DuPree,Republican,Harrisville,86
Simpson,Secretary of State,,Michael Watson,Democrat,Harrisville,409
Simpson,Attorney General,,Jennifer Riley Collins,Democrat,Harrisville,83
Simpson,Attorney General,,Lynn Fitch,Republican,Harrisville,427
Simpson,State Auditor,,Shad White,Republican,Harrisville,461
Simpson,State Treasurer,,Ardle Lee Green,Democrat,Harrisville,64
Simpson,State Treasurer,,David McRae,Republican,Harrisville,441
Simpson,Commissioner of Agriculture & Commerce,,Rickey L Cole,Democrat,Harrisville,60
Simpson,Commissioner of Agriculture & Commerce,,Andy Gipson,Republican,Harrisville,441
Simpson,Commissioner of Insurance,,Robert E. Amos,Democrat,Harrisville,66
Simpson,Commissioner of Insurance,,Mike Chaney,Republican,Harrisville,438
Simpson,Public Service Commissioner,,Dane Maxwell,Republican,Harrisville,417
Simpson,Public Service Commissioner,,Connie Moran,Democrat,Harrisville,83
Simpson,Transportation Commissioner,,Tom King,Republican,Harrisville,459
Simpson,District Attorney,13,Matt Sullivan,Democrat,Harrisville,342
Simpson,State Senate,35,Chris caughman,Republican,Harrisville,465
Simpson,State House,77,Price Wallace,Republican,Harrisville,457
Simpson,Chancery Clerk,,Tommy Joe Harvey,Republican,Harrisville,439
Simpson,Chancery Clerk,,Willie Ree McDonald,Democrat,Harrisville,54
Simpson,Chancery Clerk,,William J 'Bill' Jerrolds,Independent,Harrisville,11
Simpson,Circuit Clerk,,Witt Fortenberry,Republican,Harrisville,390
Simpson,Circuit Clerk,,Terrence Norwood,Democrat,Harrisville,112
Simpson,Coroner,,Terry Keys Tutor,Republican,Harrisville,459
Simpson,Sheriff,,Paul A Mullins,Republican,Harrisville,448
Simpson,Sheriff,,Darell Walker,Democrat,Harrisville,61
Simpson,Tax Assessor,,Jamie Reed Brewer,Republican,Harrisville,453
Simpson,Supervisor,5,Larry Barnes,Democrat,Harrisville,130
Simpson,Supervisor,5,Randy Moore,Republican,Harrisville,372
Simpson,Justice Court Judge,,Charles A Savell,Republican,Harrisville,457
Simpson,Constable,,Christopher Jones,Republican,Harrisville,452
Simpson,Measure 4,,For,,Harrisville,297
Simpson,Measure 4,,Against,,Harrisville,190
Simpson,Measure 4,,Over Vote,,Harrisville,0
Simpson,Measure 4,,Under Vote,,Harrisville,0
Simpson,Governor,,Jim Hood,Democrat,Jupiter,317
Simpson,Governor,,Tate Reeves,Repubilcan,Jupiter,97
Simpson,Governor,,Bob Hickingbottom,Constitution,Jupiter,0
Simpson,Governor,,David R. Singletary,Independent,Jupiter,1
Simpson,Lieutenant Governor,,Delbert Hoseman,Republican,Jupiter,138
Simpson,Lieutenant Governor,,Jay Hugues,Democrat,Jupiter,264
Simpson,Secretary of State,,Johny DuPree,Republican,Jupiter,297
Simpson,Secretary of State,,Michael Watson,Democrat,Jupiter,101
Simpson,Attorney General,,Jennifer Riley Collins,Democrat,Jupiter,308
Simpson,Attorney General,,Lynn Fitch,Republican,Jupiter,101
Simpson,State Auditor,,Shad White,Republican,Jupiter,192
Simpson,State Treasurer,,Ardle Lee Green,Democrat,Jupiter,282
Simpson,State Treasurer,,David McRae,Republican,Jupiter,113
Simpson,Commissioner of Agriculture & Commerce,,Rickey L Cole,Democrat,Jupiter,279
Simpson,Commissioner of Agriculture & Commerce,,Andy Gipson,Republican,Jupiter,115
Simpson,Commissioner of Insurance,,Robert E. Amos,Democrat,Jupiter,282
Simpson,Commissioner of Insurance,,Mike Chaney,Republican,Jupiter,114
Simpson,Public Service Commissioner,,Dane Maxwell,Republican,Jupiter,109
Simpson,Public Service Commissioner,,Connie Moran,Democrat,Jupiter,287
Simpson,Transportation Commissioner,,Tom King,Republican,Jupiter,193
Simpson,District Attorney,13,Matt Sullivan,Democrat,Jupiter,354
Simpson,State Senate,35,Chris caughman,Republican,Jupiter,197
Simpson,State House,77,Price Wallace,Republican,Jupiter,198
Simpson,Chancery Clerk,,Tommy Joe Harvey,Republican,Jupiter,132
Simpson,Chancery Clerk,,Willie Ree McDonald,Democrat,Jupiter,258
Simpson,Chancery Clerk,,William J 'Bill' Jerrolds,Independent,Jupiter,4
Simpson,Circuit Clerk,,Witt Fortenberry,Republican,Jupiter,100
Simpson,Circuit Clerk,,Terrence Norwood,Democrat,Jupiter,304
Simpson,Coroner,,Terry Keys Tutor,Republican,Jupiter,197
Simpson,Sheriff,,Paul A Mullins,Republican,Jupiter,138
Simpson,Sheriff,,Darell Walker,Democrat,Jupiter,267
Simpson,Tax Assessor,,Jamie Reed Brewer,Republican,Jupiter,197
Simpson,Supervisor,1,G Mitchell Chatman,Democrat,Jupiter,347
Simpson,Justice Court Judge,,Ted Blackeney,Republican,Jupiter,190
Simpson,Constable,,Randall Coleman,Republican,Jupiter,206
Simpson,Measure 4,,For,,Jupiter,298
Simpson,Measure 4,,Against,,Jupiter,78
Simpson,Measure 4,,Over Vote,,Jupiter,0
Simpson,Measure 4,,Under Vote,,Jupiter,0
Simpson,Governor,,Jim Hood,Democrat,Magee 1,358
Simpson,Governor,,Tate Reeves,Repubilcan,Magee 1,53
Simpson,Governor,,Bob Hickingbottom,Constitution,Magee 1,1
Simpson,Governor,,David R. Singletary,Independent,Magee 1,1
Simpson,Lieutenant Governor,,Delbert Hoseman,Republican,Magee 1,76
Simpson,Lieutenant Governor,,Jay Hugues,Democrat,Magee 1,322
Simpson,Secretary of State,,Johny DuPree,Republican,Magee 1,344
Simpson,Secretary of State,,Michael Watson,Democrat,Magee 1,55
Simpson,Attorney General,,Jennifer Riley Collins,Democrat,Magee 1,349
Simpson,Attorney General,,Lynn Fitch,Republican,Magee 1,59
Simpson,State Auditor,,Shad White,Republican,Magee 1,209
Simpson,State Treasurer,,Ardle Lee Green,Democrat,Magee 1,340
Simpson,State Treasurer,,David McRae,Republican,Magee 1,65
Simpson,Commissioner of Agriculture & Commerce,,Rickey L Cole,Democrat,Magee 1,333
Simpson,Commissioner of Agriculture & Commerce,,Andy Gipson,Republican,Magee 1,70
Simpson,Commissioner of Insurance,,Robert E. Amos,Democrat,Magee 1,342
Simpson,Commissioner of Insurance,,Mike Chaney,Republican,Magee 1,65
Simpson,Public Service Commissioner,,Dane Maxwell,Republican,Magee 1,69
Simpson,Public Service Commissioner,,Connie Moran,Democrat,Magee 1,335
Simpson,Transportation Commissioner,,Tom King,Republican,Magee 1,199
Simpson,District Attorney,13,Matt Sullivan,Democrat,Magee 1,381
Simpson,State Senate,35,Chris caughman,Republican,Magee 1,201
Simpson,State House,77,Price Wallace,Republican,Magee 1,173
Simpson,State House,90,Noah L Sanford,Republican,Magee 1,29
Simpson,Chancery Clerk,,Tommy Joe Harvey,Republican,Magee 1,71
Simpson,Chancery Clerk,,Willie Ree McDonald,Democrat,Magee 1,332
Simpson,Chancery Clerk,,William J 'Bill' Jerrolds,Independent,Magee 1,7
Simpson,Circuit Clerk,,Witt Fortenberry,Republican,Magee 1,54
Simpson,Circuit Clerk,,Terrence Norwood,Democrat,Magee 1,350
Simpson,Coroner,,Terry Keys Tutor,Republican,Magee 1,218
Simpson,Sheriff,,Paul A Mullins,Republican,Magee 1,62
Simpson,Sheriff,,Darell Walker,Democrat,Magee 1,345
Simpson,Tax Assessor,,Jamie Reed Brewer,Republican,Magee 1,205
Simpson,Supervisor,1,G Mitchell Chatman,Democrat,Magee 1,388
Simpson,Justice Court Judge,,Ted Blackeney,Republican,Magee 1,202
Simpson,Constable,,Randall Coleman,Republican,Magee 1,211
Simpson,Measure 4,,For,,Magee 1,310
Simpson,Measure 4,,Against,,Magee 1,74
Simpson,Measure 4,,Over Vote,,Magee 1,0
Simpson,Measure 4,,Under Vote,,Magee 1,0
Simpson,Governor,,Jim Hood,Democrat,Magee 2,219
Simpson,Governor,,Tate Reeves,Repubilcan,Magee 2,592
Simpson,Governor,,Bob Hickingbottom,Constitution,Magee 2,2
Simpson,Governor,,David R. Singletary,Independent,Magee 2,13
Simpson,Lieutenant Governor,,Delbert Hoseman,Republican,Magee 2,651
Simpson,Lieutenant Governor,,Jay Hugues,Democrat,Magee 2,172
Simpson,Secretary of State,,Johny DuPree,Republican,Magee 2,172
Simpson,Secretary of State,,Michael Watson,Democrat,Magee 2,648
Simpson,Attorney General,,Jennifer Riley Collins,Democrat,Magee 2,190
Simpson,Attorney General,,Lynn Fitch,Republican,Magee 2,637
Simpson,State Auditor,,Shad White,Republican,Magee 2,744
Simpson,State Treasurer,,Ardle Lee Green,Democrat,Magee 2,161
Simpson,State Treasurer,,David McRae,Republican,Magee 2,666
Simpson,Commissioner of Agriculture & Commerce,,Rickey L Cole,Democrat,Magee 2,163
Simpson,Commissioner of Agriculture & Commerce,,Andy Gipson,Republican,Magee 2,662
Simpson,Commissioner of Insurance,,Robert E. Amos,Democrat,Magee 2,160
Simpson,Commissioner of Insurance,,Mike Chaney,Republican,Magee 2,663
Simpson,Public Service Commissioner,,Dane Maxwell,Republican,Magee 2,640
Simpson,Public Service Commissioner,,Connie Moran,Democrat,Magee 2,177
Simpson,Transportation Commissioner,,Tom King,Republican,Magee 2,744
Simpson,District Attorney,13,Matt Sullivan,Democrat,Magee 2,655
Simpson,State Senate,35,Chris caughman,Republican,Magee 2,754
Simpson,State House,77,Price Wallace,Republican,Magee 2,503
Simpson,State House,90,Noah L Sanford,Republican,Magee 2,246
Simpson,Chancery Clerk,,Tommy Joe Harvey,Republican,Magee 2,679
Simpson,Chancery Clerk,,Willie Ree McDonald,Democrat,Magee 2,124
Simpson,Chancery Clerk,,William J 'Bill' Jerrolds,Independent,Magee 2,22
Simpson,Circuit Clerk,,Witt Fortenberry,Republican,Magee 2,621
Simpson,Circuit Clerk,,Terrence Norwood,Democrat,Magee 2,201
Simpson,Coroner,,Terry Keys Tutor,Republican,Magee 2,759
Simpson,Sheriff,,Paul A Mullins,Republican,Magee 2,660
Simpson,Sheriff,,Darell Walker,Democrat,Magee 2,167
Simpson,Tax Assessor,,Jamie Reed Brewer,Republican,Magee 2,748
Simpson,Supervisor,2,Danny Craft,Republican,Magee 2,742
Simpson,Justice Court Judge,,Charles A Savell,Republican,Magee 2,737
Simpson,Constable,,Christopher Jones,Republican,Magee 2,743
Simpson,Measure 4,,For,,Magee 2,478
Simpson,Measure 4,,Against,,Magee 2,330
Simpson,Measure 4,,Over Vote,,Magee 2,0
Simpson,Measure 4,,Under Vote,,Magee 2,0
Simpson,Governor,,Jim Hood,Democrat,Magee 4 North,102
Simpson,Governor,,Tate Reeves,Repubilcan,Magee 4 North,284
Simpson,Governor,,Bob Hickingbottom,Constitution,Magee 4 North,1
Simpson,Governor,,David R. Singletary,Independent,Magee 4 North,7
Simpson,Lieutenant Governor,,Delbert Hoseman,Republican,Magee 4 North,325
Simpson,Lieutenant Governor,,Jay Hugues,Democrat,Magee 4 North,69
Simpson,Secretary of State,,Johny DuPree,Republican,Magee 4 North,66
Simpson,Secretary of State,,Michael Watson,Democrat,Magee 4 North,324
Simpson,Attorney General,,Jennifer Riley Collins,Democrat,Magee 4 North,70
Simpson,Attorney General,,Lynn Fitch,Republican,Magee 4 North,327
Simpson,State Auditor,,Shad White,Republican,Magee 4 North,363
Simpson,State Treasurer,,Ardle Lee Green,Democrat,Magee 4 North,60
Simpson,State Treasurer,,David McRae,Republican,Magee 4 North,334
Simpson,Commissioner of Agriculture & Commerce,,Rickey L Cole,Democrat,Magee 4 North,66
Simpson,Commissioner of Agriculture & Commerce,,Andy Gipson,Republican,Magee 4 North,330
Simpson,Commissioner of Insurance,,Robert E. Amos,Democrat,Magee 4 North,57
Simpson,Commissioner of Insurance,,Mike Chaney,Republican,Magee 4 North,340
Simpson,Public Service Commissioner,,Dane Maxwell,Republican,Magee 4 North,315
Simpson,Public Service Commissioner,,Connie Moran,Democrat,Magee 4 North,76
Simpson,Transportation Commissioner,,Tom King,Republican,Magee 4 North,370
Simpson,District Attorney,13,Matt Sullivan,Democrat,Magee 4 North,314
Simpson,State Senate,35,Chris caughman,Republican,Magee 4 North,367
Simpson,State House,77,Price Wallace,Republican,Magee 4 North,366
Simpson,Chancery Clerk,,Tommy Joe Harvey,Republican,Magee 4 North,325
Simpson,Chancery Clerk,,Willie Ree McDonald,Democrat,Magee 4 North,50
Simpson,Chancery Clerk,,William J 'Bill' Jerrolds,Independent,Magee 4 North,16
Simpson,Circuit Clerk,,Witt Fortenberry,Republican,Magee 4 North,287
Simpson,Circuit Clerk,,Terrence Norwood,Democrat,Magee 4 North,103
Simpson,Coroner,,Terry Keys Tutor,Republican,Magee 4 North,365
Simpson,Sheriff,,Paul A Mullins,Republican,Magee 4 North,324
Simpson,Sheriff,,Darell Walker,Democrat,Magee 4 North,72
Simpson,Tax Assessor,,Jamie Reed Brewer,Republican,Magee 4 North,370
Simpson,Supervisor,4,Donny Welch,Republican,Magee 4 North,340
Simpson,Justice Court Judge,,Charles A Savell,Republican,Magee 4 North,368
Simpson,Constable,,Christopher Jones,Republican,Magee 4 North,367
Simpson,Constable,,Hardy Williams,Democrat,Magee 4 North,56
Simpson,Measure 4,,For,,Magee 4 North,234
Simpson,Measure 4,,Against,,Magee 4 North,155
Simpson,Measure 4,,Over Vote,,Magee 4 North,0
Simpson,Measure 4,,Under Vote,,Magee 4 North,0
Simpson,Governor,,Jim Hood,Democrat,Magee 4 South,193
Simpson,Governor,,Tate Reeves,Repubilcan,Magee 4 South,461
Simpson,Governor,,Bob Hickingbottom,Constitution,Magee 4 South,3
Simpson,Governor,,David R. Singletary,Independent,Magee 4 South,14
Simpson,Lieutenant Governor,,Delbert Hoseman,Republican,Magee 4 South,525
Simpson,Lieutenant Governor,,Jay Hugues,Democrat,Magee 4 South,144
Simpson,Secretary of State,,Johny DuPree,Republican,Magee 4 South,148
Simpson,Secretary of State,,Michael Watson,Democrat,Magee 4 South,521
Simpson,Attorney General,,Jennifer Riley Collins,Democrat,Magee 4 South,157
Simpson,Attorney General,,Lynn Fitch,Republican,Magee 4 South,514
Simpson,State Auditor,,Shad White,Republican,Magee 4 South,599
Simpson,State Treasurer,,Ardle Lee Green,Democrat,Magee 4 South,129
Simpson,State Treasurer,,David McRae,Republican,Magee 4 South,537
Simpson,Commissioner of Agriculture & Commerce,,Rickey L Cole,Democrat,Magee 4 South,137
Simpson,Commissioner of Agriculture & Commerce,,Andy Gipson,Republican,Magee 4 South,534
Simpson,Commissioner of Insurance,,Robert E. Amos,Democrat,Magee 4 South,122
Simpson,Commissioner of Insurance,,Mike Chaney,Republican,Magee 4 South,547
Simpson,Public Service Commissioner,,Dane Maxwell,Republican,Magee 4 South,509
Simpson,Public Service Commissioner,,Connie Moran,Democrat,Magee 4 South,152
Simpson,Transportation Commissioner,,Tom King,Republican,Magee 4 South,603
Simpson,District Attorney,13,Matt Sullivan,Democrat,Magee 4 South,546
Simpson,State Senate,35,Chris caughman,Republican,Magee 4 South,610
Simpson,State House,77,Price Wallace,Republican,Magee 4 South,604
Simpson,Chancery Clerk,,Tommy Joe Harvey,Republican,Magee 4 South,521
Simpson,Chancery Clerk,,Willie Ree McDonald,Democrat,Magee 4 South,119
Simpson,Chancery Clerk,,William J 'Bill' Jerrolds,Independent,Magee 4 South,27
Simpson,Circuit Clerk,,Witt Fortenberry,Republican,Magee 4 South,490
Simpson,Circuit Clerk,,Terrence Norwood,Democrat,Magee 4 South,178
Simpson,Coroner,,Terry Keys Tutor,Republican,Magee 4 South,605
Simpson,Sheriff,,Paul A Mullins,Republican,Magee 4 South,534
Simpson,Sheriff,,Darell Walker,Democrat,Magee 4 South,136
Simpson,Tax Assessor,,Jamie Reed Brewer,Republican,Magee 4 South,608
Simpson,Supervisor,4,Donny Welch,Republican,Magee 4 South,542
Simpson,Justice Court Judge,,Ted Blackeney,Republican,Magee 4 South,15
Simpson,Justice Court Judge,,Charles A Savell,Republican,Magee 4 South,586
Simpson,Constable,,Randall Coleman,Republican,Magee 4 South,16
Simpson,Constable,,Christopher Jones,Republican,Magee 4 South,583
Simpson,Constable,,Hardy Williams,Democrat,Magee 4 South,126
Simpson,Measure 4,,For,,Magee 4 South,370
Simpson,Measure 4,,Against,,Magee 4 South,292
Simpson,Measure 4,,Over Vote,,Magee 4 South,0
Simpson,Measure 4,,Under Vote,,Magee 4 South,0
Simpson,Governor,,Jim Hood,Democrat,Mendenhall 1,157
Simpson,Governor,,Tate Reeves,Repubilcan,Mendenhall 1,49
Simpson,Governor,,Bob Hickingbottom,Constitution,Mendenhall 1,0
Simpson,Governor,,David R. Singletary,Independent,Mendenhall 1,6
Simpson,Lieutenant Governor,,Delbert Hoseman,Republican,Mendenhall 1,67
Simpson,Lieutenant Governor,,Jay Hugues,Democrat,Mendenhall 1,131
Simpson,Secretary of State,,Johny DuPree,Republican,Mendenhall 1,148
Simpson,Secretary of State,,Michael Watson,Democrat,Mendenhall 1,54
Simpson,Attorney General,,Jennifer Riley Collins,Democrat,Mendenhall 1,147
Simpson,Attorney General,,Lynn Fitch,Republican,Mendenhall 1,60
Simpson,State Auditor,,Shad White,Republican,Mendenhall 1,124
Simpson,State Treasurer,,Ardle Lee Green,Democrat,Mendenhall 1,137
Simpson,State Treasurer,,David McRae,Republican,Mendenhall 1,65
Simpson,Commissioner of Agriculture & Commerce,,Rickey L Cole,Democrat,Mendenhall 1,136
Simpson,Commissioner of Agriculture & Commerce,,Andy Gipson,Republican,Mendenhall 1,64
Simpson,Commissioner of Insurance,,Robert E. Amos,Democrat,Mendenhall 1,138
Simpson,Commissioner of Insurance,,Mike Chaney,Republican,Mendenhall 1,66
Simpson,Public Service Commissioner,,Dane Maxwell,Republican,Mendenhall 1,58
Simpson,Public Service Commissioner,,Connie Moran,Democrat,Mendenhall 1,141
Simpson,Transportation Commissioner,,Tom King,Republican,Mendenhall 1,119
Simpson,District Attorney,13,Matt Sullivan,Democrat,Mendenhall 1,182
Simpson,State Senate,35,Chris caughman,Republican,Mendenhall 1,129
Simpson,State House,77,Price Wallace,Republican,Mendenhall 1,118
Simpson,Chancery Clerk,,Tommy Joe Harvey,Republican,Mendenhall 1,70
Simpson,Chancery Clerk,,Willie Ree McDonald,Democrat,Mendenhall 1,130
Simpson,Chancery Clerk,,William J 'Bill' Jerrolds,Independent,Mendenhall 1,6
Simpson,Circuit Clerk,,Witt Fortenberry,Republican,Mendenhall 1,57
Simpson,Circuit Clerk,,Terrence Norwood,Democrat,Mendenhall 1,148
Simpson,Coroner,,Terry Keys Tutor,Republican,Mendenhall 1,123
Simpson,Sheriff,,Paul A Mullins,Republican,Mendenhall 1,71
Simpson,Sheriff,,Darell Walker,Democrat,Mendenhall 1,136
Simpson,Tax Assessor,,Jamie Reed Brewer,Republican,Mendenhall 1,123
Simpson,Supervisor,1,G Mitchell Chatman,Democrat,Mendenhall 1,175
Simpson,Justice Court Judge,,Ted Blackeney,Republican,Mendenhall 1,123
Simpson,Constable,,Randall Coleman,Republican,Mendenhall 1,125
Simpson,Measure 4,,For,,Mendenhall 1,145
Simpson,Measure 4,,Against,,Mendenhall 1,47
Simpson,Measure 4,,Over Vote,,Mendenhall 1,0
Simpson,Measure 4,,Under Vote,,Mendenhall 1,0
Simpson,Governor,,Jim Hood,Democrat,Mendenhall 3,206
Simpson,Governor,,Tate Reeves,Repubilcan,Mendenhall 3,480
Simpson,Governor,,Bob Hickingbottom,Constitution,Mendenhall 3,5
Simpson,Governor,,David R. Singletary,Independent,Mendenhall 3,15
Simpson,Lieutenant Governor,,Delbert Hoseman,Republican,Mendenhall 3,574
Simpson,Lieutenant Governor,,Jay Hugues,Democrat,Mendenhall 3,132
Simpson,Secretary of State,,Johny DuPree,Republican,Mendenhall 3,139
Simpson,Secretary of State,,Michael Watson,Democrat,Mendenhall 3,558
Simpson,Attorney General,,Jennifer Riley Collins,Democrat,Mendenhall 3,155
Simpson,Attorney General,,Lynn Fitch,Republican,Mendenhall 3,548
Simpson,State Auditor,,Shad White,Republican,Mendenhall 3,637
Simpson,State Treasurer,,Ardle Lee Green,Democrat,Mendenhall 3,119
Simpson,State Treasurer,,David McRae,Republican,Mendenhall 3,574
Simpson,Commissioner of Agriculture & Commerce,,Rickey L Cole,Democrat,Mendenhall 3,131
Simpson,Commissioner of Agriculture & Commerce,,Andy Gipson,Republican,Mendenhall 3,570
Simpson,Commissioner of Insurance,,Robert E. Amos,Democrat,Mendenhall 3,109
Simpson,Commissioner of Insurance,,Mike Chaney,Republican,Mendenhall 3,589
Simpson,Public Service Commissioner,,Dane Maxwell,Republican,Mendenhall 3,555
Simpson,Public Service Commissioner,,Connie Moran,Democrat,Mendenhall 3,135
Simpson,Transportation Commissioner,,Tom King,Republican,Mendenhall 3,631
Simpson,District Attorney,13,Matt Sullivan,Democrat,Mendenhall 3,546
Simpson,State Senate,35,Chris caughman,Republican,Mendenhall 3,630
Simpson,State House,77,Price Wallace,Republican,Mendenhall 3,630
Simpson,Chancery Clerk,,Tommy Joe Harvey,Republican,Mendenhall 3,585
Simpson,Chancery Clerk,,Willie Ree McDonald,Democrat,Mendenhall 3,87
Simpson,Chancery Clerk,,William J 'Bill' Jerrolds,Independent,Mendenhall 3,30
Simpson,Circuit Clerk,,Witt Fortenberry,Republican,Mendenhall 3,560
Simpson,Circuit Clerk,,Terrence Norwood,Democrat,Mendenhall 3,146
Simpson,Coroner,,Terry Keys Tutor,Republican,Mendenhall 3,633
Simpson,Sheriff,,Paul A Mullins,Republican,Mendenhall 3,602
Simpson,Sheriff,,Darell Walker,Democrat,Mendenhall 3,105
Simpson,Tax Assessor,,Jamie Reed Brewer,Republican,Mendenhall 3,642
Simpson,Supervisor,3,Brian Kennedy,Republican,Mendenhall 3,635
Simpson,Justice Court Judge,,Ted Blackeney,Republican,Mendenhall 3,623
Simpson,Constable,,Randall Coleman,Republican,Mendenhall 3,640
Simpson,Measure 4,,For,,Mendenhall 3,372
Simpson,Measure 4,,Against,,Mendenhall 3,314
Simpson,Measure 4,,Over Vote,,Mendenhall 3,0
Simpson,Measure 4,,Under Vote,,Mendenhall 3,0
Simpson,Governor,,Jim Hood,Democrat,Merit,105
Simpson,Governor,,Tate Reeves,Repubilcan,Merit,375
Simpson,Governor,,Bob Hickingbottom,Constitution,Merit,1
Simpson,Governor,,David R. Singletary,Independent,Merit,5
Simpson,Lieutenant Governor,,Delbert Hoseman,Republican,Merit,427
Simpson,Lieutenant Governor,,Jay Hugues,Democrat,Merit,60
Simpson,Secretary of State,,Johny DuPree,Republican,Merit,49
Simpson,Secretary of State,,Michael Watson,Democrat,Merit,437
Simpson,Attorney General,,Jennifer Riley Collins,Democrat,Merit,48
Simpson,Attorney General,,Lynn Fitch,Republican,Merit,435
Simpson,State Auditor,,Shad White,Republican,Merit,452
Simpson,State Treasurer,,Ardle Lee Green,Democrat,Merit,36
Simpson,State Treasurer,,David McRae,Republican,Merit,450
Simpson,Commissioner of Agriculture & Commerce,,Rickey L Cole,Democrat,Merit,46
Simpson,Commissioner of Agriculture & Commerce,,Andy Gipson,Republican,Merit,441
Simpson,Commissioner of Insurance,,Robert E. Amos,Democrat,Merit,34
Simpson,Commissioner of Insurance,,Mike Chaney,Republican,Merit,451
Simpson,Public Service Commissioner,,Dane Maxwell,Republican,Merit,433
Simpson,Public Service Commissioner,,Connie Moran,Democrat,Merit,47
Simpson,Transportation Commissioner,,Tom King,Republican,Merit,454
Simpson,District Attorney,13,Matt Sullivan,Democrat,Merit,344
Simpson,State Senate,35,Chris caughman,Republican,Merit,452
Simpson,State House,77,Price Wallace,Republican,Merit,454
Simpson,Chancery Clerk,,Tommy Joe Harvey,Republican,Merit,434
Simpson,Chancery Clerk,,Willie Ree McDonald,Democrat,Merit,21
Simpson,Chancery Clerk,,William J 'Bill' Jerrolds,Independent,Merit,31
Simpson,Circuit Clerk,,Witt Fortenberry,Republican,Merit,436
Simpson,Circuit Clerk,,Terrence Norwood,Democrat,Merit,52
Simpson,Coroner,,Terry Keys Tutor,Republican,Merit,455
Simpson,Sheriff,,Paul A Mullins,Republican,Merit,460
Simpson,Sheriff,,Darell Walker,Democrat,Merit,28
Simpson,Tax Assessor,,Jamie Reed Brewer,Republican,Merit,454
Simpson,Supervisor,5,Larry Barnes,Democrat,Merit,79
Simpson,Supervisor,5,Randy Moore,Republican,Merit,393
Simpson,Justice Court Judge,,Ted Blackeney,Republican,Merit,446
Simpson,Constable,,Randall Coleman,Republican,Merit,455
Simpson,Measure 4,,For,,Merit,229
Simpson,Measure 4,,Against,,Merit,253
Simpson,Measure 4,,Over Vote,,Merit,0
Simpson,Measure 4,,Under Vote,,Merit,0
Simpson,Governor,,Jim Hood,Democrat,New Hope,100
Simpson,Governor,,Tate Reeves,Repubilcan,New Hope,103
Simpson,Governor,,Bob Hickingbottom,Constitution,New Hope,0
Simpson,Governor,,David R. Singletary,Independent,New Hope,1
Simpson,Lieutenant Governor,,Delbert Hoseman,Republican,New Hope,113
Simpson,Lieutenant Governor,,Jay Hugues,Democrat,New Hope,89
Simpson,Secretary of State,,Johny DuPree,Republican,New Hope,99
Simpson,Secretary of State,,Michael Watson,Democrat,New Hope,102
Simpson,Attorney General,,Jennifer Riley Collins,Democrat,New Hope,97
Simpson,Attorney General,,Lynn Fitch,Republican,New Hope,106
Simpson,State Auditor,,Shad White,Republican,New Hope,156
Simpson,State Treasurer,,Ardle Lee Green,Democrat,New Hope,92
Simpson,State Treasurer,,David McRae,Republican,New Hope,108
Simpson,Commissioner of Agriculture & Commerce,,Rickey L Cole,Democrat,New Hope,90
Simpson,Commissioner of Agriculture & Commerce,,Andy Gipson,Republican,New Hope,109
Simpson,Commissioner of Insurance,,Robert E. Amos,Democrat,New Hope,89
Simpson,Commissioner of Insurance,,Mike Chaney,Republican,New Hope,113
Simpson,Public Service Commissioner,,Dane Maxwell,Republican,New Hope,113
Simpson,Public Service Commissioner,,Connie Moran,Democrat,New Hope,85
Simpson,Transportation Commissioner,,Tom King,Republican,New Hope,159
Simpson,District Attorney,13,Matt Sullivan,Democrat,New Hope,167
Simpson,State Senate,35,Chris caughman,Republican,New Hope,156
Simpson,State House,90,Noah L Sanford,Republican,New Hope,155
Simpson,Chancery Clerk,,Tommy Joe Harvey,Republican,New Hope,114
Simpson,Chancery Clerk,,Willie Ree McDonald,Democrat,New Hope,84
Simpson,Chancery Clerk,,William J 'Bill' Jerrolds,Independent,New Hope,3
Simpson,Circuit Clerk,,Witt Fortenberry,Republican,New Hope,102
Simpson,Circuit Clerk,,Terrence Norwood,Democrat,New Hope,97
Simpson,Coroner,,Terry Keys Tutor,Republican,New Hope,163
Simpson,Sheriff,,Paul A Mullins,Republican,New Hope,111
Simpson,Sheriff,,Darell Walker,Democrat,New Hope,93
Simpson,Tax Assessor,,Jamie Reed Brewer,Republican,New Hope,161
Simpson,Supervisor,2,Danny Craft,Republican,New Hope,162
Simpson,Justice Court Judge,,Charles A Savell,Republican,New Hope,161
Simpson,Constable,,Christopher Jones,Republican,New Hope,164
Simpson,Measure 4,,For,,New Hope,108
Simpson,Measure 4,,Against,,New Hope,85
Simpson,Measure 4,,Over Vote,,New Hope,0
Simpson,Measure 4,,Under Vote,,New Hope,0
Simpson,Governor,,Jim Hood,Democrat,Oak Grove,264
Simpson,Governor,,Tate Reeves,Repubilcan,Oak Grove,208
Simpson,Governor,,Bob Hickingbottom,Constitution,Oak Grove,1
Simpson,Governor,,David R. Singletary,Independent,Oak Grove,3
Simpson,Lieutenant Governor,,Delbert Hoseman,Republican,Oak Grove,239
Simpson,Lieutenant Governor,,Jay Hugues,Democrat,Oak Grove,234
Simpson,Secretary of State,,Johny DuPree,Republican,Oak Grove,242
Simpson,Secretary of State,,Michael Watson,Democrat,Oak Grove,224
Simpson,Attorney General,,Jennifer Riley Collins,Democrat,Oak Grove,246
Simpson,Attorney General,,Lynn Fitch,Republican,Oak Grove,232
Simpson,State Auditor,,Shad White,Republican,Oak Grove,320
Simpson,State Treasurer,,Ardle Lee Green,Democrat,Oak Grove,230
Simpson,State Treasurer,,David McRae,Republican,Oak Grove,241
Simpson,Commissioner of Agriculture & Commerce,,Rickey L Cole,Democrat,Oak Grove,232
Simpson,Commissioner of Agriculture & Commerce,,Andy Gipson,Republican,Oak Grove,241
Simpson,Commissioner of Insurance,,Robert E. Amos,Democrat,Oak Grove,225
Simpson,Commissioner of Insurance,,Mike Chaney,Republican,Oak Grove,247
Simpson,Public Service Commissioner,,Dane Maxwell,Republican,Oak Grove,234
Simpson,Public Service Commissioner,,Connie Moran,Democrat,Oak Grove,234
Simpson,Transportation Commissioner,,Tom King,Republican,Oak Grove,319
Simpson,District Attorney,13,Matt Sullivan,Democrat,Oak Grove,410
Simpson,State Senate,35,Chris caughman,Republican,Oak Grove,322
Simpson,State House,90,Noah L Sanford,Republican,Oak Grove,126
Simpson,State House,91,Bob Evans,Democrat,Oak Grove,274
Simpson,Chancery Clerk,,Tommy Joe Harvey,Republican,Oak Grove,253
Simpson,Chancery Clerk,,Willie Ree McDonald,Democrat,Oak Grove,209
Simpson,Chancery Clerk,,William J 'Bill' Jerrolds,Independent,Oak Grove,12
Simpson,Circuit Clerk,,Witt Fortenberry,Republican,Oak Grove,212
Simpson,Circuit Clerk,,Terrence Norwood,Democrat,Oak Grove,262
Simpson,Coroner,,Terry Keys Tutor,Republican,Oak Grove,325
Simpson,Sheriff,,Paul A Mullins,Republican,Oak Grove,248
Simpson,Sheriff,,Darell Walker,Democrat,Oak Grove,231
Simpson,Tax Assessor,,Jamie Reed Brewer,Republican,Oak Grove,321
Simpson,Supervisor,2,Danny Craft,Republican,Oak Grove,329
Simpson,Justice Court Judge,,Charles A Savell,Republican,Oak Grove,323
Simpson,Constable,,Christopher Jones,Republican,Oak Grove,321
Simpson,Measure 4,,For,,Oak Grove,256
Simpson,Measure 4,,Against,,Oak Grove,202
Simpson,Measure 4,,Over Vote,,Oak Grove,0
Simpson,Measure 4,,Under Vote,,Oak Grove,0
Simpson,Governor,,Jim Hood,Democrat,Pearl,92
Simpson,Governor,,Tate Reeves,Repubilcan,Pearl,258
Simpson,Governor,,Bob Hickingbottom,Constitution,Pearl,4
Simpson,Governor,,David R. Singletary,Independent,Pearl,9
Simpson,Lieutenant Governor,,Delbert Hoseman,Republican,Pearl,287
Simpson,Lieutenant Governor,,Jay Hugues,Democrat,Pearl,74
Simpson,Secretary of State,,Johny DuPree,Republican,Pearl,84
Simpson,Secretary of State,,Michael Watson,Democrat,Pearl,272
Simpson,Attorney General,,Jennifer Riley Collins,Democrat,Pearl,85
Simpson,Attorney General,,Lynn Fitch,Republican,Pearl,273
Simpson,State Auditor,,Shad White,Republican,Pearl,304
Simpson,State Treasurer,,Ardle Lee Green,Democrat,Pearl,75
Simpson,State Treasurer,,David McRae,Republican,Pearl,282
Simpson,Commissioner of Agriculture & Commerce,,Rickey L Cole,Democrat,Pearl,77
Simpson,Commissioner of Agriculture & Commerce,,Andy Gipson,Republican,Pearl,281
Simpson,Commissioner of Insurance,,Robert E. Amos,Democrat,Pearl,75
Simpson,Commissioner of Insurance,,Mike Chaney,Republican,Pearl,280
Simpson,Public Service Commissioner,,Dane Maxwell,Republican,Pearl,263
Simpson,Public Service Commissioner,,Connie Moran,Democrat,Pearl,88
Simpson,Transportation Commissioner,,Tom King,Republican,Pearl,304
Simpson,District Attorney,13,Matt Sullivan,Democrat,Pearl,224
Simpson,State Senate,35,Chris caughman,Republican,Pearl,299
Simpson,State House,62,Tom Weathersby,Republican,Pearl,79
Simpson,State House,77,Price Wallace,Republican,Pearl,224
Simpson,Chancery Clerk,,Tommy Joe Harvey,Republican,Pearl,271
Simpson,Chancery Clerk,,Willie Ree McDonald,Democrat,Pearl,73
Simpson,Chancery Clerk,,William J 'Bill' Jerrolds,Independent,Pearl,10
Simpson,Circuit Clerk,,Witt Fortenberry,Republican,Pearl,264
Simpson,Circuit Clerk,,Terrence Norwood,Democrat,Pearl,91
Simpson,Coroner,,Terry Keys Tutor,Republican,Pearl,304
Simpson,Sheriff,,Paul A Mullins,Republican,Pearl,291
Simpson,Sheriff,,Darell Walker,Democrat,Pearl,71
Simpson,Tax Assessor,,Jamie Reed Brewer,Republican,Pearl,300
Simpson,Supervisor,5,Larry Barnes,Democrat,Pearl,116
Simpson,Supervisor,5,Randy Moore,Republican,Pearl,234
Simpson,Justice Court Judge,,Charles A Savell,Republican,Pearl,302
Simpson,Constable,,Christopher Jones,Republican,Pearl,304
Simpson,Measure 4,,For,,Pearl,226
Simpson,Measure 4,,Against,,Pearl,112
Simpson,Measure 4,,Over Vote,,Pearl,0
Simpson,Measure 4,,Under Vote,,Pearl,0
Simpson,Governor,,Jim Hood,Democrat,Pinola,100
Simpson,Governor,,Tate Reeves,Repubilcan,Pinola,147
Simpson,Governor,,Bob Hickingbottom,Constitution,Pinola,1
Simpson,Governor,,David R. Singletary,Independent,Pinola,3
Simpson,Lieutenant Governor,,Delbert Hoseman,Republican,Pinola,174
Simpson,Lieutenant Governor,,Jay Hugues,Democrat,Pinola,71
Simpson,Secretary of State,,Johny DuPree,Republican,Pinola,80
Simpson,Secretary of State,,Michael Watson,Democrat,Pinola,166
Simpson,Attorney General,,Jennifer Riley Collins,Democrat,Pinola,94
Simpson,Attorney General,,Lynn Fitch,Republican,Pinola,155
Simpson,State Auditor,,Shad White,Republican,Pinola,200
Simpson,State Treasurer,,Ardle Lee Green,Democrat,Pinola,72
Simpson,State Treasurer,,David McRae,Republican,Pinola,176
Simpson,Commissioner of Agriculture & Commerce,,Rickey L Cole,Democrat,Pinola,74
Simpson,Commissioner of Agriculture & Commerce,,Andy Gipson,Republican,Pinola,173
Simpson,Commissioner of Insurance,,Robert E. Amos,Democrat,Pinola,69
Simpson,Commissioner of Insurance,,Mike Chaney,Republican,Pinola,179
Simpson,Public Service Commissioner,,Dane Maxwell,Republican,Pinola,165
Simpson,Public Service Commissioner,,Connie Moran,Democrat,Pinola,80
Simpson,Transportation Commissioner,,Tom King,Republican,Pinola,193
Simpson,District Attorney,13,Matt Sullivan,Democrat,Pinola,194
Simpson,State Senate,35,Chris caughman,Republican,Pinola,198
Simpson,State House,77,Price Wallace,Republican,Pinola,197
Simpson,Chancery Clerk,,Tommy Joe Harvey,Republican,Pinola,171
Simpson,Chancery Clerk,,Willie Ree McDonald,Democrat,Pinola,62
Simpson,Chancery Clerk,,William J 'Bill' Jerrolds,Independent,Pinola,13
Simpson,Circuit Clerk,,Witt Fortenberry,Republican,Pinola,170
Simpson,Circuit Clerk,,Terrence Norwood,Democrat,Pinola,80
Simpson,Coroner,,Terry Keys Tutor,Republican,Pinola,201
Simpson,Sheriff,,Paul A Mullins,Republican,Pinola,178
Simpson,Sheriff,,Darell Walker,Democrat,Pinola,73
Simpson,Tax Assessor,,Jamie Reed Brewer,Republican,Pinola,199
Simpson,Supervisor,4,Donny Welch,Republican,Pinola,178
Simpson,Justice Court Judge,,Charles A Savell,Republican,Pinola,202
Simpson,Constable,,Christopher Jones,Republican,Pinola,197
Simpson,Measure 4,,For,,Pinola,134
Simpson,Measure 4,,Against,,Pinola,108
Simpson,Measure 4,,Over Vote,,Pinola,0
Simpson,Measure 4,,Under Vote,,Pinola,0
Simpson,Governor,,Jim Hood,Democrat,Saratoga,119
Simpson,Governor,,Tate Reeves,Repubilcan,Saratoga,101
Simpson,Governor,,Bob Hickingbottom,Constitution,Saratoga,0
Simpson,Governor,,David R. Singletary,Independent,Saratoga,2
Simpson,Lieutenant Governor,,Delbert Hoseman,Republican,Saratoga,118
Simpson,Lieutenant Governor,,Jay Hugues,Democrat,Saratoga,99
Simpson,Secretary of State,,Johny DuPree,Republican,Saratoga,115
Simpson,Secretary of State,,Michael Watson,Democrat,Saratoga,103
Simpson,Attorney General,,Jennifer Riley Collins,Democrat,Saratoga,114
Simpson,Attorney General,,Lynn Fitch,Republican,Saratoga,105
Simpson,State Auditor,,Shad White,Republican,Saratoga,156
Simpson,State Treasurer,,Ardle Lee Green,Democrat,Saratoga,107
Simpson,State Treasurer,,David McRae,Republican,Saratoga,112
Simpson,Commissioner of Agriculture & Commerce,,Rickey L Cole,Democrat,Saratoga,107
Simpson,Commissioner of Agriculture & Commerce,,Andy Gipson,Republican,Saratoga,112
Simpson,Commissioner of Insurance,,Robert E. Amos,Democrat,Saratoga,110
Simpson,Commissioner of Insurance,,Mike Chaney,Republican,Saratoga,112
Simpson,Public Service Commissioner,,Dane Maxwell,Republican,Saratoga,109
Simpson,Public Service Commissioner,,Connie Moran,Democrat,Saratoga,108
Simpson,Transportation Commissioner,,Tom King,Republican,Saratoga,156
Simpson,District Attorney,13,Matt Sullivan,Democrat,Saratoga,184
Simpson,State Senate,35,Chris caughman,Republican,Saratoga,150
Simpson,State House,90,Noah L Sanford,Republican,Saratoga,151
Simpson,Chancery Clerk,,Tommy Joe Harvey,Republican,Saratoga,120
Simpson,Chancery Clerk,,Willie Ree McDonald,Democrat,Saratoga,92
Simpson,Chancery Clerk,,William J 'Bill' Jerrolds,Independent,Saratoga,5
Simpson,Circuit Clerk,,Witt Fortenberry,Republican,Saratoga,107
Simpson,Circuit Clerk,,Terrence Norwood,Democrat,Saratoga,112
Simpson,Coroner,,Terry Keys Tutor,Republican,Saratoga,163
Simpson,Sheriff,,Paul A Mullins,Republican,Saratoga,109
Simpson,Sheriff,,Darell Walker,Democrat,Saratoga,111
Simpson,Tax Assessor,,Jamie Reed Brewer,Republican,Saratoga,155
Simpson,Supervisor,2,Danny Craft,Republican,Saratoga,168
Simpson,Justice Court Judge,,Charles A Savell,Republican,Saratoga,155
Simpson,Constable,,Christopher Jones,Republican,Saratoga,155
Simpson,Constable,,Hardy Williams,Democrat,Saratoga,72
Simpson,Measure 4,,For,,Saratoga,149
Simpson,Measure 4,,Against,,Saratoga,63
Simpson,Measure 4,,Over Vote,,Saratoga,0
Simpson,Measure 4,,Under Vote,,Saratoga,0
Simpson,Governor,,Jim Hood,Democrat,Shivers,131
Simpson,Governor,,Tate Reeves,Repubilcan,Shivers,141
Simpson,Governor,,Bob Hickingbottom,Constitution,Shivers,0
Simpson,Governor,,David R. Singletary,Independent,Shivers,0
Simpson,Lieutenant Governor,,Delbert Hoseman,Republican,Shivers,154
Simpson,Lieutenant Governor,,Jay Hugues,Democrat,Shivers,111
Simpson,Secretary of State,,Johny DuPree,Republican,Shivers,129
Simpson,Secretary of State,,Michael Watson,Democrat,Shivers,134
Simpson,Attorney General,,Jennifer Riley Collins,Democrat,Shivers,125
Simpson,Attorney General,,Lynn Fitch,Republican,Shivers,145
Simpson,State Auditor,,Shad White,Republican,Shivers,188
Simpson,State Treasurer,,Ardle Lee Green,Democrat,Shivers,114
Simpson,State Treasurer,,David McRae,Republican,Shivers,151
Simpson,Commissioner of Agriculture & Commerce,,Rickey L Cole,Democrat,Shivers,114
Simpson,Commissioner of Agriculture & Commerce,,Andy Gipson,Republican,Shivers,150
Simpson,Commissioner of Insurance,,Robert E. Amos,Democrat,Shivers,120
Simpson,Commissioner of Insurance,,Mike Chaney,Republican,Shivers,146
Simpson,Public Service Commissioner,,Dane Maxwell,Republican,Shivers,142
Simpson,Public Service Commissioner,,Connie Moran,Democrat,Shivers,123
Simpson,Transportation Commissioner,,Tom King,Republican,Shivers,195
Simpson,District Attorney,13,Matt Sullivan,Democrat,Shivers,207
Simpson,State Senate,35,Chris caughman,Republican,Shivers,198
Simpson,State House,77,Price Wallace,Republican,Shivers,90
Simpson,State House,91,Bob Evans,Democrat,Shivers,143
Simpson,Chancery Clerk,,Tommy Joe Harvey,Republican,Shivers,154
Simpson,Chancery Clerk,,Willie Ree McDonald,Democrat,Shivers,110
Simpson,Chancery Clerk,,William J 'Bill' Jerrolds,Independent,Shivers,3
Simpson,Circuit Clerk,,Witt Fortenberry,Republican,Shivers,139
Simpson,Circuit Clerk,,Terrence Norwood,Democrat,Shivers,129
Simpson,Coroner,,Terry Keys Tutor,Republican,Shivers,188
Simpson,Sheriff,,Paul A Mullins,Republican,Shivers,144
Simpson,Sheriff,,Darell Walker,Democrat,Shivers,124
Simpson,Tax Assessor,,Jamie Reed Brewer,Republican,Shivers,191
Simpson,Supervisor,4,Donny Welch,Republican,Shivers,155
Simpson,Justice Court Judge,,Charles A Savell,Republican,Shivers,184
Simpson,Constable,,Christopher Jones,Republican,Shivers,193
Simpson,Measure 4,,For,,Shivers,133
Simpson,Measure 4,,Against,,Shivers,121
Simpson,Measure 4,,Over Vote,,Shivers,0
Simpson,Measure 4,,Under Vote,,Shivers,0
Simpson,Governor,,Jim Hood,Democrat,Sumrall,79
Simpson,Governor,,Tate Reeves,Repubilcan,Sumrall,263
Simpson,Governor,,Bob Hickingbottom,Constitution,Sumrall,0
Simpson,Governor,,David R. Singletary,Independent,Sumrall,1
Simpson,Lieutenant Governor,,Delbert Hoseman,Republican,Sumrall,270
Simpson,Lieutenant Governor,,Jay Hugues,Democrat,Sumrall,65
Simpson,Secretary of State,,Johny DuPree,Republican,Sumrall,69
Simpson,Secretary of State,,Michael Watson,Democrat,Sumrall,263
Simpson,Attorney General,,Jennifer Riley Collins,Democrat,Sumrall,67
Simpson,Attorney General,,Lynn Fitch,Republican,Sumrall,271
Simpson,State Auditor,,Shad White,Republican,Sumrall,290
Simpson,State Treasurer,,Ardle Lee Green,Democrat,Sumrall,57
Simpson,State Treasurer,,David McRae,Republican,Sumrall,276
Simpson,Commissioner of Agriculture & Commerce,,Rickey L Cole,Democrat,Sumrall,61
Simpson,Commissioner of Agriculture & Commerce,,Andy Gipson,Republican,Sumrall,276
Simpson,Commissioner of Insurance,,Robert E. Amos,Democrat,Sumrall,59
Simpson,Commissioner of Insurance,,Mike Chaney,Republican,Sumrall,279
Simpson,Public Service Commissioner,,Dane Maxwell,Republican,Sumrall,267
Simpson,Public Service Commissioner,,Connie Moran,Democrat,Sumrall,65
Simpson,Transportation Commissioner,,Tom King,Republican,Sumrall,287
Simpson,District Attorney,13,Matt Sullivan,Democrat,Sumrall,245
Simpson,State Senate,35,Chris caughman,Republican,Sumrall,288
Simpson,State House,77,Price Wallace,Republican,Sumrall,290
Simpson,Chancery Clerk,,Tommy Joe Harvey,Republican,Sumrall,274
Simpson,Chancery Clerk,,Willie Ree McDonald,Democrat,Sumrall,51
Simpson,Chancery Clerk,,William J 'Bill' Jerrolds,Independent,Sumrall,13
Simpson,Circuit Clerk,,Witt Fortenberry,Republican,Sumrall,261
Simpson,Circuit Clerk,,Terrence Norwood,Democrat,Sumrall,81
Simpson,Coroner,,Terry Keys Tutor,Republican,Sumrall,294
Simpson,Sheriff,,Paul A Mullins,Republican,Sumrall,276
Simpson,Sheriff,,Darell Walker,Democrat,Sumrall,65
Simpson,Tax Assessor,,Jamie Reed Brewer,Republican,Sumrall,292
Simpson,Supervisor,3,Brian Kennedy,Republican,Sumrall,288
Simpson,Justice Court Judge,,Ted Blackeney,Republican,Sumrall,288
Simpson,Constable,,Randall Coleman,Republican,Sumrall,290
Simpson,Constable,,Hardy Williams,Democrat,Sumrall,110
Simpson,Measure 4,,For,,Sumrall,191
Simpson,Measure 4,,Against,,Sumrall,136
Simpson,Measure 4,,Over Vote,,Sumrall,0
Simpson,Measure 4,,Under Vote,,Sumrall,0
Simpson,Governor,,Jim Hood,Democrat,Weathersby,456
Simpson,Governor,,Tate Reeves,Repubilcan,Weathersby,97
Simpson,Governor,,Bob Hickingbottom,Constitution,Weathersby,0
Simpson,Governor,,David R. Singletary,Independent,Weathersby,3
Simpson,Lieutenant Governor,,Delbert Hoseman,Republican,Weathersby,136
Simpson,Lieutenant Governor,,Jay Hugues,Democrat,Weathersby,404
Simpson,Secretary of State,,Johny DuPree,Republican,Weathersby,439
Simpson,Secretary of State,,Michael Watson,Democrat,Weathersby,99
Simpson,Attorney General,,Jennifer Riley Collins,Democrat,Weathersby,443
Simpson,Attorney General,,Lynn Fitch,Republican,Weathersby,108
Simpson,State Auditor,,Shad White,Republican,Weathersby,304
Simpson,State Treasurer,,Ardle Lee Green,Democrat,Weathersby,426
Simpson,State Treasurer,,David McRae,Republican,Weathersby,117
Simpson,Commissioner of Agriculture & Commerce,,Rickey L Cole,Democrat,Weathersby,423
Simpson,Commissioner of Agriculture & Commerce,,Andy Gipson,Republican,Weathersby,120
Simpson,Commissioner of Insurance,,Robert E. Amos,Democrat,Weathersby,434
Simpson,Commissioner of Insurance,,Mike Chaney,Republican,Weathersby,115
Simpson,Public Service Commissioner,,Dane Maxwell,Republican,Weathersby,112
Simpson,Public Service Commissioner,,Connie Moran,Democrat,Weathersby,426
Simpson,Transportation Commissioner,,Tom King,Republican,Weathersby,299
Simpson,District Attorney,13,Matt Sullivan,Democrat,Weathersby,504
Simpson,State Senate,35,Chris caughman,Republican,Weathersby,304
Simpson,State House,77,Price Wallace,Republican,Weathersby,294
Simpson,Chancery Clerk,,Tommy Joe Harvey,Republican,Weathersby,153
Simpson,Chancery Clerk,,Willie Ree McDonald,Democrat,Weathersby,393
Simpson,Chancery Clerk,,William J 'Bill' Jerrolds,Independent,Weathersby,5
Simpson,Circuit Clerk,,Witt Fortenberry,Republican,Weathersby,94
Simpson,Circuit Clerk,,Terrence Norwood,Democrat,Weathersby,456
Simpson,Coroner,,Terry Keys Tutor,Republican,Weathersby,317
Simpson,Sheriff,,Paul A Mullins,Republican,Weathersby,107
Simpson,Sheriff,,Darell Walker,Democrat,Weathersby,442
Simpson,Tax Assessor,,Jamie Reed Brewer,Republican,Weathersby,293
Simpson,Supervisor,1,G Mitchell Chatman,Democrat,Weathersby,500
Simpson,Justice Court Judge,,Ted Blackeney,Republican,Weathersby,304
Simpson,Constable,,Randall Coleman,Republican,Weathersby,314
Simpson,Measure 4,,For,,Weathersby,377
Simpson,Measure 4,,Against,,Weathersby,124
Simpson,Measure 4,,Over Vote,,Weathersby,0
Simpson,Measure 4,,Under Vote,,Weathersby,0
Simpson,Governor,,Jim Hood,Democrat,,3784
Simpson,Governor,,Tate Reeves,Repubilcan,,5454
Simpson,Governor,,Bob Hickingbottom,Constitution,,29
Simpson,Governor,,David R. Singletary,Independent,,124
Simpson,Lieutenant Governor,,Delbert Hoseman,Republican,,6218
Simpson,Lieutenant Governor,,Jay Hugues,Democrat,,3047
Simpson,Secretary of State,,Johny DuPree,Republican,,3301
Simpson,Secretary of State,,Michael Watson,Democrat,,5904
Simpson,Attorney General,,Jennifer Riley Collins,Democrat,,3378
Simpson,Attorney General,,Lynn Fitch,Republican,,5956
Simpson,State Auditor,,Shad White,Republican,,7404
Simpson,State Treasurer,,Ardle Lee Green,Democrat,,3040
Simpson,State Treasurer,,David McRae,Republican,,6209
Simpson,Commissioner of Agriculture & Commerce,,Rickey L Cole,Democrat,,3082
Simpson,Commissioner of Agriculture & Commerce,,Andy Gipson,Republican,,6179
Simpson,Commissioner of Insurance,,Robert E. Amos,Democrat,,3029
Simpson,Commissioner of Insurance,,Mike Chaney,Republican,,6253
Simpson,Public Service Commissioner,,Dane Maxwell,Republican,,5957
Simpson,Public Service Commissioner,,Connie Moran,Democrat,,3221
Simpson,Transportation Commissioner,,Tom King,Republican,,7392
Simpson,District Attorney,13,Matt Sullivan,Democrat,,7356
Simpson,State Senate,35,Chris caughman,Republican,,7443
Simpson,State House,62,Tom Weathersby,Republican,,79
Simpson,State House,77,Price Wallace,Republican,,5360
Simpson,State House,90,Noah L Sanford,Republican,,1343
Simpson,State House,91,Bob Evans,Democrat,,884
Simpson,Chancery Clerk,,Tommy Joe Harvey,Republican,,6277
Simpson,Chancery Clerk,,Willie Ree McDonald,Democrat,,2717
Simpson,Chancery Clerk,,William J 'Bill' Jerrolds,Independent,,278
Simpson,Circuit Clerk,,Witt Fortenberry,Republican,,5770
Simpson,Circuit Clerk,,Terrence Norwood,Democrat,,3528
Simpson,Coroner,,Terry Keys Tutor,Republican,,7508
Simpson,Sheriff,,Paul A Mullins,Republican,,6302
Simpson,Sheriff,,Darell Walker,Democrat,,3049
Simpson,Tax Assessor,,Jamie Reed Brewer,Republican,,7445
Simpson,Supervisor,1,G Mitchell Chatman,Democrat,,1410
Simpson,Supervisor,2,Danny Craft,Republican,,1594
Simpson,Supervisor,3,Brian Kennedy,Republican,,1619
Simpson,Supervisor,4,Donny Welch,Republican,,1309
Simpson,Supervisor,5,Larry Barnes,Democrat,,653
Simpson,Supervisor,5,Randy Moore,Republican,,1496
Simpson,Justice Court Judge,,Ted Blackeney,Republican,,3411
Simpson,Justice Court Judge,,Charles A Savell,Republican,,3986
Simpson,Constable,,Randall Coleman,Republican,,3478
Simpson,Constable,,Christopher Jones,Republican,,3994
Simpson,Constable,,Hardy Williams,Democrat,,535
Simpson,Measure 4,,For,,,5472
Simpson,Measure 4,,Against,,,3482
Simpson,Measure 4,,Over Vote,,,0
Simpson,Measure 4,,Under Vote,,,0
