page,candidate,office,district,party,county,precinct,votes,winner,,,
2,Phil Bryant,Governor,,R,Attala,Aponaug,8,,,,
2,Mitch Young,Governor,,R,Attala,Aponaug,0,,,,
2,Phil Bryant,Governor,,R,Attala,Berea,6,,,,
2,Mitch Young,Governor,,R,Attala,Berea,0,,,,
2,Phil Bryant,Governor,,R,Attala,Carmack,8,,,,
2,Mitch Young,Governor,,R,Attala,Carmack,0,,,,
2,Phil Bryant,Governor,,R,Attala,East,65,,,,
2,Mitch Young,Governor,,R,Attala,East,2,,,,
2,Phil Bryant,Governor,,R,Attala,Ethel,3,,,,
2,Mitch Young,Governor,,R,Attala,Ethel,0,,,,
2,Phil Bryant,Governor,,R,Attala,Hesterville,2,,,,
2,Mitch Young,Governor,,R,Attala,Hesterville,1,,,,
2,Phil Bryant,Governor,,R,Attala,Liberty Chapel,4,,,,
2,Mitch Young,Governor,,R,Attala,Liberty Chapel,0,,,,
2,Phil Bryant,Governor,,R,Attala,Mcadams,14,,,,
2,Mitch Young,Governor,,R,Attala,Mcadams,0,,,,
2,Phil Bryant,Governor,,R,Attala,Mccool,19,,,,
2,Mitch Young,Governor,,R,Attala,Mccool,1,,,,
2,Phil Bryant,Governor,,R,Attala,Newport,21,,,,
2,Mitch Young,Governor,,R,Attala,Newport,0,,,,
2,Phil Bryant,Governor,,R,Attala,North Central,23,,,,
2,Mitch Young,Governor,,R,Attala,North Central,0,,,,
3,Phil Bryant,Governor,,R,Attala,North East,27,,,,
3,Mitch Young,Governor,,R,Attala,North East,0,,,,
3,Phil Bryant,Governor,,R,Attala,North West,15,,,,
3,Mitch Young,Governor,,R,Attala,North West,1,,,,
3,Phil Bryant,Governor,,R,Attala,Possumneck,14,,,,
3,Mitch Young,Governor,,R,Attala,Possumneck,1,,,,
3,Phil Bryant,Governor,,R,Attala,Providence,20,,,,
3,Mitch Young,Governor,,R,Attala,Providence,1,,,,
3,Phil Bryant,Governor,,R,Attala,Sallis,19,,,,
3,Mitch Young,Governor,,R,Attala,Sallis,2,,,,
3,Phil Bryant,Governor,,R,Attala,South Central,36,,,,
3,Mitch Young,Governor,,R,Attala,South Central,1,,,,
3,Phil Bryant,Governor,,R,Attala,South West,11,,,,
3,Mitch Young,Governor,,R,Attala,South West,0,,,,
3,Phil Bryant,Governor,,R,Attala,Thompson,6,,,,
3,Mitch Young,Governor,,R,Attala,Thompson,0,,,,
3,Phil Bryant,Governor,,R,Attala,Williamsville,54,,,,
3,Mitch Young,Governor,,R,Attala,Williamsville,1,,,,
3,Phil Bryant,Governor,,R,Attala,Zama,18,,,,
3,Mitch Young,Governor,,R,Attala,Zama,0,,,,
3,Phil Bryant,Governor,,R,Attala,TOTAL,393,,,,
3,Mitch Young,Governor,,R,Attala,TOTAL,11,,,,
2,Alisha Nelson McElhenney,Lieutenant Governor,,R,Attala,Aponaug,0,,,,
2,Tate Reeves,Lieutenant Governor,,R,Attala,Aponaug,8,,,,
2,Alisha Nelson McElhenney,Lieutenant Governor,,R,Attala,Berea,0,,,,
2,Tate Reeves,Lieutenant Governor,,R,Attala,Berea,6,,,,
2,Alisha Nelson McElhenney,Lieutenant Governor,,R,Attala,Carmack,2,,,,
2,Tate Reeves,Lieutenant Governor,,R,Attala,Carmack,6,,,,
2,Alisha Nelson McElhenney,Lieutenant Governor,,R,Attala,East,5,,,,
2,Tate Reeves,Lieutenant Governor,,R,Attala,East,58,,,,
2,Alisha Nelson McElhenney,Lieutenant Governor,,R,Attala,Ethel,2,,,,
2,Tate Reeves,Lieutenant Governor,,R,Attala,Ethel,1,,,,
2,Alisha Nelson McElhenney,Lieutenant Governor,,R,Attala,Hesterville,1,,,,
2,Tate Reeves,Lieutenant Governor,,R,Attala,Hesterville,2,,,,
2,Alisha Nelson McElhenney,Lieutenant Governor,,R,Attala,Liberty Chapel,1,,,,
2,Tate Reeves,Lieutenant Governor,,R,Attala,Liberty Chapel,3,,,,
2,Alisha Nelson McElhenney,Lieutenant Governor,,R,Attala,Mcadams,1,,,,
2,Tate Reeves,Lieutenant Governor,,R,Attala,Mcadams,13,,,,
2,Alisha Nelson McElhenney,Lieutenant Governor,,R,Attala,Mccool,7,,,,
2,Tate Reeves,Lieutenant Governor,,R,Attala,Mccool,12,,,,
2,Alisha Nelson McElhenney,Lieutenant Governor,,R,Attala,Newport,1,,,,
2,Tate Reeves,Lieutenant Governor,,R,Attala,Newport,20,,,,
2,Alisha Nelson McElhenney,Lieutenant Governor,,R,Attala,North Central,1,,,,
2,Tate Reeves,Lieutenant Governor,,R,Attala,North Central,21,,,,
3,Alisha Nelson McElhenney,Lieutenant Governor,,R,Attala,North East,1,,,,
3,Tate Reeves,Lieutenant Governor,,R,Attala,North East,24,,,,
3,Alisha Nelson McElhenney,Lieutenant Governor,,R,Attala,North West,2,,,,
3,Tate Reeves,Lieutenant Governor,,R,Attala,North West,14,,,,
3,Alisha Nelson McElhenney,Lieutenant Governor,,R,Attala,Possumneck,2,,,,
3,Tate Reeves,Lieutenant Governor,,R,Attala,Possumneck,13,,,,
3,Alisha Nelson McElhenney,Lieutenant Governor,,R,Attala,Providence,1,,,,
3,Tate Reeves,Lieutenant Governor,,R,Attala,Providence,20,,,,
3,Alisha Nelson McElhenney,Lieutenant Governor,,R,Attala,Sallis,3,,,,
3,Tate Reeves,Lieutenant Governor,,R,Attala,Sallis,28,,,,
3,Alisha Nelson McElhenney,Lieutenant Governor,,R,Attala,South Central,7,,,,
3,Tate Reeves,Lieutenant Governor,,R,Attala,South Central,29,,,,
3,Alisha Nelson McElhenney,Lieutenant Governor,,R,Attala,South West,0,,,,
3,Tate Reeves,Lieutenant Governor,,R,Attala,South West,11,,,,
3,Alisha Nelson McElhenney,Lieutenant Governor,,R,Attala,Thompson,0,,,,
3,Tate Reeves,Lieutenant Governor,,R,Attala,Thompson,6,,,,
3,Alisha Nelson McElhenney,Lieutenant Governor,,R,Attala,Williamsville,5,,,,
3,Tate Reeves,Lieutenant Governor,,R,Attala,Williamsville,51,,,,
3,Alisha Nelson McElhenney,Lieutenant Governor,,R,Attala,Zama,1,,,,
3,Tate Reeves,Lieutenant Governor,,R,Attala,Zama,6,,,,
3,Alisha Nelson McElhenney,Lieutenant Governor,,R,Attala,TOTAL,43,,,,
3,Tate Reeves,Lieutenant Governor,,R,Attala,TOTAL,352,,,,
2,Delbert Hosemann,Secretary of State,,R,Attala,Aponaug,8,,,,
2,Delbert Hosemann,Secretary of State,,R,Attala,Berea,5,,,,
2,Delbert Hosemann,Secretary of State,,R,Attala,Carmack,8,,,,
2,Delbert Hosemann,Secretary of State,,R,Attala,East,60,,,,
2,Delbert Hosemann,Secretary of State,,R,Attala,Ethel,3,,,,
2,Delbert Hosemann,Secretary of State,,R,Attala,Hesterville,1,,,,
2,Delbert Hosemann,Secretary of State,,R,Attala,Liberty Chapel,4,,,,
2,Delbert Hosemann,Secretary of State,,R,Attala,Mcadams,13,,,,
2,Delbert Hosemann,Secretary of State,,R,Attala,Mccool,19,,,,
2,Delbert Hosemann,Secretary of State,,R,Attala,Newport,21,,,,
2,Delbert Hosemann,Secretary of State,,R,Attala,North Central,22,,,,
3,Delbert Hosemann,Secretary of State,,R,Attala,North East,25,,,,
3,Delbert Hosemann,Secretary of State,,R,Attala,North West,16,,,,
3,Delbert Hosemann,Secretary of State,,R,Attala,Possumneck,15,,,,
3,Delbert Hosemann,Secretary of State,,R,Attala,Providence,21,,,,
3,Delbert Hosemann,Secretary of State,,R,Attala,Sallis,21,,,,
3,Delbert Hosemann,Secretary of State,,R,Attala,South Central,37,,,,
3,Delbert Hosemann,Secretary of State,,R,Attala,South West,11,,,,
3,Delbert Hosemann,Secretary of State,,R,Attala,Thompson,6,,,,
3,Delbert Hosemann,Secretary of State,,R,Attala,Williamsville,53,,,,
3,Delbert Hosemann,Secretary of State,,R,Attala,Zama,17,,,,
3,Delbert Hosemann,Secretary of State,,R,Attala,TOTAL,385,,,,
2,Mike Hurst,Attorney General,,R,Attala,Aponaug,7,,,,
2,Mike Hurst,Attorney General,,R,Attala,Berea,4,,,,
2,Mike Hurst,Attorney General,,R,Attala,Carmack,8,,,,
2,Mike Hurst,Attorney General,,R,Attala,East,57,,,,
2,Mike Hurst,Attorney General,,R,Attala,Ethel,3,,,,
2,Mike Hurst,Attorney General,,R,Attala,Hesterville,2,,,,
2,Mike Hurst,Attorney General,,R,Attala,Liberty Chapel,3,,,,
2,Mike Hurst,Attorney General,,R,Attala,Mcadams,12,,,,
2,Mike Hurst,Attorney General,,R,Attala,Mccool,17,,,,
2,Mike Hurst,Attorney General,,R,Attala,Newport,21,,,,
2,Mike Hurst,Attorney General,,R,Attala,North Central,22,,,,
3,Mike Hurst,Attorney General,,R,Attala,North East,24,,,,
3,Mike Hurst,Attorney General,,R,Attala,North West,15,,,,
3,Mike Hurst,Attorney General,,R,Attala,Possumneck,14,,,,
3,Mike Hurst,Attorney General,,R,Attala,Providence,20,,,,
3,Mike Hurst,Attorney General,,R,Attala,Sallis,20,,,,
3,Mike Hurst,Attorney General,,R,Attala,South Central,36,,,,
3,Mike Hurst,Attorney General,,R,Attala,South West,10,,,,
3,Mike Hurst,Attorney General,,R,Attala,Thompson,6,,,,
3,Mike Hurst,Attorney General,,R,Attala,Williamsville,50,,,,
3,Mike Hurst,Attorney General,,R,Attala,Zama,16,,,,
3,Mike Hurst,Attorney General,,R,Attala,TOTAL,367,,,,
2,Mary Hawkins Butler,State Auditor,,R,Attala,Aponaug,1,,,,
2,Stacey E. Pickering,State Auditor,,R,Attala,Aponaug,7,,,,
2,Mary Hawkins Butler,State Auditor,,R,Attala,Berea,1,,,,
2,Stacey E. Pickering,State Auditor,,R,Attala,Berea,5,,,,
2,Mary Hawkins Butler,State Auditor,,R,Attala,Carmack,0,,,,
2,Stacey E. Pickering,State Auditor,,R,Attala,Carmack,8,,,,
2,Mary Hawkins Butler,State Auditor,,R,Attala,East,29,,,,
2,Stacey E. Pickering,State Auditor,,R,Attala,East,38,,,,
2,Mary Hawkins Butler,State Auditor,,R,Attala,Ethel,2,,,,
2,Stacey E. Pickering,State Auditor,,R,Attala,Ethel,1,,,,
2,Mary Hawkins Butler,State Auditor,,R,Attala,Hesterville,1,,,,
2,Stacey E. Pickering,State Auditor,,R,Attala,Hesterville,1,,,,
2,Mary Hawkins Butler,State Auditor,,R,Attala,Liberty Chapel,1,,,,
2,Stacey E. Pickering,State Auditor,,R,Attala,Liberty Chapel,3,,,,
2,Mary Hawkins Butler,State Auditor,,R,Attala,Mcadams,3,,,,
2,Stacey E. Pickering,State Auditor,,R,Attala,Mcadams,10,,,,
2,Mary Hawkins Butler,State Auditor,,R,Attala,Mccool,8,,,,
2,Stacey E. Pickering,State Auditor,,R,Attala,Mccool,12,,,,
2,Mary Hawkins Butler,State Auditor,,R,Attala,Newport,5,,,,
2,Stacey E. Pickering,State Auditor,,R,Attala,Newport,16,,,,
2,Mary Hawkins Butler,State Auditor,,R,Attala,North Central,7,,,,
2,Stacey E. Pickering,State Auditor,,R,Attala,North Central,15,,,,
3,Mary Hawkins Butler,State Auditor,,R,Attala,North East,10,,,,
3,Stacey E. Pickering,State Auditor,,R,Attala,North East,16,,,,
3,Mary Hawkins Butler,State Auditor,,R,Attala,North West,3,,,,
3,Stacey E. Pickering,State Auditor,,R,Attala,North West,13,,,,
3,Mary Hawkins Butler,State Auditor,,R,Attala,Possumneck,3,,,,
3,Stacey E. Pickering,State Auditor,,R,Attala,Possumneck,12,,,,
3,Mary Hawkins Butler,State Auditor,,R,Attala,Providence,6,,,,
3,Stacey E. Pickering,State Auditor,,R,Attala,Providence,15,,,,
3,Mary Hawkins Butler,State Auditor,,R,Attala,Sallis,6,,,,
3,Stacey E. Pickering,State Auditor,,R,Attala,Sallis,16,,,,
3,Mary Hawkins Butler,State Auditor,,R,Attala,South Central,12,,,,
3,Stacey E. Pickering,State Auditor,,R,Attala,South Central,23,,,,
3,Mary Hawkins Butler,State Auditor,,R,Attala,South West,2,,,,
3,Stacey E. Pickering,State Auditor,,R,Attala,South West,9,,,,
3,Mary Hawkins Butler,State Auditor,,R,Attala,Thompson,0,,,,
3,Stacey E. Pickering,State Auditor,,R,Attala,Thompson,6,,,,
3,Mary Hawkins Butler,State Auditor,,R,Attala,Williamsville,16,,,,
3,Stacey E. Pickering,State Auditor,,R,Attala,Williamsville,38,,,,
3,Mary Hawkins Butler,State Auditor,,R,Attala,Zama,4,,,,
3,Stacey E. Pickering,State Auditor,,R,Attala,Zama,14,,,,
3,Mary Hawkins Butler,State Auditor,,R,Attala,TOTAL,120,,,,
3,Stacey E. Pickering,State Auditor,,R,Attala,TOTAL,278,,,,
2,Lynn Fitch,State Treasurer,,R,Attala,Aponaug,4,,,,
2,David McRae,State Treasurer,,R,Attala,Aponaug,4,,,,
2,Lynn Fitch,State Treasurer,,R,Attala,Berea,5,,,,
2,David McRae,State Treasurer,,R,Attala,Berea,1,,,,
2,Lynn Fitch,State Treasurer,,R,Attala,Carmack,5,,,,
2,David McRae,State Treasurer,,R,Attala,Carmack,3,,,,
2,Lynn Fitch,State Treasurer,,R,Attala,East,40,,,,
2,David McRae,State Treasurer,,R,Attala,East,25,,,,
2,Lynn Fitch,State Treasurer,,R,Attala,Ethel,3,,,,
2,David McRae,State Treasurer,,R,Attala,Ethel,0,,,,
2,Lynn Fitch,State Treasurer,,R,Attala,Hesterville,1,,,,
2,David McRae,State Treasurer,,R,Attala,Hesterville,2,,,,
2,Lynn Fitch,State Treasurer,,R,Attala,Liberty Chapel,3,,,,
2,David McRae,State Treasurer,,R,Attala,Liberty Chapel,1,,,,
2,Lynn Fitch,State Treasurer,,R,Attala,Mcadams,4,,,,
2,David McRae,State Treasurer,,R,Attala,Mcadams,9,,,,
2,Lynn Fitch,State Treasurer,,R,Attala,Mccool,13,,,,
2,David McRae,State Treasurer,,R,Attala,Mccool,6,,,,
2,Lynn Fitch,State Treasurer,,R,Attala,Newport,11,,,,
2,David McRae,State Treasurer,,R,Attala,Newport,10,,,,
2,Lynn Fitch,State Treasurer,,R,Attala,North Central,12,,,,
2,David McRae,State Treasurer,,R,Attala,North Central,10,,,,
3,Lynn Fitch,State Treasurer,,R,Attala,North East,15,,,,
3,David McRae,State Treasurer,,R,Attala,North East,10,,,,
3,Lynn Fitch,State Treasurer,,R,Attala,North West,12,,,,
3,David McRae,State Treasurer,,R,Attala,North West,4,,,,
3,Lynn Fitch,State Treasurer,,R,Attala,Possumneck,9,,,,
3,David McRae,State Treasurer,,R,Attala,Possumneck,6,,,,
3,Lynn Fitch,State Treasurer,,R,Attala,Providence,8,,,,
3,David McRae,State Treasurer,,R,Attala,Providence,13,,,,
3,Lynn Fitch,State Treasurer,,R,Attala,Sallis,12,,,,
3,David McRae,State Treasurer,,R,Attala,Sallis,16,,,,
3,Lynn Fitch,State Treasurer,,R,Attala,South Central,19,,,,
3,David McRae,State Treasurer,,R,Attala,South Central,17,,,,
3,Lynn Fitch,State Treasurer,,R,Attala,South West,10,,,,
3,David McRae,State Treasurer,,R,Attala,South West,1,,,,
3,Lynn Fitch,State Treasurer,,R,Attala,Thompson,5,,,,
3,David McRae,State Treasurer,,R,Attala,Thompson,1,,,,
3,Lynn Fitch,State Treasurer,,R,Attala,Williamsville,34,,,,
3,David McRae,State Treasurer,,R,Attala,Williamsville,18,,,,
3,Lynn Fitch,State Treasurer,,R,Attala,Zama,8,,,,
3,David McRae,State Treasurer,,R,Attala,Zama,10,,,,
3,Lynn Fitch,State Treasurer,,R,Attala,TOTAL,233,,,,
3,David McRae,State Treasurer,,R,Attala,TOTAL,161,,,,
2,Cindy Hyde-Smith,Commissioner of Agriculture & Commerce,,R,Attala,Aponaug,3,,,,
2,Cindy Hyde-Smith,Commissioner of Agriculture & Commerce,,R,Attala,Berea,5,,,,
2,Cindy Hyde-Smith,Commissioner of Agriculture & Commerce,,R,Attala,Carmack,8,,,,
2,Cindy Hyde-Smith,Commissioner of Agriculture & Commerce,,R,Attala,East,61,,,,
2,Cindy Hyde-Smith,Commissioner of Agriculture & Commerce,,R,Attala,Ethel,3,,,,
2,Cindy Hyde-Smith,Commissioner of Agriculture & Commerce,,R,Attala,Hesterville,2,,,,
2,Cindy Hyde-Smith,Commissioner of Agriculture & Commerce,,R,Attala,Liberty Chapel,4,,,,
2,Cindy Hyde-Smith,Commissioner of Agriculture & Commerce,,R,Attala,Mcadams,13,,,,
2,Cindy Hyde-Smith,Commissioner of Agriculture & Commerce,,R,Attala,Mccool,18,,,,
2,Cindy Hyde-Smith,Commissioner of Agriculture & Commerce,,R,Attala,Newport,21,,,,
2,Cindy Hyde-Smith,Commissioner of Agriculture & Commerce,,R,Attala,North Central,22,,,,
3,Cindy Hyde-Smith,Commissioner of Agriculture & Commerce,,R,Attala,North East,26,,,,
3,Cindy Hyde-Smith,Commissioner of Agriculture & Commerce,,R,Attala,North West,16,,,,
3,Cindy Hyde-Smith,Commissioner of Agriculture & Commerce,,R,Attala,Possumneck,14,,,,
3,Cindy Hyde-Smith,Commissioner of Agriculture & Commerce,,R,Attala,Providence,21,,,,
3,Cindy Hyde-Smith,Commissioner of Agriculture & Commerce,,R,Attala,Sallis,20,,,,
3,Cindy Hyde-Smith,Commissioner of Agriculture & Commerce,,R,Attala,South Central,30,,,,
3,Cindy Hyde-Smith,Commissioner of Agriculture & Commerce,,R,Attala,South West,10,,,,
3,Cindy Hyde-Smith,Commissioner of Agriculture & Commerce,,R,Attala,Thompson,6,,,,
3,Cindy Hyde-Smith,Commissioner of Agriculture & Commerce,,R,Attala,Williamsville,52,,,,
3,Cindy Hyde-Smith,Commissioner of Agriculture & Commerce,,R,Attala,Zama,17,,,,
3,Cindy Hyde-Smith,Commissioner of Agriculture & Commerce,,R,Attala,TOTAL,377,,,,
2,Mike Chaney,Commissioner of Insurance,,R,Attala,Aponaug,7,,,,
2,Mike Chaney,Commissioner of Insurance,,R,Attala,Berea,5,,,,
2,Mike Chaney,Commissioner of Insurance,,R,Attala,Carmack,5,,,,
2,Mike Chaney,Commissioner of Insurance,,R,Attala,East,49,,,,
2,Mike Chaney,Commissioner of Insurance,,R,Attala,Ethel,1,,,,
2,Mike Chaney,Commissioner of Insurance,,R,Attala,Hesterville,1,,,,
2,Mike Chaney,Commissioner of Insurance,,R,Attala,Liberty Chapel,3,,,,
2,Mike Chaney,Commissioner of Insurance,,R,Attala,Mcadams,7,,,,
2,Mike Chaney,Commissioner of Insurance,,R,Attala,Mccool,16,,,,
2,Mike Chaney,Commissioner of Insurance,,R,Attala,Newport,15,,,,
2,Mike Chaney,Commissioner of Insurance,,R,Attala,North Central,15,,,,
3,Mike Chaney,Commissioner of Insurance,,R,Attala,North East,22,,,,
3,Mike Chaney,Commissioner of Insurance,,R,Attala,North West,14,,,,
3,Mike Chaney,Commissioner of Insurance,,R,Attala,Possumneck,13,,,,
3,Mike Chaney,Commissioner of Insurance,,R,Attala,Providence,13,,,,
3,Mike Chaney,Commissioner of Insurance,,R,Attala,Sallis,15,,,,
3,Mike Chaney,Commissioner of Insurance,,R,Attala,South Central,30,,,,
3,Mike Chaney,Commissioner of Insurance,,R,Attala,South West,9,,,,
3,Mike Chaney,Commissioner of Insurance,,R,Attala,Thompson,6,,,,
3,Mike Chaney,Commissioner of Insurance,,R,Attala,Williamsville,44,,,,
3,Mike Chaney,Commissioner of Insurance,,R,Attala,Zama,16,,,,
3,Mike Chaney,Commissioner of Insurance,,R,Attala,TOTAL,305,,,,
4,Lydia Graves Chassaniol,State Senate,14,R,Attala,Aponaug,x,,,,
4,Lydia Graves Chassaniol,State Senate,14,R,Attala,Berea,5,,,,
4,Lydia Graves Chassaniol,State Senate,14,R,Attala,Carmack,7,,,,
4,Lydia Graves Chassaniol,State Senate,14,R,Attala,East,x,,,,
4,Lydia Graves Chassaniol,State Senate,14,R,Attala,Ethel,3,,,,
4,Lydia Graves Chassaniol,State Senate,14,R,Attala,Hesterville,2,,,,
4,Lydia Graves Chassaniol,State Senate,14,R,Attala,Liberty Chapel,3,,,,
4,Lydia Graves Chassaniol,State Senate,14,R,Attala,Mcadams,x,,,,
4,Lydia Graves Chassaniol,State Senate,14,R,Attala,Mccool,17,,,,
4,Lydia Graves Chassaniol,State Senate,14,R,Attala,Newport,x,,,,
4,Lydia Graves Chassaniol,State Senate,14,R,Attala,North Central,x,,,,
5,Lydia Graves Chassaniol,State Senate,14,R,Attala,North East,x,,,,
5,Lydia Graves Chassaniol,State Senate,14,R,Attala,North West,x,,,,
5,Lydia Graves Chassaniol,State Senate,14,R,Attala,Possumneck,x,,,,
5,Lydia Graves Chassaniol,State Senate,14,R,Attala,Providence,20,,,,
5,Lydia Graves Chassaniol,State Senate,14,R,Attala,Sallis,x,,,,
5,Lydia Graves Chassaniol,State Senate,14,R,Attala,South Central,x,,,,
5,Lydia Graves Chassaniol,State Senate,14,R,Attala,South West,x,,,,
5,Lydia Graves Chassaniol,State Senate,14,R,Attala,Thompson,6,,,,
5,Lydia Graves Chassaniol,State Senate,14,R,Attala,Williamsville,49,,,,
5,Lydia Graves Chassaniol,State Senate,14,R,Attala,Zama,16,,,,
5,Lydia Graves Chassaniol,State Senate,14,R,Attala,TOTAL,128,,,,
4,Ricky Dewayne Gill,State House,27,R,Attala,Aponaug,1,,,,
4,Ricky Dewayne Gill,State House,27,R,Attala,Berea,x,,,,
4,Ricky Dewayne Gill,State House,27,R,Attala,Carmack,x,,,,
4,Ricky Dewayne Gill,State House,27,R,Attala,East,x,,,,
4,Ricky Dewayne Gill,State House,27,R,Attala,Ethel,x,,,,
4,Ricky Dewayne Gill,State House,27,R,Attala,Hesterville,x,,,,
4,Ricky Dewayne Gill,State House,27,R,Attala,Liberty Chapel,x,,,,
4,Ricky Dewayne Gill,State House,27,R,Attala,Mcadams,x,,,,
4,Ricky Dewayne Gill,State House,27,R,Attala,Mccool,x,,,,
4,Ricky Dewayne Gill,State House,27,R,Attala,Newport,17,,,,
4,Ricky Dewayne Gill,State House,27,R,Attala,North Central,x,,,,
5,Ricky Dewayne Gill,State House,27,R,Attala,North East,19,,,,
5,Ricky Dewayne Gill,State House,27,R,Attala,North West,6,,,,
5,Ricky Dewayne Gill,State House,27,R,Attala,Possumneck,x,,,,
5,Ricky Dewayne Gill,State House,27,R,Attala,Providence,x,,,,
5,Ricky Dewayne Gill,State House,27,R,Attala,Sallis,x,,,,
5,Ricky Dewayne Gill,State House,27,R,Attala,South Central,10,,,,
5,Ricky Dewayne Gill,State House,27,R,Attala,South West,8,,,,
5,Ricky Dewayne Gill,State House,27,R,Attala,Thompson,x,,,,
5,Ricky Dewayne Gill,State House,27,R,Attala,Williamsville,x,,,,
5,Ricky Dewayne Gill,State House,27,R,Attala,Zama,x,,,,
5,Ricky Dewayne Gill,State House,27,R,Attala,TOTAL,61,,,,
4,Joey Hood,State House,35,R,Attala,Aponaug,x,,,,
4,Brian Sims,State House,35,R,Attala,Aponaug,x,,,,
4,Joey Hood,State House,35,R,Attala,Berea,x,,,,
4,Brian Sims,State House,35,R,Attala,Berea,x,,,,
4,Joey Hood,State House,35,R,Attala,Carmack,x,,,,
4,Brian Sims,State House,35,R,Attala,Carmack,x,,,,
4,Joey Hood,State House,35,R,Attala,East,x,,,,
4,Brian Sims,State House,35,R,Attala,East,x,,,,
4,Joey Hood,State House,35,R,Attala,Ethel,2,,,,
4,Brian Sims,State House,35,R,Attala,Ethel,0,,,,
4,Joey Hood,State House,35,R,Attala,Hesterville,x,,,,
4,Brian Sims,State House,35,R,Attala,Hesterville,x,,,,
4,Joey Hood,State House,35,R,Attala,Liberty Chapel,x,,,,
4,Brian Sims,State House,35,R,Attala,Liberty Chapel,x,,,,
4,Joey Hood,State House,35,R,Attala,Mcadams,x,,,,
4,Brian Sims,State House,35,R,Attala,Mcadams,x,,,,
4,Joey Hood,State House,35,R,Attala,Mccool,16,,,,
4,Brian Sims,State House,35,R,Attala,Mccool,3,,,,
4,Joey Hood,State House,35,R,Attala,Newport,x,,,,
4,Brian Sims,State House,35,R,Attala,Newport,x,,,,
4,Joey Hood,State House,35,R,Attala,North Central,x,,,,
4,Brian Sims,State House,35,R,Attala,North Central,x,,,,
5,Joey Hood,State House,35,R,Attala,North East,x,,,,
5,Brian Sims,State House,35,R,Attala,North East,x,,,,
5,Joey Hood,State House,35,R,Attala,North West,x,,,,
5,Brian Sims,State House,35,R,Attala,North West,x,,,,
5,Joey Hood,State House,35,R,Attala,Possumneck,x,,,,
5,Brian Sims,State House,35,R,Attala,Possumneck,x,,,,
5,Joey Hood,State House,35,R,Attala,Providence,x,,,,
5,Brian Sims,State House,35,R,Attala,Providence,x,,,,
5,Joey Hood,State House,35,R,Attala,Sallis,x,,,,
5,Brian Sims,State House,35,R,Attala,Sallis,x,,,,
5,Joey Hood,State House,35,R,Attala,South Central,x,,,,
5,Brian Sims,State House,35,R,Attala,South Central,x,,,,
5,Joey Hood,State House,35,R,Attala,South West,x,,,,
5,Brian Sims,State House,35,R,Attala,South West,x,,,,
5,Joey Hood,State House,35,R,Attala,Thompson,3,,,,
5,Brian Sims,State House,35,R,Attala,Thompson,3,,,,
5,Joey Hood,State House,35,R,Attala,Williamsville,x,,,,
5,Brian Sims,State House,35,R,Attala,Williamsville,x,,,,
5,Joey Hood,State House,35,R,Attala,Zama,x,,,,
5,Brian Sims,State House,35,R,Attala,Zama,x,,,,
5,Joey Hood,State House,35,R,Attala,TOTAL,21,,,,
5,Brian Sims,State House,35,R,Attala,TOTAL,6,,,,
4,Jason White,State House,48,R,Attala,Aponaug,6,,,,
4,Jason White,State House,48,R,Attala,Berea,5,,,,
4,Jason White,State House,48,R,Attala,Carmack,7,,,,
4,Jason White,State House,48,R,Attala,East,65,,,,
4,Jason White,State House,48,R,Attala,Ethel,1,,,,
4,Jason White,State House,48,R,Attala,Hesterville,2,,,,
4,Jason White,State House,48,R,Attala,Liberty Chapel,4,,,,
4,Jason White,State House,48,R,Attala,Mcadams,x,,,,
4,Jason White,State House,48,R,Attala,Mccool,x,,,,
4,Jason White,State House,48,R,Attala,Newport,x,,,,
4,Jason White,State House,48,R,Attala,North Central,22,,,,
5,Jason White,State House,48,R,Attala,North East,6,,,,
5,Jason White,State House,48,R,Attala,North West,7,,,,
5,Jason White,State House,48,R,Attala,Possumneck,15,,,,
5,Jason White,State House,48,R,Attala,Providence,21,,,,
5,Jason White,State House,48,R,Attala,Sallis,x,,,,
5,Jason White,State House,48,R,Attala,South Central,24,,,,
5,Jason White,State House,48,R,Attala,South West,x,,,,
5,Jason White,State House,48,R,Attala,Thompson,x,,,,
5,Jason White,State House,48,R,Attala,Williamsville,52,,,,
5,Jason White,State House,48,R,Attala,Zama,17,,,,
5,Jason White,State House,48,R,Attala,TOTAL,254,,,,
2,Robert Gray,Governor,,D,Attala,Aponaug,50,,,,
2,Valerie Adream Smartt Short,Governor,,D,Attala,Aponaug,14,,,,
2,Vicki Slater,Governor,,D,Attala,Aponaug,29,,,,
2,Robert Gray,Governor,,D,Attala,Berea,46,,,,
2,Valerie Adream Smartt Short,Governor,,D,Attala,Berea,5,,,,
2,Vicki Slater,Governor,,D,Attala,Berea,22,,,,
2,Robert Gray,Governor,,D,Attala,Carmack,68,,,,
2,Valerie Adream Smartt Short,Governor,,D,Attala,Carmack,7,,,,
2,Vicki Slater,Governor,,D,Attala,Carmack,36,,,,
2,Robert Gray,Governor,,D,Attala,East,157,,,,
2,Valerie Adream Smartt Short,Governor,,D,Attala,East,37,,,,
2,Vicki Slater,Governor,,D,Attala,East,102,,,,
2,Robert Gray,Governor,,D,Attala,Ethel,88,,,,
2,Valerie Adream Smartt Short,Governor,,D,Attala,Ethel,16,,,,
2,Vicki Slater,Governor,,D,Attala,Ethel,43,,,,
2,Robert Gray,Governor,,D,Attala,Hesterville,63,,,,
2,Valerie Adream Smartt Short,Governor,,D,Attala,Hesterville,7,,,,
2,Vicki Slater,Governor,,D,Attala,Hesterville,17,,,,
2,Robert Gray,Governor,,D,Attala,Liberty Chapel,81,,,,
2,Valerie Adream Smartt Short,Governor,,D,Attala,Liberty Chapel,18,,,,
2,Vicki Slater,Governor,,D,Attala,Liberty Chapel,43,,,,
2,Robert Gray,Governor,,D,Attala,Mcadams,72,,,,
2,Valerie Adream Smartt Short,Governor,,D,Attala,Mcadams,16,,,,
2,Vicki Slater,Governor,,D,Attala,Mcadams,43,,,,
2,Robert Gray,Governor,,D,Attala,Mccool,84,,,,
2,Valerie Adream Smartt Short,Governor,,D,Attala,Mccool,19,,,,
2,Vicki Slater,Governor,,D,Attala,Mccool,48,,,,
2,Robert Gray,Governor,,D,Attala,Newport,70,,,,
2,Valerie Adream Smartt Short,Governor,,D,Attala,Newport,14,,,,
2,Vicki Slater,Governor,,D,Attala,Newport,43,,,,
2,Robert Gray,Governor,,D,Attala,North Central,69,,,,
2,Valerie Adream Smartt Short,Governor,,D,Attala,North Central,4,,,,
2,Vicki Slater,Governor,,D,Attala,North Central,42,,,,
3,Robert Gray,Governor,,D,Attala,North East,233,,,,
3,Valerie Adream Smartt Short,Governor,,D,Attala,North East,105,,,,
3,Vicki Slater,Governor,,D,Attala,North East,228,,,,
3,Robert Gray,Governor,,D,Attala,North West,114,,,,
3,Valerie Adream Smartt Short,Governor,,D,Attala,North West,26,,,,
3,Vicki Slater,Governor,,D,Attala,North West,74,,,,
3,Robert Gray,Governor,,D,Attala,Possumneck,54,,,,
3,Valerie Adream Smartt Short,Governor,,D,Attala,Possumneck,18,,,,
3,Vicki Slater,Governor,,D,Attala,Possumneck,34,,,,
3,Robert Gray,Governor,,D,Attala,Providence,70,,,,
3,Valerie Adream Smartt Short,Governor,,D,Attala,Providence,8,,,,
3,Vicki Slater,Governor,,D,Attala,Providence,40,,,,
3,Robert Gray,Governor,,D,Attala,Sallis,241,,,,
3,Valerie Adream Smartt Short,Governor,,D,Attala,Sallis,49,,,,
3,Vicki Slater,Governor,,D,Attala,Sallis,236,,,,
3,Robert Gray,Governor,,D,Attala,South Central,148,,,,
3,Valerie Adream Smartt Short,Governor,,D,Attala,South Central,39,,,,
3,Vicki Slater,Governor,,D,Attala,South Central,138,,,,
3,Robert Gray,Governor,,D,Attala,South West,60,,,,
3,Valerie Adream Smartt Short,Governor,,D,Attala,South West,25,,,,
3,Vicki Slater,Governor,,D,Attala,South West,84,,,,
3,Robert Gray,Governor,,D,Attala,Thompson,41,,,,
3,Valerie Adream Smartt Short,Governor,,D,Attala,Thompson,5,,,,
3,Vicki Slater,Governor,,D,Attala,Thompson,13,,,,
3,Robert Gray,Governor,,D,Attala,Williamsville,297,,,,
3,Valerie Adream Smartt Short,Governor,,D,Attala,Williamsville,45,,,,
3,Vicki Slater,Governor,,D,Attala,Williamsville,154,,,,
3,Robert Gray,Governor,,D,Attala,Zama,65,,,,
3,Valerie Adream Smartt Short,Governor,,D,Attala,Zama,24,,,,
3,Vicki Slater,Governor,,D,Attala,Zama,39,,,,
3,Robert Gray,Governor,,D,Attala,TOTAL,2171,,,,
3,Valerie Adream Smartt Short,Governor,,D,Attala,TOTAL,501,,,,
3,Vicki Slater,Governor,,D,Attala,TOTAL,1508,,,,
2,Jelani Barr,Lieutenant Governor,,D,Attala,Aponaug,10,,,,
2,Tim Johnson,Lieutenant Governor,,D,Attala,Aponaug,101,,,,
2,Jelani Barr,Lieutenant Governor,,D,Attala,Berea,8,,,,
2,Tim Johnson,Lieutenant Governor,,D,Attala,Berea,67,,,,
2,Jelani Barr,Lieutenant Governor,,D,Attala,Carmack,9,,,,
2,Tim Johnson,Lieutenant Governor,,D,Attala,Carmack,121,,,,
2,Jelani Barr,Lieutenant Governor,,D,Attala,East,34,,,,
2,Tim Johnson,Lieutenant Governor,,D,Attala,East,336,,,,
2,Jelani Barr,Lieutenant Governor,,D,Attala,Ethel,16,,,,
2,Tim Johnson,Lieutenant Governor,,D,Attala,Ethel,153,,,,
2,Jelani Barr,Lieutenant Governor,,D,Attala,Hesterville,5,,,,
2,Tim Johnson,Lieutenant Governor,,D,Attala,Hesterville,107,,,,
2,Jelani Barr,Lieutenant Governor,,D,Attala,Liberty Chapel,17,,,,
2,Tim Johnson,Lieutenant Governor,,D,Attala,Liberty Chapel,144,,,,
2,Jelani Barr,Lieutenant Governor,,D,Attala,Mcadams,15,,,,
2,Tim Johnson,Lieutenant Governor,,D,Attala,Mcadams,133,,,,
2,Jelani Barr,Lieutenant Governor,,D,Attala,Mccool,18,,,,
2,Tim Johnson,Lieutenant Governor,,D,Attala,Mccool,152,,,,
2,Jelani Barr,Lieutenant Governor,,D,Attala,Newport,18,,,,
2,Tim Johnson,Lieutenant Governor,,D,Attala,Newport,111,,,,
2,Jelani Barr,Lieutenant Governor,,D,Attala,North Central,11,,,,
2,Tim Johnson,Lieutenant Governor,,D,Attala,North Central,145,,,,
3,Jelani Barr,Lieutenant Governor,,D,Attala,North East,99,,,,
3,Tim Johnson,Lieutenant Governor,,D,Attala,North East,497,,,,
3,Jelani Barr,Lieutenant Governor,,D,Attala,North West,29,,,,
3,Tim Johnson,Lieutenant Governor,,D,Attala,North West,213,,,,
3,Jelani Barr,Lieutenant Governor,,D,Attala,Possumneck,13,,,,
3,Tim Johnson,Lieutenant Governor,,D,Attala,Possumneck,107,,,,
3,Jelani Barr,Lieutenant Governor,,D,Attala,Providence,8,,,,
3,Tim Johnson,Lieutenant Governor,,D,Attala,Providence,146,,,,
3,Jelani Barr,Lieutenant Governor,,D,Attala,Sallis,67,,,,
3,Tim Johnson,Lieutenant Governor,,D,Attala,Sallis,465,,,,
3,Jelani Barr,Lieutenant Governor,,D,Attala,South Central,43,,,,
3,Tim Johnson,Lieutenant Governor,,D,Attala,South Central,310,,,,
3,Jelani Barr,Lieutenant Governor,,D,Attala,South West,30,,,,
3,Tim Johnson,Lieutenant Governor,,D,Attala,South West,148,,,,
3,Jelani Barr,Lieutenant Governor,,D,Attala,Thompson,6,,,,
3,Tim Johnson,Lieutenant Governor,,D,Attala,Thompson,68,,,,
3,Jelani Barr,Lieutenant Governor,,D,Attala,Williamsville,56,,,,
3,Tim Johnson,Lieutenant Governor,,D,Attala,Williamsville,548,,,,
3,Jelani Barr,Lieutenant Governor,,D,Attala,Zama,27,,,,
3,Tim Johnson,Lieutenant Governor,,D,Attala,Zama,117,,,,
3,Jelani Barr,Lieutenant Governor,,D,Attala,TOTAL,539,,,,
3,Tim Johnson,Lieutenant Governor,,D,Attala,TOTAL,4189,,,,
2,Charles E. Graham,Secretary of State,,D,Attala,Aponaug,90,,,,
2,Charles E. Graham,Secretary of State,,D,Attala,Berea,67,,,,
2,Charles E. Graham,Secretary of State,,D,Attala,Carmack,104,,,,
2,Charles E. Graham,Secretary of State,,D,Attala,East,290,,,,
2,Charles E. Graham,Secretary of State,,D,Attala,Ethel,142,,,,
2,Charles E. Graham,Secretary of State,,D,Attala,Hesterville,85,,,,
2,Charles E. Graham,Secretary of State,,D,Attala,Liberty Chapel,125,,,,
2,Charles E. Graham,Secretary of State,,D,Attala,Mcadams,118,,,,
2,Charles E. Graham,Secretary of State,,D,Attala,Mccool,126,,,,
2,Charles E. Graham,Secretary of State,,D,Attala,Newport,112,,,,
2,Charles E. Graham,Secretary of State,,D,Attala,North Central,111,,,,
3,Charles E. Graham,Secretary of State,,D,Attala,North East,497,,,,
3,Charles E. Graham,Secretary of State,,D,Attala,North West,199,,,,
3,Charles E. Graham,Secretary of State,,D,Attala,Possumneck,91,,,,
3,Charles E. Graham,Secretary of State,,D,Attala,Providence,121,,,,
3,Charles E. Graham,Secretary of State,,D,Attala,Sallis,436,,,,
3,Charles E. Graham,Secretary of State,,D,Attala,South Central,298,,,,
3,Charles E. Graham,Secretary of State,,D,Attala,South West,156,,,,
3,Charles E. Graham,Secretary of State,,D,Attala,Thompson,65,,,,
3,Charles E. Graham,Secretary of State,,D,Attala,Williamsville,486,,,,
3,Charles E. Graham,Secretary of State,,D,Attala,Zama,125,,,,
3,Charles E. Graham,Secretary of State,,D,Attala,TOTAL,3844,,,,
2,Jim Hood,Attorney General,,D,Attala,Aponaug,115,,,,
2,Jim Hood,Attorney General,,D,Attala,Berea,78,,,,
2,Jim Hood,Attorney General,,D,Attala,Carmack,138,,,,
2,Jim Hood,Attorney General,,D,Attala,East,369,,,,
2,Jim Hood,Attorney General,,D,Attala,Ethel,170,,,,
2,Jim Hood,Attorney General,,D,Attala,Hesterville,103,,,,
2,Jim Hood,Attorney General,,D,Attala,Liberty Chapel,157,,,,
2,Jim Hood,Attorney General,,D,Attala,Mcadams,149,,,,
2,Jim Hood,Attorney General,,D,Attala,Mccool,161,,,,
2,Jim Hood,Attorney General,,D,Attala,Newport,135,,,,
2,Jim Hood,Attorney General,,D,Attala,North Central,146,,,,
3,Jim Hood,Attorney General,,D,Attala,North East,553,,,,
3,Jim Hood,Attorney General,,D,Attala,North West,245,,,,
3,Jim Hood,Attorney General,,D,Attala,Possumneck,110,,,,
3,Jim Hood,Attorney General,,D,Attala,Providence,161,,,,
3,Jim Hood,Attorney General,,D,Attala,Sallis,506,,,,
3,Jim Hood,Attorney General,,D,Attala,South Central,369,,,,
3,Jim Hood,Attorney General,,D,Attala,South West,176,,,,
3,Jim Hood,Attorney General,,D,Attala,Thompson,88,,,,
3,Jim Hood,Attorney General,,D,Attala,Williamsville,593,,,,
3,Jim Hood,Attorney General,,D,Attala,Zama,150,,,,
3,Jim Hood,Attorney General,,D,Attala,TOTAL,4672,,,,
2,Jocelyn Pepper Pritchett,State Auditor,,D,Attala,Aponaug,88,,,,
2,Jocelyn Pepper Pritchett,State Auditor,,D,Attala,Berea,69,,,,
2,Jocelyn Pepper Pritchett,State Auditor,,D,Attala,Carmack,108,,,,
2,Jocelyn Pepper Pritchett,State Auditor,,D,Attala,East,296,,,,
2,Jocelyn Pepper Pritchett,State Auditor,,D,Attala,Ethel,138,,,,
2,Jocelyn Pepper Pritchett,State Auditor,,D,Attala,Hesterville,82,,,,
2,Jocelyn Pepper Pritchett,State Auditor,,D,Attala,Liberty Chapel,124,,,,
2,Jocelyn Pepper Pritchett,State Auditor,,D,Attala,Mcadams,116,,,,
2,Jocelyn Pepper Pritchett,State Auditor,,D,Attala,Mccool,132,,,,
2,Jocelyn Pepper Pritchett,State Auditor,,D,Attala,Newport,113,,,,
2,Jocelyn Pepper Pritchett,State Auditor,,D,Attala,North Central,112,,,,
3,Jocelyn Pepper Pritchett,State Auditor,,D,Attala,North East,497,,,,
3,Jocelyn Pepper Pritchett,State Auditor,,D,Attala,North West,204,,,,
3,Jocelyn Pepper Pritchett,State Auditor,,D,Attala,Possumneck,92,,,,
3,Jocelyn Pepper Pritchett,State Auditor,,D,Attala,Providence,121,,,,
3,Jocelyn Pepper Pritchett,State Auditor,,D,Attala,Sallis,451,,,,
3,Jocelyn Pepper Pritchett,State Auditor,,D,Attala,South Central,309,,,,
3,Jocelyn Pepper Pritchett,State Auditor,,D,Attala,South West,150,,,,
3,Jocelyn Pepper Pritchett,State Auditor,,D,Attala,Thompson,65,,,,
3,Jocelyn Pepper Pritchett,State Auditor,,D,Attala,Williamsville,484,,,,
3,Jocelyn Pepper Pritchett,State Auditor,,D,Attala,Zama,124,,,,
3,Jocelyn Pepper Pritchett,State Auditor,,D,Attala,TOTAL,3875,,,,
2,Addie Lee Green,Commissioner of Agriculture & Commerce,,D,Attala,Aponaug,85,,,,
2,Addie Lee Green,Commissioner of Agriculture & Commerce,,D,Attala,Berea,68,,,,
2,Addie Lee Green,Commissioner of Agriculture & Commerce,,D,Attala,Carmack,107,,,,
2,Addie Lee Green,Commissioner of Agriculture & Commerce,,D,Attala,East,296,,,,
2,Addie Lee Green,Commissioner of Agriculture & Commerce,,D,Attala,Ethel,133,,,,
2,Addie Lee Green,Commissioner of Agriculture & Commerce,,D,Attala,Hesterville,81,,,,
2,Addie Lee Green,Commissioner of Agriculture & Commerce,,D,Attala,Liberty Chapel,126,,,,
2,Addie Lee Green,Commissioner of Agriculture & Commerce,,D,Attala,Mcadams,118,,,,
2,Addie Lee Green,Commissioner of Agriculture & Commerce,,D,Attala,Mccool,134,,,,
2,Addie Lee Green,Commissioner of Agriculture & Commerce,,D,Attala,Newport,109,,,,
2,Addie Lee Green,Commissioner of Agriculture & Commerce,,D,Attala,North Central,112,,,,
3,Addie Lee Green,Commissioner of Agriculture & Commerce,,D,Attala,North East,500,,,,
3,Addie Lee Green,Commissioner of Agriculture & Commerce,,D,Attala,North West,198,,,,
3,Addie Lee Green,Commissioner of Agriculture & Commerce,,D,Attala,Possumneck,90,,,,
3,Addie Lee Green,Commissioner of Agriculture & Commerce,,D,Attala,Providence,120,,,,
3,Addie Lee Green,Commissioner of Agriculture & Commerce,,D,Attala,Sallis,450,,,,
3,Addie Lee Green,Commissioner of Agriculture & Commerce,,D,Attala,South Central,306,,,,
3,Addie Lee Green,Commissioner of Agriculture & Commerce,,D,Attala,South West,151,,,,
3,Addie Lee Green,Commissioner of Agriculture & Commerce,,D,Attala,Thompson,62,,,,
3,Addie Lee Green,Commissioner of Agriculture & Commerce,,D,Attala,Williamsville,480,,,,
3,Addie Lee Green,Commissioner of Agriculture & Commerce,,D,Attala,Zama,123,,,,
3,Addie Lee Green,Commissioner of Agriculture & Commerce,,D,Attala,TOTAL,3849,,,,
4,Georgio Proctor,State Senate,14,D,Attala,Aponaug,x,,,,
4,Georgio Proctor,State Senate,14,D,Attala,Berea,68,,,,
4,Georgio Proctor,State Senate,14,D,Attala,Carmack,106,,,,
4,Georgio Proctor,State Senate,14,D,Attala,East,x,,,,
4,Georgio Proctor,State Senate,14,D,Attala,Ethel,132,,,,
4,Georgio Proctor,State Senate,14,D,Attala,Hesterville,75,,,,
4,Georgio Proctor,State Senate,14,D,Attala,Liberty Chapel,127,,,,
4,Georgio Proctor,State Senate,14,D,Attala,Mcadams,x,,,,
4,Georgio Proctor,State Senate,14,D,Attala,Mccool,128,,,,
4,Georgio Proctor,State Senate,14,D,Attala,Newport,x,,,,
4,Georgio Proctor,State Senate,14,D,Attala,North Central,x,,,,
5,Georgio Proctor,State Senate,14,D,Attala,North East,x,,,,
5,Georgio Proctor,State Senate,14,D,Attala,North West,x,,,,
5,Georgio Proctor,State Senate,14,D,Attala,Possumneck,x,,,,
5,Georgio Proctor,State Senate,14,D,Attala,Providence,122,,,,
5,Georgio Proctor,State Senate,14,D,Attala,Sallis,x,,,,
5,Georgio Proctor,State Senate,14,D,Attala,South Central,x,,,,
5,Georgio Proctor,State Senate,14,D,Attala,South West,x,,,,
5,Georgio Proctor,State Senate,14,D,Attala,Thompson,60,,,,
5,Georgio Proctor,State Senate,14,D,Attala,Williamsville,469,,,,
5,Georgio Proctor,State Senate,14,D,Attala,Zama,118,,,,
5,Georgio Proctor,State Senate,14,D,Attala,TOTAL,1405,,,,
4,Barbara Blackmon,State Senate,21,D,Attala,Aponaug,47,,,,
4,Kenneth Wayne Jones,State Senate,21,D,Attala,Aponaug,48,,,,
4,Barbara Blackmon,State Senate,21,D,Attala,Berea,x,,,,
4,Kenneth Wayne Jones,State Senate,21,D,Attala,Berea,x,,,,
4,Barbara Blackmon,State Senate,21,D,Attala,Carmack,x,,,,
4,Kenneth Wayne Jones,State Senate,21,D,Attala,Carmack,x,,,,
4,Barbara Blackmon,State Senate,21,D,Attala,East,113,,,,
4,Kenneth Wayne Jones,State Senate,21,D,Attala,East,241,,,,
4,Barbara Blackmon,State Senate,21,D,Attala,Ethel,x,,,,
4,Kenneth Wayne Jones,State Senate,21,D,Attala,Ethel,x,,,,
4,Barbara Blackmon,State Senate,21,D,Attala,Hesterville,x,,,,
4,Kenneth Wayne Jones,State Senate,21,D,Attala,Hesterville,x,,,,
4,Barbara Blackmon,State Senate,21,D,Attala,Liberty Chapel,x,,,,
4,Kenneth Wayne Jones,State Senate,21,D,Attala,Liberty Chapel,x,,,,
4,Barbara Blackmon,State Senate,21,D,Attala,Mcadams,78,,,,
4,Kenneth Wayne Jones,State Senate,21,D,Attala,Mcadams,66,,,,
4,Barbara Blackmon,State Senate,21,D,Attala,Mccool,x,,,,
4,Kenneth Wayne Jones,State Senate,21,D,Attala,Mccool,x,,,,
4,Barbara Blackmon,State Senate,21,D,Attala,Newport,71,,,,
4,Kenneth Wayne Jones,State Senate,21,D,Attala,Newport,66,,,,
4,Barbara Blackmon,State Senate,21,D,Attala,North Central,56,,,,
4,Kenneth Wayne Jones,State Senate,21,D,Attala,North Central,76,,,,
5,Barbara Blackmon,State Senate,21,D,Attala,North East,441,,,,
5,Kenneth Wayne Jones,State Senate,21,D,Attala,North East,186,,,,
5,Barbara Blackmon,State Senate,21,D,Attala,North West,122,,,,
5,Kenneth Wayne Jones,State Senate,21,D,Attala,North West,116,,,,
5,Barbara Blackmon,State Senate,21,D,Attala,Possumneck,80,,,,
5,Kenneth Wayne Jones,State Senate,21,D,Attala,Possumneck,51,,,,
5,Barbara Blackmon,State Senate,21,D,Attala,Providence,x,,,,
5,Kenneth Wayne Jones,State Senate,21,D,Attala,Providence,x,,,,
5,Barbara Blackmon,State Senate,21,D,Attala,Sallis,294,,,,
5,Kenneth Wayne Jones,State Senate,21,D,Attala,Sallis,268,,,,
5,Barbara Blackmon,State Senate,21,D,Attala,South Central,204,,,,
5,Kenneth Wayne Jones,State Senate,21,D,Attala,South Central,153,,,,
5,Barbara Blackmon,State Senate,21,D,Attala,South West,119,,,,
5,Kenneth Wayne Jones,State Senate,21,D,Attala,South West,67,,,,
5,Barbara Blackmon,State Senate,21,D,Attala,Thompson,x,,,,
5,Kenneth Wayne Jones,State Senate,21,D,Attala,Thompson,x,,,,
5,Barbara Blackmon,State Senate,21,D,Attala,Williamsville,x,,,,
5,Kenneth Wayne Jones,State Senate,21,D,Attala,Williamsville,x,,,,
5,Barbara Blackmon,State Senate,21,D,Attala,Zama,x,,,,
5,Kenneth Wayne Jones,State Senate,21,D,Attala,Zama,x,,,,
5,Barbara Blackmon,State Senate,21,D,Attala,TOTAL,1625,,,,
5,Kenneth Wayne Jones,State Senate,21,D,Attala,TOTAL,1338,,,,
4,Leroy Lacy,State House,27,D,Attala,Aponaug,6,,,,
4,"Bulus E. Leflore, Jr. ",State House,27,D,Attala,Aponaug,1,,,,
4,Kenneth Walker,State House,27,D,Attala,Aponaug,5,,,,
4,Leroy Lacy,State House,27,D,Attala,Berea,x,,,,
4,"Bulus E. Leflore, Jr. ",State House,27,D,Attala,Berea,x,,,,
4,Kenneth Walker,State House,27,D,Attala,Berea,x,,,,
4,Leroy Lacy,State House,27,D,Attala,Carmack,x,,,,
4,"Bulus E. Leflore, Jr. ",State House,27,D,Attala,Carmack,x,,,,
4,Kenneth Walker,State House,27,D,Attala,Carmack,x,,,,
4,Leroy Lacy,State House,27,D,Attala,East,x,,,,
4,"Bulus E. Leflore, Jr. ",State House,27,D,Attala,East,x,,,,
4,Kenneth Walker,State House,27,D,Attala,East,x,,,,
4,Leroy Lacy,State House,27,D,Attala,Ethel,x,,,,
4,"Bulus E. Leflore, Jr. ",State House,27,D,Attala,Ethel,x,,,,
4,Kenneth Walker,State House,27,D,Attala,Ethel,x,,,,
4,Leroy Lacy,State House,27,D,Attala,Hesterville,x,,,,
4,"Bulus E. Leflore, Jr. ",State House,27,D,Attala,Hesterville,x,,,,
4,Kenneth Walker,State House,27,D,Attala,Hesterville,x,,,,
4,Leroy Lacy,State House,27,D,Attala,Liberty Chapel,x,,,,
4,"Bulus E. Leflore, Jr. ",State House,27,D,Attala,Liberty Chapel,x,,,,
4,Kenneth Walker,State House,27,D,Attala,Liberty Chapel,x,,,,
4,Leroy Lacy,State House,27,D,Attala,Mcadams,x,,,,
4,"Bulus E. Leflore, Jr. ",State House,27,D,Attala,Mcadams,x,,,,
4,Kenneth Walker,State House,27,D,Attala,Mcadams,x,,,,
4,Leroy Lacy,State House,27,D,Attala,Mccool,x,,,,
4,"Bulus E. Leflore, Jr. ",State House,27,D,Attala,Mccool,x,,,,
4,Kenneth Walker,State House,27,D,Attala,Mccool,x,,,,
4,Leroy Lacy,State House,27,D,Attala,Newport,57,,,,
4,"Bulus E. Leflore, Jr. ",State House,27,D,Attala,Newport,13,,,,
4,Kenneth Walker,State House,27,D,Attala,Newport,53,,,,
4,Leroy Lacy,State House,27,D,Attala,North Central,x,,,,
4,"Bulus E. Leflore, Jr. ",State House,27,D,Attala,North Central,x,,,,
4,Kenneth Walker,State House,27,D,Attala,North Central,x,,,,
5,Leroy Lacy,State House,27,D,Attala,North East,83,,,,
5,"Bulus E. Leflore, Jr. ",State House,27,D,Attala,North East,142,,,,
5,Kenneth Walker,State House,27,D,Attala,North East,172,,,,
5,Leroy Lacy,State House,27,D,Attala,North West,28,,,,
5,"Bulus E. Leflore, Jr. ",State House,27,D,Attala,North West,23,,,,
5,Kenneth Walker,State House,27,D,Attala,North West,84,,,,
5,Leroy Lacy,State House,27,D,Attala,Possumneck,x,,,,
5,"Bulus E. Leflore, Jr. ",State House,27,D,Attala,Possumneck,x,,,,
5,Kenneth Walker,State House,27,D,Attala,Possumneck,x,,,,
5,Leroy Lacy,State House,27,D,Attala,Providence,x,,,,
5,"Bulus E. Leflore, Jr. ",State House,27,D,Attala,Providence,x,,,,
5,Kenneth Walker,State House,27,D,Attala,Providence,x,,,,
5,Leroy Lacy,State House,27,D,Attala,Sallis,x,,,,
5,"Bulus E. Leflore, Jr. ",State House,27,D,Attala,Sallis,x,,,,
5,Kenneth Walker,State House,27,D,Attala,Sallis,x,,,,
5,Leroy Lacy,State House,27,D,Attala,South Central,38,,,,
5,"Bulus E. Leflore, Jr. ",State House,27,D,Attala,South Central,45,,,,
5,Kenneth Walker,State House,27,D,Attala,South Central,63,,,,
5,Leroy Lacy,State House,27,D,Attala,South West,62,,,,
5,"Bulus E. Leflore, Jr. ",State House,27,D,Attala,South West,40,,,,
5,Kenneth Walker,State House,27,D,Attala,South West,73,,,,
5,Leroy Lacy,State House,27,D,Attala,Thompson,x,,,,
5,"Bulus E. Leflore, Jr. ",State House,27,D,Attala,Thompson,x,,,,
5,Kenneth Walker,State House,27,D,Attala,Thompson,x,,,,
5,Leroy Lacy,State House,27,D,Attala,Williamsville,x,,,,
5,"Bulus E. Leflore, Jr. ",State House,27,D,Attala,Williamsville,x,,,,
5,Kenneth Walker,State House,27,D,Attala,Williamsville,x,,,,
5,Leroy Lacy,State House,27,D,Attala,Zama,x,,,,
5,"Bulus E. Leflore, Jr. ",State House,27,D,Attala,Zama,x,,,,
5,Kenneth Walker,State House,27,D,Attala,Zama,x,,,,
5,Leroy Lacy,State House,27,D,Attala,TOTAL,274,,,,
5,"Bulus E. Leflore, Jr. ",State House,27,D,Attala,TOTAL,264,,,,
5,Kenneth Walker,State House,27,D,Attala,TOTAL,450,,,,
4,Patrick Warner,State House,35,D,Attala,Aponaug,x,,,,
4,Patrick Warner,State House,35,D,Attala,Berea,x,,,,
4,Patrick Warner,State House,35,D,Attala,Carmack,x,,,,
4,Patrick Warner,State House,35,D,Attala,East,x,,,,
4,Patrick Warner,State House,35,D,Attala,Ethel,24,,,,
4,Patrick Warner,State House,35,D,Attala,Hesterville,x,,,,
4,Patrick Warner,State House,35,D,Attala,Liberty Chapel,x,,,,
4,Patrick Warner,State House,35,D,Attala,Mcadams,x,,,,
4,Patrick Warner,State House,35,D,Attala,Mccool,141,,,,
4,Patrick Warner,State House,35,D,Attala,Newport,x,,,,
4,Patrick Warner,State House,35,D,Attala,North Central,x,,,,
5,Patrick Warner,State House,35,D,Attala,North East,x,,,,
5,Patrick Warner,State House,35,D,Attala,North West,x,,,,
5,Patrick Warner,State House,35,D,Attala,Possumneck,x,,,,
5,Patrick Warner,State House,35,D,Attala,Providence,x,,,,
5,Patrick Warner,State House,35,D,Attala,Sallis,x,,,,
5,Patrick Warner,State House,35,D,Attala,South Central,x,,,,
5,Patrick Warner,State House,35,D,Attala,South West,x,,,,
5,Patrick Warner,State House,35,D,Attala,Thompson,65,,,,
5,Patrick Warner,State House,35,D,Attala,Williamsville,x,,,,
5,Patrick Warner,State House,35,D,Attala,Zama,x,,,,
5,Patrick Warner,State House,35,D,Attala,TOTAL,230,,,,
4,Bryant W. Clark,State House,47,D,Attala,Aponaug,x,,,,
4,Bryant W. Clark,State House,47,D,Attala,Berea,x,,,,
4,Bryant W. Clark,State House,47,D,Attala,Carmack,x,,,,
4,Bryant W. Clark,State House,47,D,Attala,East,x,,,,
4,Bryant W. Clark,State House,47,D,Attala,Ethel,x,,,,
4,Bryant W. Clark,State House,47,D,Attala,Hesterville,x,,,,
4,Bryant W. Clark,State House,47,D,Attala,Liberty Chapel,x,,,,
4,Bryant W. Clark,State House,47,D,Attala,Mcadams,123,,,,
4,Bryant W. Clark,State House,47,D,Attala,Mccool,x,,,,
4,Bryant W. Clark,State House,47,D,Attala,Newport,x,,,,
4,Bryant W. Clark,State House,47,D,Attala,North Central,x,,,,
5,Bryant W. Clark,State House,47,D,Attala,North East,x,,,,
5,Bryant W. Clark,State House,47,D,Attala,North West,x,,,,
5,Bryant W. Clark,State House,47,D,Attala,Possumneck,x,,,,
5,Bryant W. Clark,State House,47,D,Attala,Providence,x,,,,
5,Bryant W. Clark,State House,47,D,Attala,Sallis,464,,,,
5,Bryant W. Clark,State House,47,D,Attala,South Central,x,,,,
5,Bryant W. Clark,State House,47,D,Attala,South West,x,,,,
5,Bryant W. Clark,State House,47,D,Attala,Thompson,x,,,,
5,Bryant W. Clark,State House,47,D,Attala,Williamsville,x,,,,
5,Bryant W. Clark,State House,47,D,Attala,Zama,x,,,,
5,Bryant W. Clark,State House,47,D,Attala,TOTAL,587,,,,
4,Jill Butler,State House,48,D,Attala,Aponaug,77,,,,
4,Jill Butler,State House,48,D,Attala,Berea,69,,,,
4,Jill Butler,State House,48,D,Attala,Carmack,110,,,,
4,Jill Butler,State House,48,D,Attala,East,298,,,,
4,Jill Butler,State House,48,D,Attala,Ethel,114,,,,
4,Jill Butler,State House,48,D,Attala,Hesterville,77,,,,
4,Jill Butler,State House,48,D,Attala,Liberty Chapel,130,,,,
4,Jill Butler,State House,48,D,Attala,Mcadams,x,,,,
4,Jill Butler,State House,48,D,Attala,Mccool,x,,,,
4,Jill Butler,State House,48,D,Attala,Newport,x,,,,
4,Jill Butler,State House,48,D,Attala,North Central,123,,,,
5,Jill Butler,State House,48,D,Attala,North East,175,,,,
5,Jill Butler,State House,48,D,Attala,North West,81,,,,
5,Jill Butler,State House,48,D,Attala,Possumneck,94,,,,
5,Jill Butler,State House,48,D,Attala,Providence,124,,,,
5,Jill Butler,State House,48,D,Attala,Sallis,x,,,,
5,Jill Butler,State House,48,D,Attala,South Central,181,,,,
5,Jill Butler,State House,48,D,Attala,South West,x,,,,
5,Jill Butler,State House,48,D,Attala,Thompson,x,,,,
5,Jill Butler,State House,48,D,Attala,Williamsville,489,,,,
5,Jill Butler,State House,48,D,Attala,Zama,123,,,,
5,Jill Butler,State House,48,D,Attala,TOTAL,2265,,,,
,,,,,,,,,,,
,,,,,,,,,,,
,,,,,,,,,,,
,,,,,,,,,,,
,,,,,,,,,,,
,,,,,,,,,,,
,,,,,,,,,,,
,,,,,,,,,,,
,,,,,,,,,,,
,,,,,,,,,,,
,,,,,,,,,,,
,,,,,,,,,,,
,,,,,,,,,,,
,,,,,,,,,,,
,,,,,,,,,,,
,,,,,,,,,,,
,,,,,,,,,,,
,,,,,,,,,,,
,,,,,,,,,,,
,,,,,,,,,,,
,,,,,,,,,,,
,,,,,,,,,,,
,,,,,,,,,,,
,,,,,,,,,,,
,,,,,,,,,,,
,,,,,,,,,,,
,,,,,,,,,,,
,,,,,,,,,,,
,,,,,,,,,,,
,,,,,,,,,,,
,,,,,,,,,,,
,,,,,,,,,,,
,,,,,,,,,,,
,,,,,,,,,,,
,,,,,,,,,,,
,,,,,,,,,,,
,,,,,,,,,,,
,,,,,,,,,,,
,,,,,,,,,,,
,,,,,,,,,,,
,,,,,,,,,,,
,,,,,,,,,,,
,,,,,,,,,,,
,,,,,,,,,,,
,,,,,,,,,,,
,,,,,,,,,,,
,,,,,,,,,,,
,,,,,,,,,,,
,,,,,,,,,,,
,,,,,,,,,,,
,,,,,,,,,,,
,,,,,,,,,,,
,,,,,,,,,,,
,,,,,,,,,,,
,,,,,,,,,,,
,,,,,,,,,,,
,,,,,,,,,,,
,,,,,,,,,,,
,,,,,,,,,,,
,,,,,,,,,,,
,,,,,,,,,,,
,,,,,,,,,,,
,,,,,,,,,,,
,,,,,,,,,,,
,,,,,,,,,,,
,,,,,,,,,,,
,,,,,,,,,,,
,,,,,,,,,,,
,,,,,,,,,,,
,,,,,,,,,,,
,,,,,,,,,,,
,,,,,,,,,,,
,,,,,,,,,,,
,,,,,,,,,,,
,,,,,,,,,,,
,,,,,,,,,,,
,,,,,,,,,,,
,,,,,,,,,,,
,,,,,,,,,,,
,,,,,,,,,,,
,,,,,,,,,,,
,,,,,,,,,,,
,,,,,,,,,,,
,,,,,,,,,,,
,,,,,,,,,,,
,,,,,,,,,,,
,,,,,,,,,,,
,,,,,,,,,,,
,,,,,,,,,,,
,,,,,,,,,,,
,,,,,,,,,,,
,,,,,,,,,,,
,,,,,,,,,,,