page,candidate,office,district,party,county,precinct,votes,winner
2,Phil Bryant,Governor,,R,Monroe,1 Amory First,96,
2,Mitch Young,Governor,,R,Monroe,1 Amory First,8,
2,Phil Bryant,Governor,,R,Monroe,1 Bigbee,9,
2,Mitch Young,Governor,,R,Monroe,1 Bigbee,0,
2,Phil Bryant,Governor,,R,Monroe,1 Boyds,35,
2,Mitch Young,Governor,,R,Monroe,1 Boyds,4,
2,Phil Bryant,Governor,,R,Monroe,1 Hatley,165,
2,Mitch Young,Governor,,R,Monroe,1 Hatley,18,
2,Phil Bryant,Governor,,R,Monroe,1 Smithville,110,
2,Mitch Young,Governor,,R,Monroe,1 Smithville,7,
2,Phil Bryant,Governor,,R,Monroe,2 Amory Second,223,
2,Mitch Young,Governor,,R,Monroe,2 Amory Second,11,
2,Phil Bryant,Governor,,R,Monroe,2 Becker,141,
2,Mitch Young,Governor,,R,Monroe,2 Becker,3,
2,Phil Bryant,Governor,,R,Monroe,2 Parham,17,
2,Mitch Young,Governor,,R,Monroe,2 Parham,0,
2,Phil Bryant,Governor,,R,Monroe,2 Sipsey,21,
2,Mitch Young,Governor,,R,Monroe,2 Sipsey,1,
2,Phil Bryant,Governor,,R,Monroe,2 Williams,12,
2,Mitch Young,Governor,,R,Monroe,2 Williams,0,
2,Phil Bryant,Governor,,R,Monroe,3 Aberdeen Third,71,
2,Mitch Young,Governor,,R,Monroe,3 Aberdeen Third,3,
3,Phil Bryant,Governor,,R,Monroe,3 Athens,63,
3,Mitch Young,Governor,,R,Monroe,3 Athens,5,
3,Phil Bryant,Governor,,R,Monroe,3 Bartahatchie,32,
3,Mitch Young,Governor,,R,Monroe,3 Bartahatchie,1,
3,Phil Bryant,Governor,,R,Monroe,3 Greenwood Springs,33,
3,Mitch Young,Governor,,R,Monroe,3 Greenwood Springs,0,
3,Phil Bryant,Governor,,R,Monroe,3 Hamilton,181,
3,Mitch Young,Governor,,R,Monroe,3 Hamilton,8,
3,Phil Bryant,Governor,,R,Monroe,3 Lackey,101,
3,Mitch Young,Governor,,R,Monroe,3 Lackey,5,
3,Phil Bryant,Governor,,R,Monroe,4 Darracott,9,
3,Mitch Young,Governor,,R,Monroe,4 Darracott,1,
3,Phil Bryant,Governor,,R,Monroe,4 Gibson,14,
3,Mitch Young,Governor,,R,Monroe,4 Gibson,0,
3,Phil Bryant,Governor,,R,Monroe,4 North Aberdeen,57,
3,Mitch Young,Governor,,R,Monroe,4 North Aberdeen,2,
3,Phil Bryant,Governor,,R,Monroe,4 Prairie,7,
3,Mitch Young,Governor,,R,Monroe,4 Prairie,0,
3,Phil Bryant,Governor,,R,Monroe,4 South Aberdeen,21,
3,Mitch Young,Governor,,R,Monroe,4 South Aberdeen,1,
3,Phil Bryant,Governor,,R,Monroe,5 Amory Fifth,0,
3,Mitch Young,Governor,,R,Monroe,5 Amory Fifth,0,
4,Phil Bryant,Governor,,R,Monroe,5 Central Grove,22,
4,Mitch Young,Governor,,R,Monroe,5 Central Grove,1,
4,Phil Bryant,Governor,,R,Monroe,5 Nettleton,63,
4,Mitch Young,Governor,,R,Monroe,5 Nettleton,3,
4,Phil Bryant,Governor,,R,Monroe,5 Willis,5,
4,Mitch Young,Governor,,R,Monroe,5 Willis,0,
4,Phil Bryant,Governor,,R,Monroe,5 Wren,102,
4,Mitch Young,Governor,,R,Monroe,5 Wren,9,
4,Phil Bryant,Governor,,R,Monroe,TOTAL,1610,
4,Mitch Young,Governor,,R,Monroe,TOTAL,91,
2,Alisha Nelson McElhenney,Lieutenant Governor,,R,Monroe,1 Amory First,19,
2,Tate Reeves,Lieutenant Governor,,R,Monroe,1 Amory First,80,
2,Alisha Nelson McElhenney,Lieutenant Governor,,R,Monroe,1 Bigbee,1,
2,Tate Reeves,Lieutenant Governor,,R,Monroe,1 Bigbee,7,
2,Alisha Nelson McElhenney,Lieutenant Governor,,R,Monroe,1 Boyds,5,
2,Tate Reeves,Lieutenant Governor,,R,Monroe,1 Boyds,33,
2,Alisha Nelson McElhenney,Lieutenant Governor,,R,Monroe,1 Hatley,28,
2,Tate Reeves,Lieutenant Governor,,R,Monroe,1 Hatley,150,
2,Alisha Nelson McElhenney,Lieutenant Governor,,R,Monroe,1 Smithville,22,
2,Tate Reeves,Lieutenant Governor,,R,Monroe,1 Smithville,92,
2,Alisha Nelson McElhenney,Lieutenant Governor,,R,Monroe,2 Amory Second,35,
2,Tate Reeves,Lieutenant Governor,,R,Monroe,2 Amory Second,189,
2,Alisha Nelson McElhenney,Lieutenant Governor,,R,Monroe,2 Becker,18,
2,Tate Reeves,Lieutenant Governor,,R,Monroe,2 Becker,124,
2,Alisha Nelson McElhenney,Lieutenant Governor,,R,Monroe,2 Parham,2,
2,Tate Reeves,Lieutenant Governor,,R,Monroe,2 Parham,15,
2,Alisha Nelson McElhenney,Lieutenant Governor,,R,Monroe,2 Sipsey,3,
2,Tate Reeves,Lieutenant Governor,,R,Monroe,2 Sipsey,18,
2,Alisha Nelson McElhenney,Lieutenant Governor,,R,Monroe,2 Williams,2,
2,Tate Reeves,Lieutenant Governor,,R,Monroe,2 Williams,10,
2,Alisha Nelson McElhenney,Lieutenant Governor,,R,Monroe,3 Aberdeen Third,7,
2,Tate Reeves,Lieutenant Governor,,R,Monroe,3 Aberdeen Third,63,
3,Alisha Nelson McElhenney,Lieutenant Governor,,R,Monroe,3 Athens,14,
3,Tate Reeves,Lieutenant Governor,,R,Monroe,3 Athens,51,
3,Alisha Nelson McElhenney,Lieutenant Governor,,R,Monroe,3 Bartahatchie,2,
3,Tate Reeves,Lieutenant Governor,,R,Monroe,3 Bartahatchie,28,
3,Alisha Nelson McElhenney,Lieutenant Governor,,R,Monroe,3 Greenwood Springs,1,
3,Tate Reeves,Lieutenant Governor,,R,Monroe,3 Greenwood Springs,30,
3,Alisha Nelson McElhenney,Lieutenant Governor,,R,Monroe,3 Hamilton,24,
3,Tate Reeves,Lieutenant Governor,,R,Monroe,3 Hamilton,160,
3,Alisha Nelson McElhenney,Lieutenant Governor,,R,Monroe,3 Lackey,6,
3,Tate Reeves,Lieutenant Governor,,R,Monroe,3 Lackey,96,
3,Alisha Nelson McElhenney,Lieutenant Governor,,R,Monroe,4 Darracott,1,
3,Tate Reeves,Lieutenant Governor,,R,Monroe,4 Darracott,9,
3,Alisha Nelson McElhenney,Lieutenant Governor,,R,Monroe,4 Gibson,2,
3,Tate Reeves,Lieutenant Governor,,R,Monroe,4 Gibson,12,
3,Alisha Nelson McElhenney,Lieutenant Governor,,R,Monroe,4 North Aberdeen,7,
3,Tate Reeves,Lieutenant Governor,,R,Monroe,4 North Aberdeen,51,
3,Alisha Nelson McElhenney,Lieutenant Governor,,R,Monroe,4 Prairie,0,
3,Tate Reeves,Lieutenant Governor,,R,Monroe,4 Prairie,6,
3,Alisha Nelson McElhenney,Lieutenant Governor,,R,Monroe,4 South Aberdeen,1,
3,Tate Reeves,Lieutenant Governor,,R,Monroe,4 South Aberdeen,22,
3,Alisha Nelson McElhenney,Lieutenant Governor,,R,Monroe,5 Amory Fifth,0,
3,Tate Reeves,Lieutenant Governor,,R,Monroe,5 Amory Fifth,0,
4,Alisha Nelson McElhenney,Lieutenant Governor,,R,Monroe,5 Central Grove,0,
4,Tate Reeves,Lieutenant Governor,,R,Monroe,5 Central Grove,22,
4,Alisha Nelson McElhenney,Lieutenant Governor,,R,Monroe,5 Nettleton,11,
4,Tate Reeves,Lieutenant Governor,,R,Monroe,5 Nettleton,54,
4,Alisha Nelson McElhenney,Lieutenant Governor,,R,Monroe,5 Willis,0,
4,Tate Reeves,Lieutenant Governor,,R,Monroe,5 Willis,5,
4,Alisha Nelson McElhenney,Lieutenant Governor,,R,Monroe,5 Wren,14,
4,Tate Reeves,Lieutenant Governor,,R,Monroe,5 Wren,96,
4,Alisha Nelson McElhenney,Lieutenant Governor,,R,Monroe,TOTAL,225,
4,Tate Reeves,Lieutenant Governor,,R,Monroe,TOTAL,1423,
2,Delbert Hosemann,Secretary of State,,R,Monroe,1 Amory First,96,
2,Delbert Hosemann,Secretary of State,,R,Monroe,1 Bigbee,8,
2,Delbert Hosemann,Secretary of State,,R,Monroe,1 Boyds,35,
2,Delbert Hosemann,Secretary of State,,R,Monroe,1 Hatley,168,
2,Delbert Hosemann,Secretary of State,,R,Monroe,1 Smithville,111,
2,Delbert Hosemann,Secretary of State,,R,Monroe,2 Amory Second,224,
2,Delbert Hosemann,Secretary of State,,R,Monroe,2 Becker,136,
2,Delbert Hosemann,Secretary of State,,R,Monroe,2 Parham,17,
2,Delbert Hosemann,Secretary of State,,R,Monroe,2 Sipsey,21,
2,Delbert Hosemann,Secretary of State,,R,Monroe,2 Williams,11,
2,Delbert Hosemann,Secretary of State,,R,Monroe,3 Aberdeen Third,71,
3,Delbert Hosemann,Secretary of State,,R,Monroe,3 Athens,65,
3,Delbert Hosemann,Secretary of State,,R,Monroe,3 Bartahatchie,28,
3,Delbert Hosemann,Secretary of State,,R,Monroe,3 Greenwood Springs,31,
3,Delbert Hosemann,Secretary of State,,R,Monroe,3 Hamilton,183,
3,Delbert Hosemann,Secretary of State,,R,Monroe,3 Lackey,103,
3,Delbert Hosemann,Secretary of State,,R,Monroe,4 Darracott,10,
3,Delbert Hosemann,Secretary of State,,R,Monroe,4 Gibson,14,
3,Delbert Hosemann,Secretary of State,,R,Monroe,4 North Aberdeen,58,
3,Delbert Hosemann,Secretary of State,,R,Monroe,4 Prairie,6,
3,Delbert Hosemann,Secretary of State,,R,Monroe,4 South Aberdeen,22,
3,Delbert Hosemann,Secretary of State,,R,Monroe,5 Amory Fifth,0,
4,Delbert Hosemann,Secretary of State,,R,Monroe,5 Central Grove,22,
4,Delbert Hosemann,Secretary of State,,R,Monroe,5 Nettleton,62,
4,Delbert Hosemann,Secretary of State,,R,Monroe,5 Willis,5,
4,Delbert Hosemann,Secretary of State,,R,Monroe,5 Wren,106,
4,Delbert Hosemann,Secretary of State,,R,Monroe,TOTAL,1613,
2,Mike Hurst,Attorney General,,R,Monroe,1 Amory First,93,
2,Mike Hurst,Attorney General,,R,Monroe,1 Bigbee,7,
2,Mike Hurst,Attorney General,,R,Monroe,1 Boyds,33,
2,Mike Hurst,Attorney General,,R,Monroe,1 Hatley,164,
2,Mike Hurst,Attorney General,,R,Monroe,1 Smithville,107,
2,Mike Hurst,Attorney General,,R,Monroe,2 Amory Second,212,
2,Mike Hurst,Attorney General,,R,Monroe,2 Becker,126,
2,Mike Hurst,Attorney General,,R,Monroe,2 Parham,14,
2,Mike Hurst,Attorney General,,R,Monroe,2 Sipsey,20,
2,Mike Hurst,Attorney General,,R,Monroe,2 Williams,9,
2,Mike Hurst,Attorney General,,R,Monroe,3 Aberdeen Third,64,
3,Mike Hurst,Attorney General,,R,Monroe,3 Athens,59,
3,Mike Hurst,Attorney General,,R,Monroe,3 Bartahatchie,23,
3,Mike Hurst,Attorney General,,R,Monroe,3 Greenwood Springs,26,
3,Mike Hurst,Attorney General,,R,Monroe,3 Hamilton,175,
3,Mike Hurst,Attorney General,,R,Monroe,3 Lackey,94,
3,Mike Hurst,Attorney General,,R,Monroe,4 Darracott,9,
3,Mike Hurst,Attorney General,,R,Monroe,4 Gibson,13,
3,Mike Hurst,Attorney General,,R,Monroe,4 North Aberdeen,53,
3,Mike Hurst,Attorney General,,R,Monroe,4 Prairie,6,
3,Mike Hurst,Attorney General,,R,Monroe,4 South Aberdeen,21,
3,Mike Hurst,Attorney General,,R,Monroe,5 Amory Fifth,0,
4,Mike Hurst,Attorney General,,R,Monroe,5 Central Grove,21,
4,Mike Hurst,Attorney General,,R,Monroe,5 Nettleton,61,
4,Mike Hurst,Attorney General,,R,Monroe,5 Willis,5,
4,Mike Hurst,Attorney General,,R,Monroe,5 Wren,101,
4,Mike Hurst,Attorney General,,R,Monroe,TOTAL,1516,
2,Mary Hawkins Butler,State Auditor,,R,Monroe,1 Amory First,35,
2,Stacey E. Pickering,State Auditor,,R,Monroe,1 Amory First,66,
2,Mary Hawkins Butler,State Auditor,,R,Monroe,1 Bigbee,1,
2,Stacey E. Pickering,State Auditor,,R,Monroe,1 Bigbee,7,
2,Mary Hawkins Butler,State Auditor,,R,Monroe,1 Boyds,11,
2,Stacey E. Pickering,State Auditor,,R,Monroe,1 Boyds,26,
2,Mary Hawkins Butler,State Auditor,,R,Monroe,1 Hatley,69,
2,Stacey E. Pickering,State Auditor,,R,Monroe,1 Hatley,110,
2,Mary Hawkins Butler,State Auditor,,R,Monroe,1 Smithville,35,
2,Stacey E. Pickering,State Auditor,,R,Monroe,1 Smithville,78,
2,Mary Hawkins Butler,State Auditor,,R,Monroe,2 Amory Second,81,
2,Stacey E. Pickering,State Auditor,,R,Monroe,2 Amory Second,144,
2,Mary Hawkins Butler,State Auditor,,R,Monroe,2 Becker,50,
2,Stacey E. Pickering,State Auditor,,R,Monroe,2 Becker,86,
2,Mary Hawkins Butler,State Auditor,,R,Monroe,2 Parham,3,
2,Stacey E. Pickering,State Auditor,,R,Monroe,2 Parham,13,
2,Mary Hawkins Butler,State Auditor,,R,Monroe,2 Sipsey,9,
2,Stacey E. Pickering,State Auditor,,R,Monroe,2 Sipsey,13,
2,Mary Hawkins Butler,State Auditor,,R,Monroe,2 Williams,7,
2,Stacey E. Pickering,State Auditor,,R,Monroe,2 Williams,5,
2,Mary Hawkins Butler,State Auditor,,R,Monroe,3 Aberdeen Third,17,
2,Stacey E. Pickering,State Auditor,,R,Monroe,3 Aberdeen Third,54,
3,Mary Hawkins Butler,State Auditor,,R,Monroe,3 Athens,25,
3,Stacey E. Pickering,State Auditor,,R,Monroe,3 Athens,40,
3,Mary Hawkins Butler,State Auditor,,R,Monroe,3 Bartahatchie,9,
3,Stacey E. Pickering,State Auditor,,R,Monroe,3 Bartahatchie,21,
3,Mary Hawkins Butler,State Auditor,,R,Monroe,3 Greenwood Springs,12,
3,Stacey E. Pickering,State Auditor,,R,Monroe,3 Greenwood Springs,18,
3,Mary Hawkins Butler,State Auditor,,R,Monroe,3 Hamilton,52,
3,Stacey E. Pickering,State Auditor,,R,Monroe,3 Hamilton,134,
3,Mary Hawkins Butler,State Auditor,,R,Monroe,3 Lackey,18,
3,Stacey E. Pickering,State Auditor,,R,Monroe,3 Lackey,82,
3,Mary Hawkins Butler,State Auditor,,R,Monroe,4 Darracott,4,
3,Stacey E. Pickering,State Auditor,,R,Monroe,4 Darracott,5,
3,Mary Hawkins Butler,State Auditor,,R,Monroe,4 Gibson,3,
3,Stacey E. Pickering,State Auditor,,R,Monroe,4 Gibson,11,
3,Mary Hawkins Butler,State Auditor,,R,Monroe,4 North Aberdeen,24,
3,Stacey E. Pickering,State Auditor,,R,Monroe,4 North Aberdeen,34,
3,Mary Hawkins Butler,State Auditor,,R,Monroe,4 Prairie,0,
3,Stacey E. Pickering,State Auditor,,R,Monroe,4 Prairie,6,
3,Mary Hawkins Butler,State Auditor,,R,Monroe,4 South Aberdeen,5,
3,Stacey E. Pickering,State Auditor,,R,Monroe,4 South Aberdeen,17,
3,Mary Hawkins Butler,State Auditor,,R,Monroe,5 Amory Fifth,0,
3,Stacey E. Pickering,State Auditor,,R,Monroe,5 Amory Fifth,0,
4,Mary Hawkins Butler,State Auditor,,R,Monroe,5 Central Grove,11,
4,Stacey E. Pickering,State Auditor,,R,Monroe,5 Central Grove,11,
4,Mary Hawkins Butler,State Auditor,,R,Monroe,5 Nettleton,23,
4,Stacey E. Pickering,State Auditor,,R,Monroe,5 Nettleton,44,
4,Mary Hawkins Butler,State Auditor,,R,Monroe,5 Willis,3,
4,Stacey E. Pickering,State Auditor,,R,Monroe,5 Willis,2,
4,Mary Hawkins Butler,State Auditor,,R,Monroe,5 Wren,32,
4,Stacey E. Pickering,State Auditor,,R,Monroe,5 Wren,75,
4,Mary Hawkins Butler,State Auditor,,R,Monroe,TOTAL,539,
4,Stacey E. Pickering,State Auditor,,R,Monroe,TOTAL,1102,
2,Lynn Fitch,State Treasurer,,R,Monroe,1 Amory First,56,
2,David McRae,State Treasurer,,R,Monroe,1 Amory First,43,
2,Lynn Fitch,State Treasurer,,R,Monroe,1 Bigbee,3,
2,David McRae,State Treasurer,,R,Monroe,1 Bigbee,5,
2,Lynn Fitch,State Treasurer,,R,Monroe,1 Boyds,19,
2,David McRae,State Treasurer,,R,Monroe,1 Boyds,18,
2,Lynn Fitch,State Treasurer,,R,Monroe,1 Hatley,78,
2,David McRae,State Treasurer,,R,Monroe,1 Hatley,90,
2,Lynn Fitch,State Treasurer,,R,Monroe,1 Smithville,54,
2,David McRae,State Treasurer,,R,Monroe,1 Smithville,56,
2,Lynn Fitch,State Treasurer,,R,Monroe,2 Amory Second,122,
2,David McRae,State Treasurer,,R,Monroe,2 Amory Second,102,
2,Lynn Fitch,State Treasurer,,R,Monroe,2 Becker,68,
2,David McRae,State Treasurer,,R,Monroe,2 Becker,67,
2,Lynn Fitch,State Treasurer,,R,Monroe,2 Parham,9,
2,David McRae,State Treasurer,,R,Monroe,2 Parham,8,
2,Lynn Fitch,State Treasurer,,R,Monroe,2 Sipsey,11,
2,David McRae,State Treasurer,,R,Monroe,2 Sipsey,10,
2,Lynn Fitch,State Treasurer,,R,Monroe,2 Williams,10,
2,David McRae,State Treasurer,,R,Monroe,2 Williams,2,
2,Lynn Fitch,State Treasurer,,R,Monroe,3 Aberdeen Third,42,
2,David McRae,State Treasurer,,R,Monroe,3 Aberdeen Third,25,
3,Lynn Fitch,State Treasurer,,R,Monroe,3 Athens,36,
3,David McRae,State Treasurer,,R,Monroe,3 Athens,29,
3,Lynn Fitch,State Treasurer,,R,Monroe,3 Bartahatchie,10,
3,David McRae,State Treasurer,,R,Monroe,3 Bartahatchie,19,
3,Lynn Fitch,State Treasurer,,R,Monroe,3 Greenwood Springs,17,
3,David McRae,State Treasurer,,R,Monroe,3 Greenwood Springs,12,
3,Lynn Fitch,State Treasurer,,R,Monroe,3 Hamilton,107,
3,David McRae,State Treasurer,,R,Monroe,3 Hamilton,76,
3,Lynn Fitch,State Treasurer,,R,Monroe,3 Lackey,45,
3,David McRae,State Treasurer,,R,Monroe,3 Lackey,54,
3,Lynn Fitch,State Treasurer,,R,Monroe,4 Darracott,3,
3,David McRae,State Treasurer,,R,Monroe,4 Darracott,7,
3,Lynn Fitch,State Treasurer,,R,Monroe,4 Gibson,9,
3,David McRae,State Treasurer,,R,Monroe,4 Gibson,5,
3,Lynn Fitch,State Treasurer,,R,Monroe,4 North Aberdeen,23,
3,David McRae,State Treasurer,,R,Monroe,4 North Aberdeen,32,
3,Lynn Fitch,State Treasurer,,R,Monroe,4 Prairie,2,
3,David McRae,State Treasurer,,R,Monroe,4 Prairie,4,
3,Lynn Fitch,State Treasurer,,R,Monroe,4 South Aberdeen,12,
3,David McRae,State Treasurer,,R,Monroe,4 South Aberdeen,10,
3,Lynn Fitch,State Treasurer,,R,Monroe,5 Amory Fifth,0,
3,David McRae,State Treasurer,,R,Monroe,5 Amory Fifth,0,
4,Lynn Fitch,State Treasurer,,R,Monroe,5 Central Grove,11,
4,David McRae,State Treasurer,,R,Monroe,5 Central Grove,10,
4,Lynn Fitch,State Treasurer,,R,Monroe,5 Nettleton,29,
4,David McRae,State Treasurer,,R,Monroe,5 Nettleton,37,
4,Lynn Fitch,State Treasurer,,R,Monroe,5 Willis,2,
4,David McRae,State Treasurer,,R,Monroe,5 Willis,3,
4,Lynn Fitch,State Treasurer,,R,Monroe,5 Wren,57,
4,David McRae,State Treasurer,,R,Monroe,5 Wren,49,
4,Lynn Fitch,State Treasurer,,R,Monroe,TOTAL,835,
4,David McRae,State Treasurer,,R,Monroe,TOTAL,773,
2,Cindy Hyde-Smith,Commissioner of Agriculture & Commerce,,R,Monroe,1 Amory First,94,
2,Cindy Hyde-Smith,Commissioner of Agriculture & Commerce,,R,Monroe,1 Bigbee,7,
2,Cindy Hyde-Smith,Commissioner of Agriculture & Commerce,,R,Monroe,1 Boyds,32,
2,Cindy Hyde-Smith,Commissioner of Agriculture & Commerce,,R,Monroe,1 Hatley,160,
2,Cindy Hyde-Smith,Commissioner of Agriculture & Commerce,,R,Monroe,1 Smithville,103,
2,Cindy Hyde-Smith,Commissioner of Agriculture & Commerce,,R,Monroe,2 Amory Second,212,
2,Cindy Hyde-Smith,Commissioner of Agriculture & Commerce,,R,Monroe,2 Becker,131,
2,Cindy Hyde-Smith,Commissioner of Agriculture & Commerce,,R,Monroe,2 Parham,15,
2,Cindy Hyde-Smith,Commissioner of Agriculture & Commerce,,R,Monroe,2 Sipsey,22,
2,Cindy Hyde-Smith,Commissioner of Agriculture & Commerce,,R,Monroe,2 Williams,11,
2,Cindy Hyde-Smith,Commissioner of Agriculture & Commerce,,R,Monroe,3 Aberdeen Third,66,
3,Cindy Hyde-Smith,Commissioner of Agriculture & Commerce,,R,Monroe,3 Athens,61,
3,Cindy Hyde-Smith,Commissioner of Agriculture & Commerce,,R,Monroe,3 Bartahatchie,23,
3,Cindy Hyde-Smith,Commissioner of Agriculture & Commerce,,R,Monroe,3 Greenwood Springs,27,
3,Cindy Hyde-Smith,Commissioner of Agriculture & Commerce,,R,Monroe,3 Hamilton,176,
3,Cindy Hyde-Smith,Commissioner of Agriculture & Commerce,,R,Monroe,3 Lackey,94,
3,Cindy Hyde-Smith,Commissioner of Agriculture & Commerce,,R,Monroe,4 Darracott,9,
3,Cindy Hyde-Smith,Commissioner of Agriculture & Commerce,,R,Monroe,4 Gibson,13,
3,Cindy Hyde-Smith,Commissioner of Agriculture & Commerce,,R,Monroe,4 North Aberdeen,52,
3,Cindy Hyde-Smith,Commissioner of Agriculture & Commerce,,R,Monroe,4 Prairie,6,
3,Cindy Hyde-Smith,Commissioner of Agriculture & Commerce,,R,Monroe,4 South Aberdeen,21,
3,Cindy Hyde-Smith,Commissioner of Agriculture & Commerce,,R,Monroe,5 Amory Fifth,0,
4,Cindy Hyde-Smith,Commissioner of Agriculture & Commerce,,R,Monroe,5 Central Grove,22,
4,Cindy Hyde-Smith,Commissioner of Agriculture & Commerce,,R,Monroe,5 Nettleton,64,
4,Cindy Hyde-Smith,Commissioner of Agriculture & Commerce,,R,Monroe,5 Willis,5,
4,Cindy Hyde-Smith,Commissioner of Agriculture & Commerce,,R,Monroe,5 Wren,102,
4,Cindy Hyde-Smith,Commissioner of Agriculture & Commerce,,R,Monroe,TOTAL,1528,
2,Mike Chaney,Commissioner of Insurance,,R,Monroe,1 Amory First,82,
2,Mike Chaney,Commissioner of Insurance,,R,Monroe,1 Bigbee,7,
2,Mike Chaney,Commissioner of Insurance,,R,Monroe,1 Boyds,26,
2,Mike Chaney,Commissioner of Insurance,,R,Monroe,1 Hatley,142,
2,Mike Chaney,Commissioner of Insurance,,R,Monroe,1 Smithville,91,
2,Mike Chaney,Commissioner of Insurance,,R,Monroe,2 Amory Second,170,
2,Mike Chaney,Commissioner of Insurance,,R,Monroe,2 Becker,113,
2,Mike Chaney,Commissioner of Insurance,,R,Monroe,2 Parham,12,
2,Mike Chaney,Commissioner of Insurance,,R,Monroe,2 Sipsey,20,
2,Mike Chaney,Commissioner of Insurance,,R,Monroe,2 Williams,10,
2,Mike Chaney,Commissioner of Insurance,,R,Monroe,3 Aberdeen Third,59,
3,Mike Chaney,Commissioner of Insurance,,R,Monroe,3 Athens,56,
3,Mike Chaney,Commissioner of Insurance,,R,Monroe,3 Bartahatchie,23,
3,Mike Chaney,Commissioner of Insurance,,R,Monroe,3 Greenwood Springs,27,
3,Mike Chaney,Commissioner of Insurance,,R,Monroe,3 Hamilton,146,
3,Mike Chaney,Commissioner of Insurance,,R,Monroe,3 Lackey,82,
3,Mike Chaney,Commissioner of Insurance,,R,Monroe,4 Darracott,9,
3,Mike Chaney,Commissioner of Insurance,,R,Monroe,4 Gibson,11,
3,Mike Chaney,Commissioner of Insurance,,R,Monroe,4 North Aberdeen,45,
3,Mike Chaney,Commissioner of Insurance,,R,Monroe,4 Prairie,5,
3,Mike Chaney,Commissioner of Insurance,,R,Monroe,4 South Aberdeen,17,
3,Mike Chaney,Commissioner of Insurance,,R,Monroe,5 Amory Fifth,0,
4,Mike Chaney,Commissioner of Insurance,,R,Monroe,5 Central Grove,16,
4,Mike Chaney,Commissioner of Insurance,,R,Monroe,5 Nettleton,54,
4,Mike Chaney,Commissioner of Insurance,,R,Monroe,5 Willis,5,
4,Mike Chaney,Commissioner of Insurance,,R,Monroe,5 Wren,86,
4,Mike Chaney,Commissioner of Insurance,,R,Monroe,TOTAL,1314,
5,Barry Stevel,State Senate,07,R,Monroe,1 Amory First,94,
5,Barry Stevel,State Senate,07,R,Monroe,1 Bigbee,8,
5,Barry Stevel,State Senate,07,R,Monroe,1 Boyds,37,
5,Barry Stevel,State Senate,07,R,Monroe,1 Hatley,173,
5,Barry Stevel,State Senate,07,R,Monroe,1 Smithville,104,
5,Barry Stevel,State Senate,07,R,Monroe,2 Amory Second,207,
5,Barry Stevel,State Senate,07,R,Monroe,2 Becker,132,
5,Barry Stevel,State Senate,07,R,Monroe,2 Parham,14,
5,Barry Stevel,State Senate,07,R,Monroe,2 Sipsey,x,
5,Barry Stevel,State Senate,07,R,Monroe,2 Williams,10,
5,Barry Stevel,State Senate,07,R,Monroe,3 Aberdeen Third,60,
6,Barry Stevel,State Senate,07,R,Monroe,3 Athens,31,
6,Barry Stevel,State Senate,07,R,Monroe,3 Bartahatchie,x,
6,Barry Stevel,State Senate,07,R,Monroe,3 Greenwood Springs,x,
6,Barry Stevel,State Senate,07,R,Monroe,3 Hamilton,x,
6,Barry Stevel,State Senate,07,R,Monroe,3 Lackey,x,
6,Barry Stevel,State Senate,07,R,Monroe,4 Darracott,10,
6,Barry Stevel,State Senate,07,R,Monroe,4 Gibson,13,
6,Barry Stevel,State Senate,07,R,Monroe,4 North Aberdeen,52,
6,Barry Stevel,State Senate,07,R,Monroe,4 Prairie,6,
6,Barry Stevel,State Senate,07,R,Monroe,4 South Aberdeen,22,
6,Barry Stevel,State Senate,07,R,Monroe,5 Amory Fifth,0,
7,Barry Stevel,State Senate,07,R,Monroe,5 Central Grove,21,
7,Barry Stevel,State Senate,07,R,Monroe,5 Nettleton,62,
7,Barry Stevel,State Senate,07,R,Monroe,5 Willis,5,
7,Barry Stevel,State Senate,07,R,Monroe,5 Wren,99,
7,Barry Stevel,State Senate,07,R,Monroe,TOTAL,1160,
5,"Robert A. 'Bobby' Patrick, Jr.",State Senate,17,R,Monroe,1 Amory First,x,
5,Charles 'Chuck' A. Younger,State Senate,17,R,Monroe,1 Amory First,x,
5,"Robert A. 'Bobby' Patrick, Jr.",State Senate,17,R,Monroe,1 Bigbee,x,
5,Charles 'Chuck' A. Younger,State Senate,17,R,Monroe,1 Bigbee,x,
5,"Robert A. 'Bobby' Patrick, Jr.",State Senate,17,R,Monroe,1 Boyds,x,
5,Charles 'Chuck' A. Younger,State Senate,17,R,Monroe,1 Boyds,x,
5,"Robert A. 'Bobby' Patrick, Jr.",State Senate,17,R,Monroe,1 Hatley,x,
5,Charles 'Chuck' A. Younger,State Senate,17,R,Monroe,1 Hatley,x,
5,"Robert A. 'Bobby' Patrick, Jr.",State Senate,17,R,Monroe,1 Smithville,x,
5,Charles 'Chuck' A. Younger,State Senate,17,R,Monroe,1 Smithville,x,
5,"Robert A. 'Bobby' Patrick, Jr.",State Senate,17,R,Monroe,2 Amory Second,x,
5,Charles 'Chuck' A. Younger,State Senate,17,R,Monroe,2 Amory Second,x,
5,"Robert A. 'Bobby' Patrick, Jr.",State Senate,17,R,Monroe,2 Becker,x,
5,Charles 'Chuck' A. Younger,State Senate,17,R,Monroe,2 Becker,x,
5,"Robert A. 'Bobby' Patrick, Jr.",State Senate,17,R,Monroe,2 Parham,x,
5,Charles 'Chuck' A. Younger,State Senate,17,R,Monroe,2 Parham,x,
5,"Robert A. 'Bobby' Patrick, Jr.",State Senate,17,R,Monroe,2 Sipsey,10,
5,Charles 'Chuck' A. Younger,State Senate,17,R,Monroe,2 Sipsey,11,
5,"Robert A. 'Bobby' Patrick, Jr.",State Senate,17,R,Monroe,2 Williams,x,
5,Charles 'Chuck' A. Younger,State Senate,17,R,Monroe,2 Williams,x,
5,"Robert A. 'Bobby' Patrick, Jr.",State Senate,17,R,Monroe,3 Aberdeen Third,x,
5,Charles 'Chuck' A. Younger,State Senate,17,R,Monroe,3 Aberdeen Third,x,
6,"Robert A. 'Bobby' Patrick, Jr.",State Senate,17,R,Monroe,3 Athens,9,
6,Charles 'Chuck' A. Younger,State Senate,17,R,Monroe,3 Athens,21,
6,"Robert A. 'Bobby' Patrick, Jr.",State Senate,17,R,Monroe,3 Bartahatchie,15,
6,Charles 'Chuck' A. Younger,State Senate,17,R,Monroe,3 Bartahatchie,14,
6,"Robert A. 'Bobby' Patrick, Jr.",State Senate,17,R,Monroe,3 Greenwood Springs,9,
6,Charles 'Chuck' A. Younger,State Senate,17,R,Monroe,3 Greenwood Springs,21,
6,"Robert A. 'Bobby' Patrick, Jr.",State Senate,17,R,Monroe,3 Hamilton,41,
6,Charles 'Chuck' A. Younger,State Senate,17,R,Monroe,3 Hamilton,142,
6,"Robert A. 'Bobby' Patrick, Jr.",State Senate,17,R,Monroe,3 Lackey,27,
6,Charles 'Chuck' A. Younger,State Senate,17,R,Monroe,3 Lackey,70,
6,"Robert A. 'Bobby' Patrick, Jr.",State Senate,17,R,Monroe,4 Darracott,x,
6,Charles 'Chuck' A. Younger,State Senate,17,R,Monroe,4 Darracott,x,
6,"Robert A. 'Bobby' Patrick, Jr.",State Senate,17,R,Monroe,4 Gibson,x,
6,Charles 'Chuck' A. Younger,State Senate,17,R,Monroe,4 Gibson,x,
6,"Robert A. 'Bobby' Patrick, Jr.",State Senate,17,R,Monroe,4 North Aberdeen,x,
6,Charles 'Chuck' A. Younger,State Senate,17,R,Monroe,4 North Aberdeen,x,
6,"Robert A. 'Bobby' Patrick, Jr.",State Senate,17,R,Monroe,4 Prairie,x,
6,Charles 'Chuck' A. Younger,State Senate,17,R,Monroe,4 Prairie,x,
6,"Robert A. 'Bobby' Patrick, Jr.",State Senate,17,R,Monroe,4 South Aberdeen,x,
6,Charles 'Chuck' A. Younger,State Senate,17,R,Monroe,4 South Aberdeen,x,
6,"Robert A. 'Bobby' Patrick, Jr.",State Senate,17,R,Monroe,5 Amory Fifth,x,
6,Charles 'Chuck' A. Younger,State Senate,17,R,Monroe,5 Amory Fifth,x,
7,"Robert A. 'Bobby' Patrick, Jr.",State Senate,17,R,Monroe,5 Central Grove,x,
7,Charles 'Chuck' A. Younger,State Senate,17,R,Monroe,5 Central Grove,x,
7,"Robert A. 'Bobby' Patrick, Jr.",State Senate,17,R,Monroe,5 Nettleton,x,
7,Charles 'Chuck' A. Younger,State Senate,17,R,Monroe,5 Nettleton,x,
7,"Robert A. 'Bobby' Patrick, Jr.",State Senate,17,R,Monroe,5 Willis,x,
7,Charles 'Chuck' A. Younger,State Senate,17,R,Monroe,5 Willis,x,
7,"Robert A. 'Bobby' Patrick, Jr.",State Senate,17,R,Monroe,5 Wren,x,
7,Charles 'Chuck' A. Younger,State Senate,17,R,Monroe,5 Wren,x,
7,"Robert A. 'Bobby' Patrick, Jr.",State Senate,17,R,Monroe,TOTAL,111,
7,Charles 'Chuck' A. Younger,State Senate,17,R,Monroe,TOTAL,279,
5,Chris Brown,State House,20,R,Monroe,1 Amory First,98,
5,Chris Brown,State House,20,R,Monroe,1 Bigbee,8,
5,Chris Brown,State House,20,R,Monroe,1 Boyds,39,
5,Chris Brown,State House,20,R,Monroe,1 Hatley,168,
5,Chris Brown,State House,20,R,Monroe,1 Smithville,108,
5,Chris Brown,State House,20,R,Monroe,2 Amory Second,221,
5,Chris Brown,State House,20,R,Monroe,2 Becker,135,
5,Chris Brown,State House,20,R,Monroe,2 Parham,17,
5,Chris Brown,State House,20,R,Monroe,2 Sipsey,x,
5,Chris Brown,State House,20,R,Monroe,2 Williams,11,
5,Chris Brown,State House,20,R,Monroe,3 Aberdeen Third,x,
6,Chris Brown,State House,20,R,Monroe,3 Athens,62,
6,Chris Brown,State House,20,R,Monroe,3 Bartahatchie,x,
6,Chris Brown,State House,20,R,Monroe,3 Greenwood Springs,x,
6,Chris Brown,State House,20,R,Monroe,3 Hamilton,x,
6,Chris Brown,State House,20,R,Monroe,3 Lackey,x,
6,Chris Brown,State House,20,R,Monroe,4 Darracott,x,
6,Chris Brown,State House,20,R,Monroe,4 Gibson,x,
6,Chris Brown,State House,20,R,Monroe,4 North Aberdeen,15,
6,Chris Brown,State House,20,R,Monroe,4 Prairie,x,
6,Chris Brown,State House,20,R,Monroe,4 South Aberdeen,x,
6,Chris Brown,State House,20,R,Monroe,5 Amory Fifth,0,
7,Chris Brown,State House,20,R,Monroe,5 Central Grove,x,
7,Chris Brown,State House,20,R,Monroe,5 Nettleton,59,
7,Chris Brown,State House,20,R,Monroe,5 Willis,x,
7,Chris Brown,State House,20,R,Monroe,5 Wren,98,
7,Chris Brown,State House,20,R,Monroe,TOTAL,1039,
5,Jeffrey C. Smith,State House,39,R,Monroe,1 Amory First,x,
5,Jeffrey C. Smith,State House,39,R,Monroe,1 Bigbee,x,
5,Jeffrey C. Smith,State House,39,R,Monroe,1 Boyds,x,
5,Jeffrey C. Smith,State House,39,R,Monroe,1 Hatley,x,
5,Jeffrey C. Smith,State House,39,R,Monroe,1 Smithville,x,
5,Jeffrey C. Smith,State House,39,R,Monroe,2 Amory Second,x,
5,Jeffrey C. Smith,State House,39,R,Monroe,2 Becker,x,
5,Jeffrey C. Smith,State House,39,R,Monroe,2 Parham,x,
5,Jeffrey C. Smith,State House,39,R,Monroe,2 Sipsey,21,
5,Jeffrey C. Smith,State House,39,R,Monroe,2 Williams,x,
5,Jeffrey C. Smith,State House,39,R,Monroe,3 Aberdeen Third,x,
6,Jeffrey C. Smith,State House,39,R,Monroe,3 Athens,x,
6,Jeffrey C. Smith,State House,39,R,Monroe,3 Bartahatchie,24,
6,Jeffrey C. Smith,State House,39,R,Monroe,3 Greenwood Springs,24,
6,Jeffrey C. Smith,State House,39,R,Monroe,3 Hamilton,168,
6,Jeffrey C. Smith,State House,39,R,Monroe,3 Lackey,92,
6,Jeffrey C. Smith,State House,39,R,Monroe,4 Darracott,x,
6,Jeffrey C. Smith,State House,39,R,Monroe,4 Gibson,x,
6,Jeffrey C. Smith,State House,39,R,Monroe,4 North Aberdeen,x,
6,Jeffrey C. Smith,State House,39,R,Monroe,4 Prairie,x,
6,Jeffrey C. Smith,State House,39,R,Monroe,4 South Aberdeen,x,
6,Jeffrey C. Smith,State House,39,R,Monroe,5 Amory Fifth,x,
7,Jeffrey C. Smith,State House,39,R,Monroe,5 Central Grove,x,
7,Jeffrey C. Smith,State House,39,R,Monroe,5 Nettleton,x,
7,Jeffrey C. Smith,State House,39,R,Monroe,5 Willis,x,
7,Jeffrey C. Smith,State House,39,R,Monroe,5 Wren,x,
7,Jeffrey C. Smith,State House,39,R,Monroe,TOTAL,329,
2,Robert Gray,Governor,,D,Monroe,1 Amory First,127,
2,Valerie Adream Smartt Short,Governor,,D,Monroe,1 Amory First,22,
2,Vicki Slater,Governor,,D,Monroe,1 Amory First,68,
2,Robert Gray,Governor,,D,Monroe,1 Bigbee,50,
2,Valerie Adream Smartt Short,Governor,,D,Monroe,1 Bigbee,9,
2,Vicki Slater,Governor,,D,Monroe,1 Bigbee,15,
2,Robert Gray,Governor,,D,Monroe,1 Boyds,77,
2,Valerie Adream Smartt Short,Governor,,D,Monroe,1 Boyds,6,
2,Vicki Slater,Governor,,D,Monroe,1 Boyds,37,
2,Robert Gray,Governor,,D,Monroe,1 Hatley,300,
2,Valerie Adream Smartt Short,Governor,,D,Monroe,1 Hatley,42,
2,Vicki Slater,Governor,,D,Monroe,1 Hatley,161,
2,Robert Gray,Governor,,D,Monroe,1 Smithville,205,
2,Valerie Adream Smartt Short,Governor,,D,Monroe,1 Smithville,29,
2,Vicki Slater,Governor,,D,Monroe,1 Smithville,80,
2,Robert Gray,Governor,,D,Monroe,2 Amory Second,340,
2,Valerie Adream Smartt Short,Governor,,D,Monroe,2 Amory Second,87,
2,Vicki Slater,Governor,,D,Monroe,2 Amory Second,149,
2,Robert Gray,Governor,,D,Monroe,2 Becker,198,
2,Valerie Adream Smartt Short,Governor,,D,Monroe,2 Becker,26,
2,Vicki Slater,Governor,,D,Monroe,2 Becker,106,
2,Robert Gray,Governor,,D,Monroe,2 Parham,38,
2,Valerie Adream Smartt Short,Governor,,D,Monroe,2 Parham,6,
2,Vicki Slater,Governor,,D,Monroe,2 Parham,19,
2,Robert Gray,Governor,,D,Monroe,2 Sipsey,44,
2,Valerie Adream Smartt Short,Governor,,D,Monroe,2 Sipsey,6,
2,Vicki Slater,Governor,,D,Monroe,2 Sipsey,16,
2,Robert Gray,Governor,,D,Monroe,2 Williams,22,
2,Valerie Adream Smartt Short,Governor,,D,Monroe,2 Williams,1,
2,Vicki Slater,Governor,,D,Monroe,2 Williams,12,
2,Robert Gray,Governor,,D,Monroe,3 Aberdeen Third,115,
2,Valerie Adream Smartt Short,Governor,,D,Monroe,3 Aberdeen Third,35,
2,Vicki Slater,Governor,,D,Monroe,3 Aberdeen Third,83,
3,Robert Gray,Governor,,D,Monroe,3 Athens,86,
3,Valerie Adream Smartt Short,Governor,,D,Monroe,3 Athens,16,
3,Vicki Slater,Governor,,D,Monroe,3 Athens,41,
3,Robert Gray,Governor,,D,Monroe,3 Bartahatchie,57,
3,Valerie Adream Smartt Short,Governor,,D,Monroe,3 Bartahatchie,1,
3,Vicki Slater,Governor,,D,Monroe,3 Bartahatchie,22,
3,Robert Gray,Governor,,D,Monroe,3 Greenwood Springs,28,
3,Valerie Adream Smartt Short,Governor,,D,Monroe,3 Greenwood Springs,7,
3,Vicki Slater,Governor,,D,Monroe,3 Greenwood Springs,8,
3,Robert Gray,Governor,,D,Monroe,3 Hamilton,317,
3,Valerie Adream Smartt Short,Governor,,D,Monroe,3 Hamilton,43,
3,Vicki Slater,Governor,,D,Monroe,3 Hamilton,130,
3,Robert Gray,Governor,,D,Monroe,3 Lackey,153,
3,Valerie Adream Smartt Short,Governor,,D,Monroe,3 Lackey,25,
3,Vicki Slater,Governor,,D,Monroe,3 Lackey,79,
3,Robert Gray,Governor,,D,Monroe,4 Darracott,39,
3,Valerie Adream Smartt Short,Governor,,D,Monroe,4 Darracott,4,
3,Vicki Slater,Governor,,D,Monroe,4 Darracott,23,
3,Robert Gray,Governor,,D,Monroe,4 Gibson,127,
3,Valerie Adream Smartt Short,Governor,,D,Monroe,4 Gibson,27,
3,Vicki Slater,Governor,,D,Monroe,4 Gibson,46,
3,Robert Gray,Governor,,D,Monroe,4 North Aberdeen,275,
3,Valerie Adream Smartt Short,Governor,,D,Monroe,4 North Aberdeen,78,
3,Vicki Slater,Governor,,D,Monroe,4 North Aberdeen,151,
3,Robert Gray,Governor,,D,Monroe,4 Prairie,141,
3,Valerie Adream Smartt Short,Governor,,D,Monroe,4 Prairie,49,
3,Vicki Slater,Governor,,D,Monroe,4 Prairie,108,
3,Robert Gray,Governor,,D,Monroe,4 South Aberdeen,286,
3,Valerie Adream Smartt Short,Governor,,D,Monroe,4 South Aberdeen,92,
3,Vicki Slater,Governor,,D,Monroe,4 South Aberdeen,142,
3,Robert Gray,Governor,,D,Monroe,5 Amory Fifth,188,
3,Valerie Adream Smartt Short,Governor,,D,Monroe,5 Amory Fifth,53,
3,Vicki Slater,Governor,,D,Monroe,5 Amory Fifth,65,
4,Robert Gray,Governor,,D,Monroe,5 Central Grove,87,
4,Valerie Adream Smartt Short,Governor,,D,Monroe,5 Central Grove,25,
4,Vicki Slater,Governor,,D,Monroe,5 Central Grove,38,
4,Robert Gray,Governor,,D,Monroe,5 Nettleton,169,
4,Valerie Adream Smartt Short,Governor,,D,Monroe,5 Nettleton,49,
4,Vicki Slater,Governor,,D,Monroe,5 Nettleton,94,
4,Robert Gray,Governor,,D,Monroe,5 Willis,200,
4,Valerie Adream Smartt Short,Governor,,D,Monroe,5 Willis,39,
4,Vicki Slater,Governor,,D,Monroe,5 Willis,119,
4,Robert Gray,Governor,,D,Monroe,5 Wren,202,
4,Valerie Adream Smartt Short,Governor,,D,Monroe,5 Wren,43,
4,Vicki Slater,Governor,,D,Monroe,5 Wren,77,
4,Robert Gray,Governor,,D,Monroe,TOTAL,3871,
4,Valerie Adream Smartt Short,Governor,,D,Monroe,TOTAL,820,
4,Vicki Slater,Governor,,D,Monroe,TOTAL,1889,
2,Jelani Barr,Lieutenant Governor,,D,Monroe,1 Amory First,19,
2,Tim Johnson,Lieutenant Governor,,D,Monroe,1 Amory First,210,
2,Jelani Barr,Lieutenant Governor,,D,Monroe,1 Bigbee,4,
2,Tim Johnson,Lieutenant Governor,,D,Monroe,1 Bigbee,75,
2,Jelani Barr,Lieutenant Governor,,D,Monroe,1 Boyds,11,
2,Tim Johnson,Lieutenant Governor,,D,Monroe,1 Boyds,108,
2,Jelani Barr,Lieutenant Governor,,D,Monroe,1 Hatley,39,
2,Tim Johnson,Lieutenant Governor,,D,Monroe,1 Hatley,473,
2,Jelani Barr,Lieutenant Governor,,D,Monroe,1 Smithville,36,
2,Tim Johnson,Lieutenant Governor,,D,Monroe,1 Smithville,281,
2,Jelani Barr,Lieutenant Governor,,D,Monroe,2 Amory Second,77,
2,Tim Johnson,Lieutenant Governor,,D,Monroe,2 Amory Second,499,
2,Jelani Barr,Lieutenant Governor,,D,Monroe,2 Becker,39,
2,Tim Johnson,Lieutenant Governor,,D,Monroe,2 Becker,302,
2,Jelani Barr,Lieutenant Governor,,D,Monroe,2 Parham,6,
2,Tim Johnson,Lieutenant Governor,,D,Monroe,2 Parham,59,
2,Jelani Barr,Lieutenant Governor,,D,Monroe,2 Sipsey,7,
2,Tim Johnson,Lieutenant Governor,,D,Monroe,2 Sipsey,61,
2,Jelani Barr,Lieutenant Governor,,D,Monroe,2 Williams,1,
2,Tim Johnson,Lieutenant Governor,,D,Monroe,2 Williams,33,
2,Jelani Barr,Lieutenant Governor,,D,Monroe,3 Aberdeen Third,51,
2,Tim Johnson,Lieutenant Governor,,D,Monroe,3 Aberdeen Third,177,
3,Jelani Barr,Lieutenant Governor,,D,Monroe,3 Athens,14,
3,Tim Johnson,Lieutenant Governor,,D,Monroe,3 Athens,127,
3,Jelani Barr,Lieutenant Governor,,D,Monroe,3 Bartahatchie,8,
3,Tim Johnson,Lieutenant Governor,,D,Monroe,3 Bartahatchie,68,
3,Jelani Barr,Lieutenant Governor,,D,Monroe,3 Greenwood Springs,7,
3,Tim Johnson,Lieutenant Governor,,D,Monroe,3 Greenwood Springs,38,
3,Jelani Barr,Lieutenant Governor,,D,Monroe,3 Hamilton,85,
3,Tim Johnson,Lieutenant Governor,,D,Monroe,3 Hamilton,413,
3,Jelani Barr,Lieutenant Governor,,D,Monroe,3 Lackey,44,
3,Tim Johnson,Lieutenant Governor,,D,Monroe,3 Lackey,212,
3,Jelani Barr,Lieutenant Governor,,D,Monroe,4 Darracott,16,
3,Tim Johnson,Lieutenant Governor,,D,Monroe,4 Darracott,53,
3,Jelani Barr,Lieutenant Governor,,D,Monroe,4 Gibson,59,
3,Tim Johnson,Lieutenant Governor,,D,Monroe,4 Gibson,134,
3,Jelani Barr,Lieutenant Governor,,D,Monroe,4 North Aberdeen,144,
3,Tim Johnson,Lieutenant Governor,,D,Monroe,4 North Aberdeen,343,
3,Jelani Barr,Lieutenant Governor,,D,Monroe,4 Prairie,113,
3,Tim Johnson,Lieutenant Governor,,D,Monroe,4 Prairie,169,
3,Jelani Barr,Lieutenant Governor,,D,Monroe,4 South Aberdeen,155,
3,Tim Johnson,Lieutenant Governor,,D,Monroe,4 South Aberdeen,344,
3,Jelani Barr,Lieutenant Governor,,D,Monroe,5 Amory Fifth,100,
3,Tim Johnson,Lieutenant Governor,,D,Monroe,5 Amory Fifth,195,
4,Jelani Barr,Lieutenant Governor,,D,Monroe,5 Central Grove,48,
4,Tim Johnson,Lieutenant Governor,,D,Monroe,5 Central Grove,93,
4,Jelani Barr,Lieutenant Governor,,D,Monroe,5 Nettleton,61,
4,Tim Johnson,Lieutenant Governor,,D,Monroe,5 Nettleton,235,
4,Jelani Barr,Lieutenant Governor,,D,Monroe,5 Willis,103,
4,Tim Johnson,Lieutenant Governor,,D,Monroe,5 Willis,231,
4,Jelani Barr,Lieutenant Governor,,D,Monroe,5 Wren,58,
4,Tim Johnson,Lieutenant Governor,,D,Monroe,5 Wren,264,
4,Jelani Barr,Lieutenant Governor,,D,Monroe,TOTAL,1305,
4,Tim Johnson,Lieutenant Governor,,D,Monroe,TOTAL,5197,
2,Charles E. Graham,Secretary of State,,D,Monroe,1 Amory First,217,
2,Charles E. Graham,Secretary of State,,D,Monroe,1 Bigbee,72,
2,Charles E. Graham,Secretary of State,,D,Monroe,1 Boyds,119,
2,Charles E. Graham,Secretary of State,,D,Monroe,1 Hatley,492,
2,Charles E. Graham,Secretary of State,,D,Monroe,1 Smithville,305,
2,Charles E. Graham,Secretary of State,,D,Monroe,2 Amory Second,544,
2,Charles E. Graham,Secretary of State,,D,Monroe,2 Becker,321,
2,Charles E. Graham,Secretary of State,,D,Monroe,2 Parham,63,
2,Charles E. Graham,Secretary of State,,D,Monroe,2 Sipsey,61,
2,Charles E. Graham,Secretary of State,,D,Monroe,2 Williams,33,
2,Charles E. Graham,Secretary of State,,D,Monroe,3 Aberdeen Third,219,
3,Charles E. Graham,Secretary of State,,D,Monroe,3 Athens,135,
3,Charles E. Graham,Secretary of State,,D,Monroe,3 Bartahatchie,76,
3,Charles E. Graham,Secretary of State,,D,Monroe,3 Greenwood Springs,40,
3,Charles E. Graham,Secretary of State,,D,Monroe,3 Hamilton,468,
3,Charles E. Graham,Secretary of State,,D,Monroe,3 Lackey,243,
3,Charles E. Graham,Secretary of State,,D,Monroe,4 Darracott,69,
3,Charles E. Graham,Secretary of State,,D,Monroe,4 Gibson,169,
3,Charles E. Graham,Secretary of State,,D,Monroe,4 North Aberdeen,478,
3,Charles E. Graham,Secretary of State,,D,Monroe,4 Prairie,267,
3,Charles E. Graham,Secretary of State,,D,Monroe,4 South Aberdeen,438,
3,Charles E. Graham,Secretary of State,,D,Monroe,5 Amory Fifth,282,
4,Charles E. Graham,Secretary of State,,D,Monroe,5 Central Grove,139,
4,Charles E. Graham,Secretary of State,,D,Monroe,5 Nettleton,279,
4,Charles E. Graham,Secretary of State,,D,Monroe,5 Willis,314,
4,Charles E. Graham,Secretary of State,,D,Monroe,5 Wren,305,
4,Charles E. Graham,Secretary of State,,D,Monroe,TOTAL,6148,
2,Jim Hood,Attorney General,,D,Monroe,1 Amory First,286,
2,Jim Hood,Attorney General,,D,Monroe,1 Bigbee,99,
2,Jim Hood,Attorney General,,D,Monroe,1 Boyds,163,
2,Jim Hood,Attorney General,,D,Monroe,1 Hatley,646,
2,Jim Hood,Attorney General,,D,Monroe,1 Smithville,390,
2,Jim Hood,Attorney General,,D,Monroe,2 Amory Second,693,
2,Jim Hood,Attorney General,,D,Monroe,2 Becker,391,
2,Jim Hood,Attorney General,,D,Monroe,2 Parham,69,
2,Jim Hood,Attorney General,,D,Monroe,2 Sipsey,74,
2,Jim Hood,Attorney General,,D,Monroe,2 Williams,43,
2,Jim Hood,Attorney General,,D,Monroe,3 Aberdeen Third,272,
3,Jim Hood,Attorney General,,D,Monroe,3 Athens,161,
3,Jim Hood,Attorney General,,D,Monroe,3 Bartahatchie,102,
3,Jim Hood,Attorney General,,D,Monroe,3 Greenwood Springs,54,
3,Jim Hood,Attorney General,,D,Monroe,3 Hamilton,540,
3,Jim Hood,Attorney General,,D,Monroe,3 Lackey,315,
3,Jim Hood,Attorney General,,D,Monroe,4 Darracott,78,
3,Jim Hood,Attorney General,,D,Monroe,4 Gibson,185,
3,Jim Hood,Attorney General,,D,Monroe,4 North Aberdeen,549,
3,Jim Hood,Attorney General,,D,Monroe,4 Prairie,295,
3,Jim Hood,Attorney General,,D,Monroe,4 South Aberdeen,509,
3,Jim Hood,Attorney General,,D,Monroe,5 Amory Fifth,306,
4,Jim Hood,Attorney General,,D,Monroe,5 Central Grove,165,
4,Jim Hood,Attorney General,,D,Monroe,5 Nettleton,344,
4,Jim Hood,Attorney General,,D,Monroe,5 Willis,364,
4,Jim Hood,Attorney General,,D,Monroe,5 Wren,386,
4,Jim Hood,Attorney General,,D,Monroe,TOTAL,7479,
2,Jocelyn Pepper Pritchett,State Auditor,,D,Monroe,1 Amory First,229,
2,Jocelyn Pepper Pritchett,State Auditor,,D,Monroe,1 Bigbee,78,
2,Jocelyn Pepper Pritchett,State Auditor,,D,Monroe,1 Boyds,122,
2,Jocelyn Pepper Pritchett,State Auditor,,D,Monroe,1 Hatley,499,
2,Jocelyn Pepper Pritchett,State Auditor,,D,Monroe,1 Smithville,313,
2,Jocelyn Pepper Pritchett,State Auditor,,D,Monroe,2 Amory Second,565,
2,Jocelyn Pepper Pritchett,State Auditor,,D,Monroe,2 Becker,317,
2,Jocelyn Pepper Pritchett,State Auditor,,D,Monroe,2 Parham,56,
2,Jocelyn Pepper Pritchett,State Auditor,,D,Monroe,2 Sipsey,64,
2,Jocelyn Pepper Pritchett,State Auditor,,D,Monroe,2 Williams,33,
2,Jocelyn Pepper Pritchett,State Auditor,,D,Monroe,3 Aberdeen Third,231,
3,Jocelyn Pepper Pritchett,State Auditor,,D,Monroe,3 Athens,136,
3,Jocelyn Pepper Pritchett,State Auditor,,D,Monroe,3 Bartahatchie,82,
3,Jocelyn Pepper Pritchett,State Auditor,,D,Monroe,3 Greenwood Springs,43,
3,Jocelyn Pepper Pritchett,State Auditor,,D,Monroe,3 Hamilton,486,
3,Jocelyn Pepper Pritchett,State Auditor,,D,Monroe,3 Lackey,256,
3,Jocelyn Pepper Pritchett,State Auditor,,D,Monroe,4 Darracott,70,
3,Jocelyn Pepper Pritchett,State Auditor,,D,Monroe,4 Gibson,169,
3,Jocelyn Pepper Pritchett,State Auditor,,D,Monroe,4 North Aberdeen,479,
3,Jocelyn Pepper Pritchett,State Auditor,,D,Monroe,4 Prairie,260,
3,Jocelyn Pepper Pritchett,State Auditor,,D,Monroe,4 South Aberdeen,455,
3,Jocelyn Pepper Pritchett,State Auditor,,D,Monroe,5 Amory Fifth,283,
4,Jocelyn Pepper Pritchett,State Auditor,,D,Monroe,5 Central Grove,139,
4,Jocelyn Pepper Pritchett,State Auditor,,D,Monroe,5 Nettleton,285,
4,Jocelyn Pepper Pritchett,State Auditor,,D,Monroe,5 Willis,320,
4,Jocelyn Pepper Pritchett,State Auditor,,D,Monroe,5 Wren,318,
4,Jocelyn Pepper Pritchett,State Auditor,,D,Monroe,TOTAL,6288,
2,Addie Lee Green,Commissioner of Agriculture & Commerce,,D,Monroe,1 Amory First,219,
2,Addie Lee Green,Commissioner of Agriculture & Commerce,,D,Monroe,1 Bigbee,79,
2,Addie Lee Green,Commissioner of Agriculture & Commerce,,D,Monroe,1 Boyds,123,
2,Addie Lee Green,Commissioner of Agriculture & Commerce,,D,Monroe,1 Hatley,498,
2,Addie Lee Green,Commissioner of Agriculture & Commerce,,D,Monroe,1 Smithville,310,
2,Addie Lee Green,Commissioner of Agriculture & Commerce,,D,Monroe,2 Amory Second,558,
2,Addie Lee Green,Commissioner of Agriculture & Commerce,,D,Monroe,2 Becker,321,
2,Addie Lee Green,Commissioner of Agriculture & Commerce,,D,Monroe,2 Parham,55,
2,Addie Lee Green,Commissioner of Agriculture & Commerce,,D,Monroe,2 Sipsey,64,
2,Addie Lee Green,Commissioner of Agriculture & Commerce,,D,Monroe,2 Williams,32,
2,Addie Lee Green,Commissioner of Agriculture & Commerce,,D,Monroe,3 Aberdeen Third,226,
3,Addie Lee Green,Commissioner of Agriculture & Commerce,,D,Monroe,3 Athens,136,
3,Addie Lee Green,Commissioner of Agriculture & Commerce,,D,Monroe,3 Bartahatchie,76,
3,Addie Lee Green,Commissioner of Agriculture & Commerce,,D,Monroe,3 Greenwood Springs,43,
3,Addie Lee Green,Commissioner of Agriculture & Commerce,,D,Monroe,3 Hamilton,479,
3,Addie Lee Green,Commissioner of Agriculture & Commerce,,D,Monroe,3 Lackey,260,
3,Addie Lee Green,Commissioner of Agriculture & Commerce,,D,Monroe,4 Darracott,68,
3,Addie Lee Green,Commissioner of Agriculture & Commerce,,D,Monroe,4 Gibson,176,
3,Addie Lee Green,Commissioner of Agriculture & Commerce,,D,Monroe,4 North Aberdeen,473,
3,Addie Lee Green,Commissioner of Agriculture & Commerce,,D,Monroe,4 Prairie,266,
3,Addie Lee Green,Commissioner of Agriculture & Commerce,,D,Monroe,4 South Aberdeen,468,
3,Addie Lee Green,Commissioner of Agriculture & Commerce,,D,Monroe,5 Amory Fifth,290,
4,Addie Lee Green,Commissioner of Agriculture & Commerce,,D,Monroe,5 Central Grove,148,
4,Addie Lee Green,Commissioner of Agriculture & Commerce,,D,Monroe,5 Nettleton,295,
4,Addie Lee Green,Commissioner of Agriculture & Commerce,,D,Monroe,5 Willis,319,
4,Addie Lee Green,Commissioner of Agriculture & Commerce,,D,Monroe,5 Wren,316,
4,Addie Lee Green,Commissioner of Agriculture & Commerce,,D,Monroe,TOTAL,6298,
5,Hob Bryan,State Senate,07,D,Monroe,1 Amory First,294,
5,Hob Bryan,State Senate,07,D,Monroe,1 Bigbee,93,
5,Hob Bryan,State Senate,07,D,Monroe,1 Boyds,149,
5,Hob Bryan,State Senate,07,D,Monroe,1 Hatley,569,
5,Hob Bryan,State Senate,07,D,Monroe,1 Smithville,355,
5,Hob Bryan,State Senate,07,D,Monroe,2 Amory Second,677,
5,Hob Bryan,State Senate,07,D,Monroe,2 Becker,348,
5,Hob Bryan,State Senate,07,D,Monroe,2 Parham,60,
5,Hob Bryan,State Senate,07,D,Monroe,2 Sipsey,x,
5,Hob Bryan,State Senate,07,D,Monroe,2 Williams,40,
5,Hob Bryan,State Senate,07,D,Monroe,3 Aberdeen Third,262,
6,Hob Bryan,State Senate,07,D,Monroe,3 Athens,70,
6,Hob Bryan,State Senate,07,D,Monroe,3 Bartahatchie,x,
6,Hob Bryan,State Senate,07,D,Monroe,3 Greenwood Springs,x,
6,Hob Bryan,State Senate,07,D,Monroe,3 Hamilton,x,
6,Hob Bryan,State Senate,07,D,Monroe,3 Lackey,x,
6,Hob Bryan,State Senate,07,D,Monroe,4 Darracott,75,
6,Hob Bryan,State Senate,07,D,Monroe,4 Gibson,172,
6,Hob Bryan,State Senate,07,D,Monroe,4 North Aberdeen,519,
6,Hob Bryan,State Senate,07,D,Monroe,4 Prairie,275,
6,Hob Bryan,State Senate,07,D,Monroe,4 South Aberdeen,471,
6,Hob Bryan,State Senate,07,D,Monroe,5 Amory Fifth,308,
7,Hob Bryan,State Senate,07,D,Monroe,5 Central Grove,146,
7,Hob Bryan,State Senate,07,D,Monroe,5 Nettleton,312,
7,Hob Bryan,State Senate,07,D,Monroe,5 Willis,330,
7,Hob Bryan,State Senate,07,D,Monroe,5 Wren,369,
7,Hob Bryan,State Senate,07,D,Monroe,TOTAL,5894,
5,Steve Holland,State House,16,D,Monroe,1 Amory First,x,
5,Steve Holland,State House,16,D,Monroe,1 Bigbee,x,
5,Steve Holland,State House,16,D,Monroe,1 Boyds,x,
5,Steve Holland,State House,16,D,Monroe,1 Hatley,x,
5,Steve Holland,State House,16,D,Monroe,1 Smithville,x,
5,Steve Holland,State House,16,D,Monroe,2 Amory Second,x,
5,Steve Holland,State House,16,D,Monroe,2 Becker,x,
5,Steve Holland,State House,16,D,Monroe,2 Parham,x,
5,Steve Holland,State House,16,D,Monroe,2 Sipsey,x,
5,Steve Holland,State House,16,D,Monroe,2 Williams,x,
5,Steve Holland,State House,16,D,Monroe,3 Aberdeen Third,x,
6,Steve Holland,State House,16,D,Monroe,3 Athens,x,
6,Steve Holland,State House,16,D,Monroe,3 Bartahatchie,x,
6,Steve Holland,State House,16,D,Monroe,3 Greenwood Springs,x,
6,Steve Holland,State House,16,D,Monroe,3 Hamilton,x,
6,Steve Holland,State House,16,D,Monroe,3 Lackey,x,
6,Steve Holland,State House,16,D,Monroe,4 Darracott,x,
6,Steve Holland,State House,16,D,Monroe,4 Gibson,x,
6,Steve Holland,State House,16,D,Monroe,4 North Aberdeen,x,
6,Steve Holland,State House,16,D,Monroe,4 Prairie,x,
6,Steve Holland,State House,16,D,Monroe,4 South Aberdeen,x,
6,Steve Holland,State House,16,D,Monroe,5 Amory Fifth,x,
7,Steve Holland,State House,16,D,Monroe,5 Central Grove,x,
7,Steve Holland,State House,16,D,Monroe,5 Nettleton,59,
7,Steve Holland,State House,16,D,Monroe,5 Willis,x,
7,Steve Holland,State House,16,D,Monroe,5 Wren,x,
7,Steve Holland,State House,16,D,Monroe,TOTAL,59,
5,William 'Bo' Miller,State House,20,D,Monroe,1 Amory First,264,
5,William 'Bo' Miller,State House,20,D,Monroe,1 Bigbee,85,
5,William 'Bo' Miller,State House,20,D,Monroe,1 Boyds,134,
5,William 'Bo' Miller,State House,20,D,Monroe,1 Hatley,539,
5,William 'Bo' Miller,State House,20,D,Monroe,1 Smithville,335,
5,William 'Bo' Miller,State House,20,D,Monroe,2 Amory Second,635,
5,William 'Bo' Miller,State House,20,D,Monroe,2 Becker,336,
5,William 'Bo' Miller,State House,20,D,Monroe,2 Parham,59,
5,William 'Bo' Miller,State House,20,D,Monroe,2 Sipsey,x,
5,William 'Bo' Miller,State House,20,D,Monroe,2 Williams,37,
5,William 'Bo' Miller,State House,20,D,Monroe,3 Aberdeen Third,x,
6,William 'Bo' Miller,State House,20,D,Monroe,3 Athens,143,
6,William 'Bo' Miller,State House,20,D,Monroe,3 Bartahatchie,x,
6,William 'Bo' Miller,State House,20,D,Monroe,3 Greenwood Springs,x,
6,William 'Bo' Miller,State House,20,D,Monroe,3 Hamilton,x,
6,William 'Bo' Miller,State House,20,D,Monroe,3 Lackey,x,
6,William 'Bo' Miller,State House,20,D,Monroe,4 Darracott,x,
6,William 'Bo' Miller,State House,20,D,Monroe,4 Gibson,x,
6,William 'Bo' Miller,State House,20,D,Monroe,4 North Aberdeen,70,
6,William 'Bo' Miller,State House,20,D,Monroe,4 Prairie,x,
6,William 'Bo' Miller,State House,20,D,Monroe,4 South Aberdeen,x,
6,William 'Bo' Miller,State House,20,D,Monroe,5 Amory Fifth,285,
7,William 'Bo' Miller,State House,20,D,Monroe,5 Central Grove,x,
7,William 'Bo' Miller,State House,20,D,Monroe,5 Nettleton,241,
7,William 'Bo' Miller,State House,20,D,Monroe,5 Willis,x,
7,William 'Bo' Miller,State House,20,D,Monroe,5 Wren,318,
7,William 'Bo' Miller,State House,20,D,Monroe,TOTAL,3481,
5,Jimmy Davidson,State House,36,D,Monroe,1 Amory First,x,
5,Karl Malinski Gibbs,State House,36,D,Monroe,1 Amory First,x,
5,"Edward N. Houston, Jr.",State House,36,D,Monroe,1 Amory First,x,
5,Jimmy Davidson,State House,36,D,Monroe,1 Bigbee,x,
5,Karl Malinski Gibbs,State House,36,D,Monroe,1 Bigbee,x,
5,"Edward N. Houston, Jr.",State House,36,D,Monroe,1 Bigbee,x,
5,Jimmy Davidson,State House,36,D,Monroe,1 Boyds,x,
5,Karl Malinski Gibbs,State House,36,D,Monroe,1 Boyds,x,
5,"Edward N. Houston, Jr.",State House,36,D,Monroe,1 Boyds,x,
5,Jimmy Davidson,State House,36,D,Monroe,1 Hatley,x,
5,Karl Malinski Gibbs,State House,36,D,Monroe,1 Hatley,x,
5,"Edward N. Houston, Jr.",State House,36,D,Monroe,1 Hatley,x,
5,Jimmy Davidson,State House,36,D,Monroe,1 Smithville,x,
5,Karl Malinski Gibbs,State House,36,D,Monroe,1 Smithville,x,
5,"Edward N. Houston, Jr.",State House,36,D,Monroe,1 Smithville,x,
5,Jimmy Davidson,State House,36,D,Monroe,2 Amory Second,x,
5,Karl Malinski Gibbs,State House,36,D,Monroe,2 Amory Second,x,
5,"Edward N. Houston, Jr.",State House,36,D,Monroe,2 Amory Second,x,
5,Jimmy Davidson,State House,36,D,Monroe,2 Becker,x,
5,Karl Malinski Gibbs,State House,36,D,Monroe,2 Becker,x,
5,"Edward N. Houston, Jr.",State House,36,D,Monroe,2 Becker,x,
5,Jimmy Davidson,State House,36,D,Monroe,2 Parham,x,
5,Karl Malinski Gibbs,State House,36,D,Monroe,2 Parham,x,
5,"Edward N. Houston, Jr.",State House,36,D,Monroe,2 Parham,x,
5,Jimmy Davidson,State House,36,D,Monroe,2 Sipsey,x,
5,Karl Malinski Gibbs,State House,36,D,Monroe,2 Sipsey,x,
5,"Edward N. Houston, Jr.",State House,36,D,Monroe,2 Sipsey,x,
5,Jimmy Davidson,State House,36,D,Monroe,2 Williams,x,
5,Karl Malinski Gibbs,State House,36,D,Monroe,2 Williams,x,
5,"Edward N. Houston, Jr.",State House,36,D,Monroe,2 Williams,x,
5,Jimmy Davidson,State House,36,D,Monroe,3 Aberdeen Third,133,
5,Karl Malinski Gibbs,State House,36,D,Monroe,3 Aberdeen Third,64,
5,"Edward N. Houston, Jr.",State House,36,D,Monroe,3 Aberdeen Third,64,
6,Jimmy Davidson,State House,36,D,Monroe,3 Athens,x,
6,Karl Malinski Gibbs,State House,36,D,Monroe,3 Athens,x,
6,"Edward N. Houston, Jr.",State House,36,D,Monroe,3 Athens,x,
6,Jimmy Davidson,State House,36,D,Monroe,3 Bartahatchie,x,
6,Karl Malinski Gibbs,State House,36,D,Monroe,3 Bartahatchie,x,
6,"Edward N. Houston, Jr.",State House,36,D,Monroe,3 Bartahatchie,x,
6,Jimmy Davidson,State House,36,D,Monroe,3 Greenwood Springs,x,
6,Karl Malinski Gibbs,State House,36,D,Monroe,3 Greenwood Springs,x,
6,"Edward N. Houston, Jr.",State House,36,D,Monroe,3 Greenwood Springs,x,
6,Jimmy Davidson,State House,36,D,Monroe,3 Hamilton,x,
6,Karl Malinski Gibbs,State House,36,D,Monroe,3 Hamilton,x,
6,"Edward N. Houston, Jr.",State House,36,D,Monroe,3 Hamilton,x,
6,Jimmy Davidson,State House,36,D,Monroe,3 Lackey,x,
6,Karl Malinski Gibbs,State House,36,D,Monroe,3 Lackey,x,
6,"Edward N. Houston, Jr.",State House,36,D,Monroe,3 Lackey,x,
6,Jimmy Davidson,State House,36,D,Monroe,4 Darracott,34,
6,Karl Malinski Gibbs,State House,36,D,Monroe,4 Darracott,26,
6,"Edward N. Houston, Jr.",State House,36,D,Monroe,4 Darracott,14,
6,Jimmy Davidson,State House,36,D,Monroe,4 Gibson,112,
6,Karl Malinski Gibbs,State House,36,D,Monroe,4 Gibson,66,
6,"Edward N. Houston, Jr.",State House,36,D,Monroe,4 Gibson,26,
6,Jimmy Davidson,State House,36,D,Monroe,4 North Aberdeen,173,
6,Karl Malinski Gibbs,State House,36,D,Monroe,4 North Aberdeen,154,
6,"Edward N. Houston, Jr.",State House,36,D,Monroe,4 North Aberdeen,130,
6,Jimmy Davidson,State House,36,D,Monroe,4 Prairie,75,
6,Karl Malinski Gibbs,State House,36,D,Monroe,4 Prairie,161,
6,"Edward N. Houston, Jr.",State House,36,D,Monroe,4 Prairie,81,
6,Jimmy Davidson,State House,36,D,Monroe,4 South Aberdeen,187,
6,Karl Malinski Gibbs,State House,36,D,Monroe,4 South Aberdeen,198,
6,"Edward N. Houston, Jr.",State House,36,D,Monroe,4 South Aberdeen,144,
6,Jimmy Davidson,State House,36,D,Monroe,5 Amory Fifth,x,
6,Karl Malinski Gibbs,State House,36,D,Monroe,5 Amory Fifth,x,
6,"Edward N. Houston, Jr.",State House,36,D,Monroe,5 Amory Fifth,x,
7,Jimmy Davidson,State House,36,D,Monroe,5 Central Grove,93,
7,Karl Malinski Gibbs,State House,36,D,Monroe,5 Central Grove,43,
7,"Edward N. Houston, Jr.",State House,36,D,Monroe,5 Central Grove,20,
7,Jimmy Davidson,State House,36,D,Monroe,5 Nettleton,x,
7,Karl Malinski Gibbs,State House,36,D,Monroe,5 Nettleton,x,
7,"Edward N. Houston, Jr.",State House,36,D,Monroe,5 Nettleton,x,
7,Jimmy Davidson,State House,36,D,Monroe,5 Willis,191,
7,Karl Malinski Gibbs,State House,36,D,Monroe,5 Willis,122,
7,"Edward N. Houston, Jr.",State House,36,D,Monroe,5 Willis,53,
7,Jimmy Davidson,State House,36,D,Monroe,5 Wren,16,
7,Karl Malinski Gibbs,State House,36,D,Monroe,5 Wren,6,
7,"Edward N. Houston, Jr.",State House,36,D,Monroe,5 Wren,5,
7,Jimmy Davidson,State House,36,D,Monroe,TOTAL,1014,
7,Karl Malinski Gibbs,State House,36,D,Monroe,TOTAL,840,
7,"Edward N. Houston, Jr.",State House,36,D,Monroe,TOTAL,537,
5,"James E. Samuel, Sr.",State House,39,D,Monroe,1 Amory First,x,
5,"James E. Samuel, Sr.",State House,39,D,Monroe,1 Bigbee,x,
5,"James E. Samuel, Sr.",State House,39,D,Monroe,1 Boyds,x,
5,"James E. Samuel, Sr.",State House,39,D,Monroe,1 Hatley,x,
5,"James E. Samuel, Sr.",State House,39,D,Monroe,1 Smithville,x,
5,"James E. Samuel, Sr.",State House,39,D,Monroe,2 Amory Second,x,
5,"James E. Samuel, Sr.",State House,39,D,Monroe,2 Becker,x,
5,"James E. Samuel, Sr.",State House,39,D,Monroe,2 Parham,x,
5,"James E. Samuel, Sr.",State House,39,D,Monroe,2 Sipsey,61,
5,"James E. Samuel, Sr.",State House,39,D,Monroe,2 Williams,x,
5,"James E. Samuel, Sr.",State House,39,D,Monroe,3 Aberdeen Third,x,
6,"James E. Samuel, Sr.",State House,39,D,Monroe,3 Athens,x,
6,"James E. Samuel, Sr.",State House,39,D,Monroe,3 Bartahatchie,76,
6,"James E. Samuel, Sr.",State House,39,D,Monroe,3 Greenwood Springs,41,
6,"James E. Samuel, Sr.",State House,39,D,Monroe,3 Hamilton,475,
6,"James E. Samuel, Sr.",State House,39,D,Monroe,3 Lackey,253,
6,"James E. Samuel, Sr.",State House,39,D,Monroe,4 Darracott,x,
6,"James E. Samuel, Sr.",State House,39,D,Monroe,4 Gibson,x,
6,"James E. Samuel, Sr.",State House,39,D,Monroe,4 North Aberdeen,x,
6,"James E. Samuel, Sr.",State House,39,D,Monroe,4 Prairie,x,
6,"James E. Samuel, Sr.",State House,39,D,Monroe,4 South Aberdeen,x,
6,"James E. Samuel, Sr.",State House,39,D,Monroe,5 Amory Fifth,x,
7,"James E. Samuel, Sr.",State House,39,D,Monroe,5 Central Grove,x,
7,"James E. Samuel, Sr.",State House,39,D,Monroe,5 Nettleton,x,
7,"James E. Samuel, Sr.",State House,39,D,Monroe,5 Willis,x,
7,"James E. Samuel, Sr.",State House,39,D,Monroe,5 Wren,x,
7,"James E. Samuel, Sr.",State House,39,D,Monroe,TOTAL,906,
