candidate,office,district,party,county,precinct,votes,winner
Phil Bryant,Governor,,Republican,Smith,Ag-Complex,357,
Robert Gray,Governor,,Democrat,Smith,Ag-Complex,37,
Shawn O'Hara,Governor,,Reform,Smith,Ag-Complex,5,
Tim Johnson,Lieutenant Governor,,Democrat,Smith,Ag-Complex,51,
Tate Reeves,Lieutenant Governor,,Republican,Smith,Ag-Complex,334,
Ron Williams,Lieutenant Governor,,Libertarian,Smith,Ag-Complex,10,
Rosa B.Williams,Lieutenant Governor,,Reform,Smith,Ag-Complex,3,
Charles E. Graham,Secretary of State,,Democrat,Smith,Ag-Complex,39,
Delbert Hoseman,Secretary of State,,Republican,Smith,Ag-Complex,339,
Randy Walker,Secretary of State,,Reform,Smith,Ag-Complex,17,
Jim Hood,Attorney General,,Democrat,Smith,Ag-Complex,175,
Mike Hurst,Attorney General,,Republican,Smith,Ag-Complex,219,
Stacey E. Pickering,State Auditor,,Republican,Smith,Ag-Complex,352,
"Jocelyn ""Joce"" Pepper Pritchett",State Auditor,,Democrat,Smith,Ag-Complex,38,
Lajena Walley,State Auditor,,Reform,Smith,Ag-Complex,7,
Lynn Fitch,State Treasurer,,Republican,Smith,Ag-Complex,368,
Viola V. McFarland,State Treasurer,,Reform,Smith,Ag-Complex,24,
Addie Lee Green,Commissioner of Agriculture & Commerce,,Democrat,Smith,Ag-Complex,39,
Cindy Hyde-Smith,Commissioner of Agriculture & Commerce,,Republican,Smith,Ag-Complex,346,
Cathy L. Toole,Commissioner of Agriculture & Commerce,,Reform,Smith,Ag-Complex,7,
Mike Chaney,Commissioner of Insurance,,Republican,Smith,Ag-Complex,377,
Tom Blanton,Public Service Commissioner,Southern,Democrat,Smith,Ag-Complex,95,
"Samuel F. ""Sam"" Britton",Public Service Commissioner,Southern,Republican,Smith,Ag-Complex,283,
Lonny Kenneth Spence,Public Service Commissioner,Southern,Reform,Smith,Ag-Complex,8,
Tom King,Transportation Commissioner,Southern,Republican,Smith,Ag-Complex,328,
Chad Toney,Transportation Commissioner,Southern,Democrat,Smith,Ag-Complex,51,
Sheranda Atkinson,Transportation Commissioner,Southern,Reform,Smith,Ag-Complex,8,
Matt Sullivan,District Attorney,13,Democrat,Smith,Ag-Complex,266,
Wilton A. McNair,District Attorney,13,Independent,Smith,Ag-Complex,13,
Daniel C. Jones,District Attorney,13,Republican,Smith,Ag-Complex,118,
Reggie Blackledge,State Senate,41,Democrat,Smith,Ag-Complex,103,
Joey Fillingane,State Senate,41,Republican,Smith,Ag-Complex,284,
"Blaine ""Bo"" Eaton",State House,79,Democrat,Smith,Ag-Complex,113,
Mark K. Tullos,State House,79,Republican,Smith,Ag-Complex,284,
Phil Bryant,Governor,,Republican,Smith,Burns,142,
Robert Gray,Governor,,Democrat,Smith,Burns,32,
Shawn O'Hara,Governor,,Reform,Smith,Burns,2,
Tim Johnson,Lieutenant Governor,,Democrat,Smith,Burns,26,
Tate Reeves,Lieutenant Governor,,Republican,Smith,Burns,142,
Ron Williams,Lieutenant Governor,,Libertarian,Smith,Burns,3,
Rosa B.Williams,Lieutenant Governor,,Reform,Smith,Burns,1,
Charles E. Graham,Secretary of State,,Democrat,Smith,Burns,31,
Delbert Hoseman,Secretary of State,,Republican,Smith,Burns,141,
Randy Walker,Secretary of State,,Reform,Smith,Burns,2,
Jim Hood,Attorney General,,Democrat,Smith,Burns,86,
Mike Hurst,Attorney General,,Republican,Smith,Burns,85,
Stacey E. Pickering,State Auditor,,Republican,Smith,Burns,148,
"Jocelyn ""Joce"" Pepper Pritchett",State Auditor,,Democrat,Smith,Burns,24,
Lajena Walley,State Auditor,,Reform,Smith,Burns,2,
Lynn Fitch,State Treasurer,,Republican,Smith,Burns,154,
Viola V. McFarland,State Treasurer,,Reform,Smith,Burns,15,
Addie Lee Green,Commissioner of Agriculture & Commerce,,Democrat,Smith,Burns,28,
Cindy Hyde-Smith,Commissioner of Agriculture & Commerce,,Republican,Smith,Burns,143,
Cathy L. Toole,Commissioner of Agriculture & Commerce,,Reform,Smith,Burns,4,
Mike Chaney,Commissioner of Insurance,,Republican,Smith,Burns,163,
Tom Blanton,Public Service Commissioner,Southern,Democrat,Smith,Burns,59,
"Samuel F. ""Sam"" Britton",Public Service Commissioner,Southern,Republican,Smith,Burns,107,
Lonny Kenneth Spence,Public Service Commissioner,Southern,Reform,Smith,Burns,2,
Tom King,Transportation Commissioner,Southern,Republican,Smith,Burns,110,
Chad Toney,Transportation Commissioner,Southern,Democrat,Smith,Burns,50,
Sheranda Atkinson,Transportation Commissioner,Southern,Reform,Smith,Burns,6,
Matt Sullivan,District Attorney,13,Democrat,Smith,Burns,112,
Wilton A. McNair,District Attorney,13,Independent,Smith,Burns,8,
Daniel C. Jones,District Attorney,13,Republican,Smith,Burns,56,
Reggie Blackledge,State Senate,41,Democrat,Smith,Burns,61,
Joey Fillingane,State Senate,41,Republican,Smith,Burns,113,
"Blaine ""Bo"" Eaton",State House,79,Democrat,Smith,Burns,71,
Mark K. Tullos,State House,79,Republican,Smith,Burns,107,
Phil Bryant,Governor,,Republican,Smith,Cedar Grove,74,
Robert Gray,Governor,,Democrat,Smith,Cedar Grove,35,
Shawn O'Hara,Governor,,Reform,Smith,Cedar Grove,1,
Tim Johnson,Lieutenant Governor,,Democrat,Smith,Cedar Grove,39,
Tate Reeves,Lieutenant Governor,,Republican,Smith,Cedar Grove,67,
Ron Williams,Lieutenant Governor,,Libertarian,Smith,Cedar Grove,1,
Rosa B.Williams,Lieutenant Governor,,Reform,Smith,Cedar Grove,0,
Charles E. Graham,Secretary of State,,Democrat,Smith,Cedar Grove,40,
Delbert Hoseman,Secretary of State,,Republican,Smith,Cedar Grove,68,
Randy Walker,Secretary of State,,Reform,Smith,Cedar Grove,1,
Jim Hood,Attorney General,,Democrat,Smith,Cedar Grove,75,
Mike Hurst,Attorney General,,Republican,Smith,Cedar Grove,34,
Stacey E. Pickering,State Auditor,,Republican,Smith,Cedar Grove,70,
"Jocelyn ""Joce"" Pepper Pritchett",State Auditor,,Democrat,Smith,Cedar Grove,37,
Lajena Walley,State Auditor,,Reform,Smith,Cedar Grove,1,
Lynn Fitch,State Treasurer,,Republican,Smith,Cedar Grove,84,
Viola V. McFarland,State Treasurer,,Reform,Smith,Cedar Grove,19,
Addie Lee Green,Commissioner of Agriculture & Commerce,,Democrat,Smith,Cedar Grove,40,
Cindy Hyde-Smith,Commissioner of Agriculture & Commerce,,Republican,Smith,Cedar Grove,66,
Cathy L. Toole,Commissioner of Agriculture & Commerce,,Reform,Smith,Cedar Grove,0,
Mike Chaney,Commissioner of Insurance,,Republican,Smith,Cedar Grove,94,
Tom Blanton,Public Service Commissioner,Southern,Democrat,Smith,Cedar Grove,55,
"Samuel F. ""Sam"" Britton",Public Service Commissioner,Southern,Republican,Smith,Cedar Grove,53,
Lonny Kenneth Spence,Public Service Commissioner,Southern,Reform,Smith,Cedar Grove,1,
Tom King,Transportation Commissioner,Southern,Republican,Smith,Cedar Grove,58,
Chad Toney,Transportation Commissioner,Southern,Democrat,Smith,Cedar Grove,48,
Sheranda Atkinson,Transportation Commissioner,Southern,Reform,Smith,Cedar Grove,0,
Matt Sullivan,District Attorney,13,Democrat,Smith,Cedar Grove,76,
Wilton A. McNair,District Attorney,13,Independent,Smith,Cedar Grove,3,
Daniel C. Jones,District Attorney,13,Republican,Smith,Cedar Grove,30,
Reggie Blackledge,State Senate,41,Democrat,Smith,Cedar Grove,50,
Joey Fillingane,State Senate,41,Republican,Smith,Cedar Grove,57,
"Blaine ""Bo"" Eaton",State House,79,Democrat,Smith,Cedar Grove,61,
Mark K. Tullos,State House,79,Republican,Smith,Cedar Grove,48,
Phil Bryant,Governor,,Republican,Smith,Center Ridge,283,
Robert Gray,Governor,,Democrat,Smith,Center Ridge,18,
Shawn O'Hara,Governor,,Reform,Smith,Center Ridge,2,
Tim Johnson,Lieutenant Governor,,Democrat,Smith,Center Ridge,23,
Tate Reeves,Lieutenant Governor,,Republican,Smith,Center Ridge,272,
Ron Williams,Lieutenant Governor,,Libertarian,Smith,Center Ridge,7,
Rosa B.Williams,Lieutenant Governor,,Reform,Smith,Center Ridge,0,
Charles E. Graham,Secretary of State,,Democrat,Smith,Center Ridge,23,
Delbert Hoseman,Secretary of State,,Republican,Smith,Center Ridge,271,
Randy Walker,Secretary of State,,Reform,Smith,Center Ridge,8,
Jim Hood,Attorney General,,Democrat,Smith,Center Ridge,106,
Mike Hurst,Attorney General,,Republican,Smith,Center Ridge,196,
Stacey E. Pickering,State Auditor,,Republican,Smith,Center Ridge,283,
"Jocelyn ""Joce"" Pepper Pritchett",State Auditor,,Democrat,Smith,Center Ridge,16,
Lajena Walley,State Auditor,,Reform,Smith,Center Ridge,2,
Lynn Fitch,State Treasurer,,Republican,Smith,Center Ridge,287,
Viola V. McFarland,State Treasurer,,Reform,Smith,Center Ridge,10,
Addie Lee Green,Commissioner of Agriculture & Commerce,,Democrat,Smith,Center Ridge,17,
Cindy Hyde-Smith,Commissioner of Agriculture & Commerce,,Republican,Smith,Center Ridge,279,
Cathy L. Toole,Commissioner of Agriculture & Commerce,,Reform,Smith,Center Ridge,4,
Mike Chaney,Commissioner of Insurance,,Republican,Smith,Center Ridge,286,
Tom Blanton,Public Service Commissioner,Southern,Democrat,Smith,Center Ridge,56,
"Samuel F. ""Sam"" Britton",Public Service Commissioner,Southern,Republican,Smith,Center Ridge,235,
Lonny Kenneth Spence,Public Service Commissioner,Southern,Reform,Smith,Center Ridge,5,
Tom King,Transportation Commissioner,Southern,Republican,Smith,Center Ridge,268,
Chad Toney,Transportation Commissioner,Southern,Democrat,Smith,Center Ridge,25,
Sheranda Atkinson,Transportation Commissioner,Southern,Reform,Smith,Center Ridge,3,
Matt Sullivan,District Attorney,13,Democrat,Smith,Center Ridge,211,
Wilton A. McNair,District Attorney,13,Independent,Smith,Center Ridge,4,
Daniel C. Jones,District Attorney,13,Republican,Smith,Center Ridge,88,
Reggie Blackledge,State Senate,41,Democrat,Smith,Center Ridge,55,
Joey Fillingane,State Senate,41,Republican,Smith,Center Ridge,240,
"Blaine ""Bo"" Eaton",State House,79,Democrat,Smith,Center Ridge,133,
Mark K. Tullos,State House,79,Republican,Smith,Center Ridge,170,
Phil Bryant,Governor,,Republican,Smith,Clear Springs-Pineville,159,
Robert Gray,Governor,,Democrat,Smith,Clear Springs-Pineville,17,
Shawn O'Hara,Governor,,Reform,Smith,Clear Springs-Pineville,0,
Tim Johnson,Lieutenant Governor,,Democrat,Smith,Clear Springs-Pineville,19,
Tate Reeves,Lieutenant Governor,,Republican,Smith,Clear Springs-Pineville,150,
Ron Williams,Lieutenant Governor,,Libertarian,Smith,Clear Springs-Pineville,4,
Rosa B.Williams,Lieutenant Governor,,Reform,Smith,Clear Springs-Pineville,0,
Charles E. Graham,Secretary of State,,Democrat,Smith,Clear Springs-Pineville,8,
Delbert Hoseman,Secretary of State,,Republican,Smith,Clear Springs-Pineville,161,
Randy Walker,Secretary of State,,Reform,Smith,Clear Springs-Pineville,3,
Jim Hood,Attorney General,,Democrat,Smith,Clear Springs-Pineville,73,
Mike Hurst,Attorney General,,Republican,Smith,Clear Springs-Pineville,99,
Stacey E. Pickering,State Auditor,,Republican,Smith,Clear Springs-Pineville,162,
"Jocelyn ""Joce"" Pepper Pritchett",State Auditor,,Democrat,Smith,Clear Springs-Pineville,6,
Lajena Walley,State Auditor,,Reform,Smith,Clear Springs-Pineville,0,
Lynn Fitch,State Treasurer,,Republican,Smith,Clear Springs-Pineville,157,
Viola V. McFarland,State Treasurer,,Reform,Smith,Clear Springs-Pineville,9,
Addie Lee Green,Commissioner of Agriculture & Commerce,,Democrat,Smith,Clear Springs-Pineville,11,
Cindy Hyde-Smith,Commissioner of Agriculture & Commerce,,Republican,Smith,Clear Springs-Pineville,157,
Cathy L. Toole,Commissioner of Agriculture & Commerce,,Reform,Smith,Clear Springs-Pineville,4,
Mike Chaney,Commissioner of Insurance,,Republican,Smith,Clear Springs-Pineville,164,
Tom Blanton,Public Service Commissioner,Southern,Democrat,Smith,Clear Springs-Pineville,42,
"Samuel F. ""Sam"" Britton",Public Service Commissioner,Southern,Republican,Smith,Clear Springs-Pineville,121,
Lonny Kenneth Spence,Public Service Commissioner,Southern,Reform,Smith,Clear Springs-Pineville,1,
Tom King,Transportation Commissioner,Southern,Republican,Smith,Clear Springs-Pineville,149,
Chad Toney,Transportation Commissioner,Southern,Democrat,Smith,Clear Springs-Pineville,16,
Sheranda Atkinson,Transportation Commissioner,Southern,Reform,Smith,Clear Springs-Pineville,2,
Matt Sullivan,District Attorney,13,Democrat,Smith,Clear Springs-Pineville,97,
Wilton A. McNair,District Attorney,13,Independent,Smith,Clear Springs-Pineville,10,
Daniel C. Jones,District Attorney,13,Republican,Smith,Clear Springs-Pineville,66,
Reggie Blackledge,State Senate,41,Democrat,Smith,Clear Springs-Pineville,32,
Joey Fillingane,State Senate,41,Republican,Smith,Clear Springs-Pineville,140,
"Blaine ""Bo"" Eaton",State House,79,Democrat,Smith,Clear Springs-Pineville,60,
Mark K. Tullos,State House,79,Republican,Smith,Clear Springs-Pineville,116,
Phil Bryant,Governor,,Republican,Smith,Lorena-Spinola,190,
Robert Gray,Governor,,Democrat,Smith,Lorena-Spinola,28,
Shawn O'Hara,Governor,,Reform,Smith,Lorena-Spinola,5,
Tim Johnson,Lieutenant Governor,,Democrat,Smith,Lorena-Spinola,34,
Tate Reeves,Lieutenant Governor,,Republican,Smith,Lorena-Spinola,180,
Ron Williams,Lieutenant Governor,,Libertarian,Smith,Lorena-Spinola,5,
Rosa B.Williams,Lieutenant Governor,,Reform,Smith,Lorena-Spinola,2,
Charles E. Graham,Secretary of State,,Democrat,Smith,Lorena-Spinola,31,
Delbert Hoseman,Secretary of State,,Republican,Smith,Lorena-Spinola,180,
Randy Walker,Secretary of State,,Reform,Smith,Lorena-Spinola,8,
Jim Hood,Attorney General,,Democrat,Smith,Lorena-Spinola,98,
Mike Hurst,Attorney General,,Republican,Smith,Lorena-Spinola,124,
Stacey E. Pickering,State Auditor,,Republican,Smith,Lorena-Spinola,186,
"Jocelyn ""Joce"" Pepper Pritchett",State Auditor,,Democrat,Smith,Lorena-Spinola,34,
Lajena Walley,State Auditor,,Reform,Smith,Lorena-Spinola,1,
Lynn Fitch,State Treasurer,,Republican,Smith,Lorena-Spinola,192,
Viola V. McFarland,State Treasurer,,Reform,Smith,Lorena-Spinola,24,
Addie Lee Green,Commissioner of Agriculture & Commerce,,Democrat,Smith,Lorena-Spinola,35,
Cindy Hyde-Smith,Commissioner of Agriculture & Commerce,,Republican,Smith,Lorena-Spinola,180,
Cathy L. Toole,Commissioner of Agriculture & Commerce,,Reform,Smith,Lorena-Spinola,6,
Mike Chaney,Commissioner of Insurance,,Republican,Smith,Lorena-Spinola,213,
Tom Blanton,Public Service Commissioner,Southern,Democrat,Smith,Lorena-Spinola,64,
"Samuel F. ""Sam"" Britton",Public Service Commissioner,Southern,Republican,Smith,Lorena-Spinola,150,
Lonny Kenneth Spence,Public Service Commissioner,Southern,Reform,Smith,Lorena-Spinola,3,
Tom King,Transportation Commissioner,Southern,Republican,Smith,Lorena-Spinola,157,
Chad Toney,Transportation Commissioner,Southern,Democrat,Smith,Lorena-Spinola,56,
Sheranda Atkinson,Transportation Commissioner,Southern,Reform,Smith,Lorena-Spinola,3,
Matt Sullivan,District Attorney,13,Democrat,Smith,Lorena-Spinola,128,
Wilton A. McNair,District Attorney,13,Independent,Smith,Lorena-Spinola,6,
Daniel C. Jones,District Attorney,13,Republican,Smith,Lorena-Spinola,87,
Reggie Blackledge,State Senate,41,Democrat,Smith,Lorena-Spinola,75,
Joey Fillingane,State Senate,41,Republican,Smith,Lorena-Spinola,142,
"Blaine ""Bo"" Eaton",State House,79,Democrat,Smith,Lorena-Spinola,78,
Mark K. Tullos,State House,79,Republican,Smith,Lorena-Spinola,147,
Phil Bryant,Governor,,Republican,Smith,Mize,371,
Robert Gray,Governor,,Democrat,Smith,Mize,32,
Shawn O'Hara,Governor,,Reform,Smith,Mize,5,
Tim Johnson,Lieutenant Governor,,Democrat,Smith,Mize,32,
Tate Reeves,Lieutenant Governor,,Republican,Smith,Mize,358,
Ron Williams,Lieutenant Governor,,Libertarian,Smith,Mize,12,
Rosa B.Williams,Lieutenant Governor,,Reform,Smith,Mize,4,
Charles E. Graham,Secretary of State,,Democrat,Smith,Mize,28,
Delbert Hoseman,Secretary of State,,Republican,Smith,Mize,366,
Randy Walker,Secretary of State,,Reform,Smith,Mize,12,
Jim Hood,Attorney General,,Democrat,Smith,Mize,157,
Mike Hurst,Attorney General,,Republican,Smith,Mize,248,
Stacey E. Pickering,State Auditor,,Republican,Smith,Mize,381,
"Jocelyn ""Joce"" Pepper Pritchett",State Auditor,,Democrat,Smith,Mize,18,
Lajena Walley,State Auditor,,Reform,Smith,Mize,5,
Lynn Fitch,State Treasurer,,Republican,Smith,Mize,383,
Viola V. McFarland,State Treasurer,,Reform,Smith,Mize,21,
Addie Lee Green,Commissioner of Agriculture & Commerce,,Democrat,Smith,Mize,29,
Cindy Hyde-Smith,Commissioner of Agriculture & Commerce,,Republican,Smith,Mize,372,
Cathy L. Toole,Commissioner of Agriculture & Commerce,,Reform,Smith,Mize,4,
Mike Chaney,Commissioner of Insurance,,Republican,Smith,Mize,393,
Tom Blanton,Public Service Commissioner,Southern,Democrat,Smith,Mize,71,
"Samuel F. ""Sam"" Britton",Public Service Commissioner,Southern,Republican,Smith,Mize,325,
Lonny Kenneth Spence,Public Service Commissioner,Southern,Reform,Smith,Mize,8,
Tom King,Transportation Commissioner,Southern,Republican,Smith,Mize,359,
Chad Toney,Transportation Commissioner,Southern,Democrat,Smith,Mize,34,
Sheranda Atkinson,Transportation Commissioner,Southern,Reform,Smith,Mize,7,
Matt Sullivan,District Attorney,13,Democrat,Smith,Mize,302,
Wilton A. McNair,District Attorney,13,Independent,Smith,Mize,5,
Daniel C. Jones,District Attorney,13,Republican,Smith,Mize,99,
Reggie Blackledge,State Senate,41,Democrat,Smith,Mize,87,
Joey Fillingane,State Senate,41,Republican,Smith,Mize,317,
"Blaine ""Bo"" Eaton",State House,79,Democrat,Smith,Mize,143,
Mark K. Tullos,State House,79,Republican,Smith,Mize,262,
Phil Bryant,Governor,,Republican,Smith,North Raleigh,345,
Robert Gray,Governor,,Democrat,Smith,North Raleigh,108,
Shawn O'Hara,Governor,,Reform,Smith,North Raleigh,9,
Tim Johnson,Lieutenant Governor,,Democrat,Smith,North Raleigh,130,
Tate Reeves,Lieutenant Governor,,Republican,Smith,North Raleigh,321,
Ron Williams,Lieutenant Governor,,Libertarian,Smith,North Raleigh,2,
Rosa B.Williams,Lieutenant Governor,,Reform,Smith,North Raleigh,7,
Charles E. Graham,Secretary of State,,Democrat,Smith,North Raleigh,141,
Delbert Hoseman,Secretary of State,,Republican,Smith,North Raleigh,310,
Randy Walker,Secretary of State,,Reform,Smith,North Raleigh,11,
Jim Hood,Attorney General,,Democrat,Smith,North Raleigh,272,
Mike Hurst,Attorney General,,Republican,Smith,North Raleigh,189,
Stacey E. Pickering,State Auditor,,Republican,Smith,North Raleigh,345,
"Jocelyn ""Joce"" Pepper Pritchett",State Auditor,,Democrat,Smith,North Raleigh,105,
Lajena Walley,State Auditor,,Reform,Smith,North Raleigh,8,
Lynn Fitch,State Treasurer,,Republican,Smith,North Raleigh,369,
Viola V. McFarland,State Treasurer,,Reform,Smith,North Raleigh,69,
Addie Lee Green,Commissioner of Agriculture & Commerce,,Democrat,Smith,North Raleigh,119,
Cindy Hyde-Smith,Commissioner of Agriculture & Commerce,,Republican,Smith,North Raleigh,337,
Cathy L. Toole,Commissioner of Agriculture & Commerce,,Reform,Smith,North Raleigh,5,
Mike Chaney,Commissioner of Insurance,,Republican,Smith,North Raleigh,424,
Tom Blanton,Public Service Commissioner,Southern,Democrat,Smith,North Raleigh,176,
"Samuel F. ""Sam"" Britton",Public Service Commissioner,Southern,Republican,Smith,North Raleigh,266,
Lonny Kenneth Spence,Public Service Commissioner,Southern,Reform,Smith,North Raleigh,12,
Tom King,Transportation Commissioner,Southern,Republican,Smith,North Raleigh,300,
Chad Toney,Transportation Commissioner,Southern,Democrat,Smith,North Raleigh,148,
Sheranda Atkinson,Transportation Commissioner,Southern,Reform,Smith,North Raleigh,7,
Matt Sullivan,District Attorney,13,Democrat,Smith,North Raleigh,351,
Wilton A. McNair,District Attorney,13,Independent,Smith,North Raleigh,22,
Daniel C. Jones,District Attorney,13,Republican,Smith,North Raleigh,93,
Reggie Blackledge,State Senate,41,Democrat,Smith,North Raleigh,205,
Joey Fillingane,State Senate,41,Republican,Smith,North Raleigh,251,
"Blaine ""Bo"" Eaton",State House,79,Democrat,Smith,North Raleigh,156,
Mark K. Tullos,State House,79,Republican,Smith,North Raleigh,313,
Phil Bryant,Governor,,Republican,Smith,Polkville,339,
Robert Gray,Governor,,Democrat,Smith,Polkville,35,
Shawn O'Hara,Governor,,Reform,Smith,Polkville,1,
Tim Johnson,Lieutenant Governor,,Democrat,Smith,Polkville,39,
Tate Reeves,Lieutenant Governor,,Republican,Smith,Polkville,323,
Ron Williams,Lieutenant Governor,,Libertarian,Smith,Polkville,9,
Rosa B.Williams,Lieutenant Governor,,Reform,Smith,Polkville,0,
Charles E. Graham,Secretary of State,,Democrat,Smith,Polkville,37,
Delbert Hoseman,Secretary of State,,Republican,Smith,Polkville,322,
Randy Walker,Secretary of State,,Reform,Smith,Polkville,14,
Jim Hood,Attorney General,,Democrat,Smith,Polkville,154,
Mike Hurst,Attorney General,,Republican,Smith,Polkville,222,
Stacey E. Pickering,State Auditor,,Republican,Smith,Polkville,334,
"Jocelyn ""Joce"" Pepper Pritchett",State Auditor,,Democrat,Smith,Polkville,32,
Lajena Walley,State Auditor,,Reform,Smith,Polkville,4,
Lynn Fitch,State Treasurer,,Republican,Smith,Polkville,337,
Viola V. McFarland,State Treasurer,,Reform,Smith,Polkville,27,
Addie Lee Green,Commissioner of Agriculture & Commerce,,Democrat,Smith,Polkville,37,
Cindy Hyde-Smith,Commissioner of Agriculture & Commerce,,Republican,Smith,Polkville,326,
Cathy L. Toole,Commissioner of Agriculture & Commerce,,Reform,Smith,Polkville,10,
Mike Chaney,Commissioner of Insurance,,Republican,Smith,Polkville,354,
Tom Blanton,Public Service Commissioner,Southern,Democrat,Smith,Polkville,79,
"Samuel F. ""Sam"" Britton",Public Service Commissioner,Southern,Republican,Smith,Polkville,272,
Lonny Kenneth Spence,Public Service Commissioner,Southern,Reform,Smith,Polkville,9,
Tom King,Transportation Commissioner,Southern,Republican,Smith,Polkville,291,
Chad Toney,Transportation Commissioner,Southern,Democrat,Smith,Polkville,56,
Sheranda Atkinson,Transportation Commissioner,Southern,Reform,Smith,Polkville,12,
Matt Sullivan,District Attorney,13,Democrat,Smith,Polkville,163,
Wilton A. McNair,District Attorney,13,Independent,Smith,Polkville,11,
Daniel C. Jones,District Attorney,13,Republican,Smith,Polkville,194,
Reggie Blackledge,State Senate,41,Democrat,Smith,Polkville,92,
Joey Fillingane,State Senate,41,Republican,Smith,Polkville,279,
"Blaine ""Bo"" Eaton",State House,79,Democrat,Smith,Polkville,106,
Mark K. Tullos,State House,79,Republican,Smith,Polkville,269,
Phil Bryant,Governor,,Republican,Smith,Shady Grove,270,
Robert Gray,Governor,,Democrat,Smith,Shady Grove,2,
Shawn O'Hara,Governor,,Reform,Smith,Shady Grove,6,
Tim Johnson,Lieutenant Governor,,Democrat,Smith,Shady Grove,25,
Tate Reeves,Lieutenant Governor,,Republican,Smith,Shady Grove,250,
Ron Williams,Lieutenant Governor,,Libertarian,Smith,Shady Grove,1,
Rosa B.Williams,Lieutenant Governor,,Reform,Smith,Shady Grove,1,
Charles E. Graham,Secretary of State,,Democrat,Smith,Shady Grove,11,
Delbert Hoseman,Secretary of State,,Republican,Smith,Shady Grove,259,
Randy Walker,Secretary of State,,Reform,Smith,Shady Grove,6,
Jim Hood,Attorney General,,Democrat,Smith,Shady Grove,113,
Mike Hurst,Attorney General,,Republican,Smith,Shady Grove,163,
Stacey E. Pickering,State Auditor,,Republican,Smith,Shady Grove,271,
"Jocelyn ""Joce"" Pepper Pritchett",State Auditor,,Democrat,Smith,Shady Grove,5,
Lajena Walley,State Auditor,,Reform,Smith,Shady Grove,1,
Lynn Fitch,State Treasurer,,Republican,Smith,Shady Grove,266,
Viola V. McFarland,State Treasurer,,Reform,Smith,Shady Grove,7,
Addie Lee Green,Commissioner of Agriculture & Commerce,,Democrat,Smith,Shady Grove,10,
Cindy Hyde-Smith,Commissioner of Agriculture & Commerce,,Republican,Smith,Shady Grove,265,
Cathy L. Toole,Commissioner of Agriculture & Commerce,,Reform,Smith,Shady Grove,2,
Mike Chaney,Commissioner of Insurance,,Republican,Smith,Shady Grove,272,
Tom Blanton,Public Service Commissioner,Southern,Democrat,Smith,Shady Grove,54,
"Samuel F. ""Sam"" Britton",Public Service Commissioner,Southern,Republican,Smith,Shady Grove,214,
Lonny Kenneth Spence,Public Service Commissioner,Southern,Reform,Smith,Shady Grove,6,
Tom King,Transportation Commissioner,Southern,Republican,Smith,Shady Grove,244,
Chad Toney,Transportation Commissioner,Southern,Democrat,Smith,Shady Grove,22,
Sheranda Atkinson,Transportation Commissioner,Southern,Reform,Smith,Shady Grove,5,
Matt Sullivan,District Attorney,13,Democrat,Smith,Shady Grove,191,
Wilton A. McNair,District Attorney,13,Independent,Smith,Shady Grove,6,
Daniel C. Jones,District Attorney,13,Republican,Smith,Shady Grove,81,
Reggie Blackledge,State Senate,41,Democrat,Smith,Shady Grove,95,
Joey Fillingane,State Senate,41,Republican,Smith,Shady Grove,181,
"Blaine ""Bo"" Eaton",State House,79,Democrat,Smith,Shady Grove,93,
Mark K. Tullos,State House,79,Republican,Smith,Shady Grove,184,
Phil Bryant,Governor,,Republican,Smith,Summerland,205,
Robert Gray,Governor,,Democrat,Smith,Summerland,232,
Shawn O'Hara,Governor,,Reform,Smith,Summerland,5,
Tim Johnson,Lieutenant Governor,,Democrat,Smith,Summerland,240,
Tate Reeves,Lieutenant Governor,,Republican,Smith,Summerland,180,
Ron Williams,Lieutenant Governor,,Libertarian,Smith,Summerland,13,
Rosa B.Williams,Lieutenant Governor,,Reform,Smith,Summerland,6,
Charles E. Graham,Secretary of State,,Democrat,Smith,Summerland,239,
Delbert Hoseman,Secretary of State,,Republican,Smith,Summerland,181,
Randy Walker,Secretary of State,,Reform,Smith,Summerland,23,
Jim Hood,Attorney General,,Democrat,Smith,Summerland,319,
Mike Hurst,Attorney General,,Republican,Smith,Summerland,119,
Stacey E. Pickering,State Auditor,,Republican,Smith,Summerland,212,
"Jocelyn ""Joce"" Pepper Pritchett",State Auditor,,Democrat,Smith,Summerland,216,
Lajena Walley,State Auditor,,Reform,Smith,Summerland,9,
Lynn Fitch,State Treasurer,,Republican,Smith,Summerland,259,
Viola V. McFarland,State Treasurer,,Reform,Smith,Summerland,137,
Addie Lee Green,Commissioner of Agriculture & Commerce,,Democrat,Smith,Summerland,237,
Cindy Hyde-Smith,Commissioner of Agriculture & Commerce,,Republican,Smith,Summerland,198,
Cathy L. Toole,Commissioner of Agriculture & Commerce,,Reform,Smith,Summerland,7,
Mike Chaney,Commissioner of Insurance,,Republican,Smith,Summerland,346,
Tom Blanton,Public Service Commissioner,Southern,Democrat,Smith,Summerland,280,
"Samuel F. ""Sam"" Britton",Public Service Commissioner,Southern,Republican,Smith,Summerland,151,
Lonny Kenneth Spence,Public Service Commissioner,Southern,Reform,Smith,Summerland,6,
Tom King,Transportation Commissioner,Southern,Republican,Smith,Summerland,185,
Chad Toney,Transportation Commissioner,Southern,Democrat,Smith,Summerland,240,
Sheranda Atkinson,Transportation Commissioner,Southern,Reform,Smith,Summerland,12,
Matt Sullivan,District Attorney,13,Democrat,Smith,Summerland,232,
Wilton A. McNair,District Attorney,13,Independent,Smith,Summerland,62,
Daniel C. Jones,District Attorney,13,Republican,Smith,Summerland,56,
Reggie Blackledge,State Senate,41,Democrat,Smith,Summerland,290,
Joey Fillingane,State Senate,41,Republican,Smith,Summerland,146,
"Blaine ""Bo"" Eaton",State House,79,Democrat,Smith,Summerland,368,
Mark K. Tullos,State House,79,Republican,Smith,Summerland,77,
Phil Bryant,Governor,,Republican,Smith,Sylvarena,143,
Robert Gray,Governor,,Democrat,Smith,Sylvarena,4,
Shawn O'Hara,Governor,,Reform,Smith,Sylvarena,4,
Tim Johnson,Lieutenant Governor,,Democrat,Smith,Sylvarena,22,
Tate Reeves,Lieutenant Governor,,Republican,Smith,Sylvarena,127,
Ron Williams,Lieutenant Governor,,Libertarian,Smith,Sylvarena,0,
Rosa B.Williams,Lieutenant Governor,,Reform,Smith,Sylvarena,2,
Charles E. Graham,Secretary of State,,Democrat,Smith,Sylvarena,13,
Delbert Hoseman,Secretary of State,,Republican,Smith,Sylvarena,134,
Randy Walker,Secretary of State,,Reform,Smith,Sylvarena,5,
Jim Hood,Attorney General,,Democrat,Smith,Sylvarena,71,
Mike Hurst,Attorney General,,Republican,Smith,Sylvarena,82,
Stacey E. Pickering,State Auditor,,Republican,Smith,Sylvarena,139,
"Jocelyn ""Joce"" Pepper Pritchett",State Auditor,,Democrat,Smith,Sylvarena,9,
Lajena Walley,State Auditor,,Reform,Smith,Sylvarena,3,
Lynn Fitch,State Treasurer,,Republican,Smith,Sylvarena,142,
Viola V. McFarland,State Treasurer,,Reform,Smith,Sylvarena,8,
Addie Lee Green,Commissioner of Agriculture & Commerce,,Democrat,Smith,Sylvarena,11,
Cindy Hyde-Smith,Commissioner of Agriculture & Commerce,,Republican,Smith,Sylvarena,138,
Cathy L. Toole,Commissioner of Agriculture & Commerce,,Reform,Smith,Sylvarena,1,
Mike Chaney,Commissioner of Insurance,,Republican,Smith,Sylvarena,149,
Tom Blanton,Public Service Commissioner,Southern,Democrat,Smith,Sylvarena,46,
"Samuel F. ""Sam"" Britton",Public Service Commissioner,Southern,Republican,Smith,Sylvarena,104,
Lonny Kenneth Spence,Public Service Commissioner,Southern,Reform,Smith,Sylvarena,0,
Tom King,Transportation Commissioner,Southern,Republican,Smith,Sylvarena,127,
Chad Toney,Transportation Commissioner,Southern,Democrat,Smith,Sylvarena,21,
Sheranda Atkinson,Transportation Commissioner,Southern,Reform,Smith,Sylvarena,2,
Matt Sullivan,District Attorney,13,Democrat,Smith,Sylvarena,95,
Wilton A. McNair,District Attorney,13,Independent,Smith,Sylvarena,1,
Daniel C. Jones,District Attorney,13,Republican,Smith,Sylvarena,56,
Reggie Blackledge,State Senate,41,Democrat,Smith,Sylvarena,32,
Joey Fillingane,State Senate,41,Republican,Smith,Sylvarena,117,
"Blaine ""Bo"" Eaton",State House,79,Democrat,Smith,Sylvarena,44,
Mark K. Tullos,State House,79,Republican,Smith,Sylvarena,108,
Phil Bryant,Governor,,Republican,Smith,Taylorsville,607,
Robert Gray,Governor,,Democrat,Smith,Taylorsville,43,
Shawn O'Hara,Governor,,Reform,Smith,Taylorsville,5,
Tim Johnson,Lieutenant Governor,,Democrat,Smith,Taylorsville,66,
Tate Reeves,Lieutenant Governor,,Republican,Smith,Taylorsville,569,
Ron Williams,Lieutenant Governor,,Libertarian,Smith,Taylorsville,9,
Rosa B.Williams,Lieutenant Governor,,Reform,Smith,Taylorsville,6,
Charles E. Graham,Secretary of State,,Democrat,Smith,Taylorsville,54,
Delbert Hoseman,Secretary of State,,Republican,Smith,Taylorsville,580,
Randy Walker,Secretary of State,,Reform,Smith,Taylorsville,19,
Jim Hood,Attorney General,,Democrat,Smith,Taylorsville,285,
Mike Hurst,Attorney General,,Republican,Smith,Taylorsville,371,
Stacey E. Pickering,State Auditor,,Republican,Smith,Taylorsville,594,
"Jocelyn ""Joce"" Pepper Pritchett",State Auditor,,Democrat,Smith,Taylorsville,51,
Lajena Walley,State Auditor,,Reform,Smith,Taylorsville,11,
Lynn Fitch,State Treasurer,,Republican,Smith,Taylorsville,611,
Viola V. McFarland,State Treasurer,,Reform,Smith,Taylorsville,35,
Addie Lee Green,Commissioner of Agriculture & Commerce,,Democrat,Smith,Taylorsville,48,
Cindy Hyde-Smith,Commissioner of Agriculture & Commerce,,Republican,Smith,Taylorsville,595,
Cathy L. Toole,Commissioner of Agriculture & Commerce,,Reform,Smith,Taylorsville,6,
Mike Chaney,Commissioner of Insurance,,Republican,Smith,Taylorsville,636,
Tom Blanton,Public Service Commissioner,Southern,Democrat,Smith,Taylorsville,163,
"Samuel F. ""Sam"" Britton",Public Service Commissioner,Southern,Republican,Smith,Taylorsville,470,
Lonny Kenneth Spence,Public Service Commissioner,Southern,Reform,Smith,Taylorsville,12,
Tom King,Transportation Commissioner,Southern,Republican,Smith,Taylorsville,571,
Chad Toney,Transportation Commissioner,Southern,Democrat,Smith,Taylorsville,65,
Sheranda Atkinson,Transportation Commissioner,Southern,Reform,Smith,Taylorsville,12,
Matt Sullivan,District Attorney,13,Democrat,Smith,Taylorsville,462,
Wilton A. McNair,District Attorney,13,Independent,Smith,Taylorsville,5,
Daniel C. Jones,District Attorney,13,Republican,Smith,Taylorsville,189,
Reggie Blackledge,State Senate,41,Democrat,Smith,Taylorsville,145,
Joey Fillingane,State Senate,41,Republican,Smith,Taylorsville,507,
"Blaine ""Bo"" Eaton",State House,79,Democrat,Smith,Taylorsville,426,
Mark K. Tullos,State House,79,Republican,Smith,Taylorsville,232,
Phil Bryant,Governor,,Republican,Smith,Union-New Home,246,
Robert Gray,Governor,,Democrat,Smith,Union-New Home,81,
Shawn O'Hara,Governor,,Reform,Smith,Union-New Home,3,
Tim Johnson,Lieutenant Governor,,Democrat,Smith,Union-New Home,92,
Tate Reeves,Lieutenant Governor,,Republican,Smith,Union-New Home,217,
Ron Williams,Lieutenant Governor,,Libertarian,Smith,Union-New Home,10,
Rosa B.Williams,Lieutenant Governor,,Reform,Smith,Union-New Home,4,
Charles E. Graham,Secretary of State,,Democrat,Smith,Union-New Home,98,
Delbert Hoseman,Secretary of State,,Republican,Smith,Union-New Home,212,
Randy Walker,Secretary of State,,Reform,Smith,Union-New Home,17,
Jim Hood,Attorney General,,Democrat,Smith,Union-New Home,164,
Mike Hurst,Attorney General,,Republican,Smith,Union-New Home,162,
Stacey E. Pickering,State Auditor,,Republican,Smith,Union-New Home,238,
"Jocelyn ""Joce"" Pepper Pritchett",State Auditor,,Democrat,Smith,Union-New Home,83,
Lajena Walley,State Auditor,,Reform,Smith,Union-New Home,5,
Lynn Fitch,State Treasurer,,Republican,Smith,Union-New Home,248,
Viola V. McFarland,State Treasurer,,Reform,Smith,Union-New Home,56,
Addie Lee Green,Commissioner of Agriculture & Commerce,,Democrat,Smith,Union-New Home,88,
Cindy Hyde-Smith,Commissioner of Agriculture & Commerce,,Republican,Smith,Union-New Home,234,
Cathy L. Toole,Commissioner of Agriculture & Commerce,,Reform,Smith,Union-New Home,4,
Mike Chaney,Commissioner of Insurance,,Republican,Smith,Union-New Home,290,
Tom Blanton,Public Service Commissioner,Southern,Democrat,Smith,Union-New Home,120,
"Samuel F. ""Sam"" Britton",Public Service Commissioner,Southern,Republican,Smith,Union-New Home,201,
Lonny Kenneth Spence,Public Service Commissioner,Southern,Reform,Smith,Union-New Home,3,
Tom King,Transportation Commissioner,Southern,Republican,Smith,Union-New Home,232,
Chad Toney,Transportation Commissioner,Southern,Democrat,Smith,Union-New Home,87,
Sheranda Atkinson,Transportation Commissioner,Southern,Reform,Smith,Union-New Home,3,
Matt Sullivan,District Attorney,13,Democrat,Smith,Union-New Home,240,
Wilton A. McNair,District Attorney,13,Independent,Smith,Union-New Home,13,
Daniel C. Jones,District Attorney,13,Republican,Smith,Union-New Home,77,
Reggie Blackledge,State Senate,41,Democrat,Smith,Union-New Home,124,
Joey Fillingane,State Senate,41,Republican,Smith,Union-New Home,201,
"Blaine ""Bo"" Eaton",State House,79,Democrat,Smith,Union-New Home,180,
Mark K. Tullos,State House,79,Republican,Smith,Union-New Home,152,
Phil Bryant,Governor,,Republican,Smith,Warren Hill,45,
Robert Gray,Governor,,Democrat,Smith,Warren Hill,194,
Shawn O'Hara,Governor,,Reform,Smith,Warren Hill,1,
Tim Johnson,Lieutenant Governor,,Democrat,Smith,Warren Hill,196,
Tate Reeves,Lieutenant Governor,,Republican,Smith,Warren Hill,40,
Ron Williams,Lieutenant Governor,,Libertarian,Smith,Warren Hill,2,
Rosa B.Williams,Lieutenant Governor,,Reform,Smith,Warren Hill,5,
Charles E. Graham,Secretary of State,,Democrat,Smith,Warren Hill,200,
Delbert Hoseman,Secretary of State,,Republican,Smith,Warren Hill,37,
Randy Walker,Secretary of State,,Reform,Smith,Warren Hill,4,
Jim Hood,Attorney General,,Democrat,Smith,Warren Hill,221,
Mike Hurst,Attorney General,,Republican,Smith,Warren Hill,22,
Stacey E. Pickering,State Auditor,,Republican,Smith,Warren Hill,44,
"Jocelyn ""Joce"" Pepper Pritchett",State Auditor,,Democrat,Smith,Warren Hill,197,
Lajena Walley,State Auditor,,Reform,Smith,Warren Hill,2,
Lynn Fitch,State Treasurer,,Republican,Smith,Warren Hill,83,
Viola V. McFarland,State Treasurer,,Reform,Smith,Warren Hill,119,
Addie Lee Green,Commissioner of Agriculture & Commerce,,Democrat,Smith,Warren Hill,205,
Cindy Hyde-Smith,Commissioner of Agriculture & Commerce,,Republican,Smith,Warren Hill,37,
Cathy L. Toole,Commissioner of Agriculture & Commerce,,Reform,Smith,Warren Hill,1,
Mike Chaney,Commissioner of Insurance,,Republican,Smith,Warren Hill,172,
Tom Blanton,Public Service Commissioner,Southern,Democrat,Smith,Warren Hill,216,
"Samuel F. ""Sam"" Britton",Public Service Commissioner,Southern,Republican,Smith,Warren Hill,27,
Lonny Kenneth Spence,Public Service Commissioner,Southern,Reform,Smith,Warren Hill,0,
Tom King,Transportation Commissioner,Southern,Republican,Smith,Warren Hill,30,
Chad Toney,Transportation Commissioner,Southern,Democrat,Smith,Warren Hill,208,
Sheranda Atkinson,Transportation Commissioner,Southern,Reform,Smith,Warren Hill,4,
Matt Sullivan,District Attorney,13,Democrat,Smith,Warren Hill,189,
Wilton A. McNair,District Attorney,13,Independent,Smith,Warren Hill,35,
Daniel C. Jones,District Attorney,13,Republican,Smith,Warren Hill,17,
Reggie Blackledge,State Senate,41,Democrat,Smith,Warren Hill,212,
Joey Fillingane,State Senate,41,Republican,Smith,Warren Hill,30,
"Blaine ""Bo"" Eaton",State House,79,Democrat,Smith,Warren Hill,207,
Mark K. Tullos,State House,79,Republican,Smith,Warren Hill,35,
Phil Bryant,Governor,,Republican,Smith,West Raleigh,250,
Robert Gray,Governor,,Democrat,Smith,West Raleigh,20,
Shawn O'Hara,Governor,,Reform,Smith,West Raleigh,6,
Tim Johnson,Lieutenant Governor,,Democrat,Smith,West Raleigh,45,
Tate Reeves,Lieutenant Governor,,Republican,Smith,West Raleigh,217,
Ron Williams,Lieutenant Governor,,Libertarian,Smith,West Raleigh,4,
Rosa B.Williams,Lieutenant Governor,,Reform,Smith,West Raleigh,1,
Charles E. Graham,Secretary of State,,Democrat,Smith,West Raleigh,37,
Delbert Hoseman,Secretary of State,,Republican,Smith,West Raleigh,214,
Randy Walker,Secretary of State,,Reform,Smith,West Raleigh,13,
Jim Hood,Attorney General,,Democrat,Smith,West Raleigh,145,
Mike Hurst,Attorney General,,Republican,Smith,West Raleigh,130,
Stacey E. Pickering,State Auditor,,Republican,Smith,West Raleigh,251,
"Jocelyn ""Joce"" Pepper Pritchett",State Auditor,,Democrat,Smith,West Raleigh,13,
Lajena Walley,State Auditor,,Reform,Smith,West Raleigh,4,
Lynn Fitch,State Treasurer,,Republican,Smith,West Raleigh,253,
Viola V. McFarland,State Treasurer,,Reform,Smith,West Raleigh,11,
Addie Lee Green,Commissioner of Agriculture & Commerce,,Democrat,Smith,West Raleigh,28,
Cindy Hyde-Smith,Commissioner of Agriculture & Commerce,,Republican,Smith,West Raleigh,238,
Cathy L. Toole,Commissioner of Agriculture & Commerce,,Reform,Smith,West Raleigh,4,
Mike Chaney,Commissioner of Insurance,,Republican,Smith,West Raleigh,257,
Tom Blanton,Public Service Commissioner,Southern,Democrat,Smith,West Raleigh,82,
"Samuel F. ""Sam"" Britton",Public Service Commissioner,Southern,Republican,Smith,West Raleigh,170,
Lonny Kenneth Spence,Public Service Commissioner,Southern,Reform,Smith,West Raleigh,9,
Tom King,Transportation Commissioner,Southern,Republican,Smith,West Raleigh,200,
Chad Toney,Transportation Commissioner,Southern,Democrat,Smith,West Raleigh,51,
Sheranda Atkinson,Transportation Commissioner,Southern,Reform,Smith,West Raleigh,8,
Matt Sullivan,District Attorney,13,Democrat,Smith,West Raleigh,178,
Wilton A. McNair,District Attorney,13,Independent,Smith,West Raleigh,3,
Daniel C. Jones,District Attorney,13,Republican,Smith,West Raleigh,92,
Reggie Blackledge,State Senate,41,Democrat,Smith,West Raleigh,85,
Joey Fillingane,State Senate,41,Republican,Smith,West Raleigh,181,
"Blaine ""Bo"" Eaton",State House,79,Democrat,Smith,West Raleigh,66,
Mark K. Tullos,State House,79,Republican,Smith,West Raleigh,214,
Phil Bryant,Governor,,Republican,Smith,White Oak,255,
Robert Gray,Governor,,Democrat,Smith,White Oak,5,
Shawn O'Hara,Governor,,Reform,Smith,White Oak,5,
Tim Johnson,Lieutenant Governor,,Democrat,Smith,White Oak,20,
Tate Reeves,Lieutenant Governor,,Republican,Smith,White Oak,236,
Ron Williams,Lieutenant Governor,,Libertarian,Smith,White Oak,7,
Rosa B.Williams,Lieutenant Governor,,Reform,Smith,White Oak,1,
Charles E. Graham,Secretary of State,,Democrat,Smith,White Oak,17,
Delbert Hoseman,Secretary of State,,Republican,Smith,White Oak,240,
Randy Walker,Secretary of State,,Reform,Smith,White Oak,8,
Jim Hood,Attorney General,,Democrat,Smith,White Oak,121,
Mike Hurst,Attorney General,,Republican,Smith,White Oak,146,
Stacey E. Pickering,State Auditor,,Republican,Smith,White Oak,254,
"Jocelyn ""Joce"" Pepper Pritchett",State Auditor,,Democrat,Smith,White Oak,8,
Lajena Walley,State Auditor,,Reform,Smith,White Oak,1,
Lynn Fitch,State Treasurer,,Republican,Smith,White Oak,251,
Viola V. McFarland,State Treasurer,,Reform,Smith,White Oak,11,
Addie Lee Green,Commissioner of Agriculture & Commerce,,Democrat,Smith,White Oak,10,
Cindy Hyde-Smith,Commissioner of Agriculture & Commerce,,Republican,Smith,White Oak,248,
Cathy L. Toole,Commissioner of Agriculture & Commerce,,Reform,Smith,White Oak,5,
Mike Chaney,Commissioner of Insurance,,Republican,Smith,White Oak,259,
Tom Blanton,Public Service Commissioner,Southern,Democrat,Smith,White Oak,63,
"Samuel F. ""Sam"" Britton",Public Service Commissioner,Southern,Republican,Smith,White Oak,188,
Lonny Kenneth Spence,Public Service Commissioner,Southern,Reform,Smith,White Oak,7,
Tom King,Transportation Commissioner,Southern,Republican,Smith,White Oak,225,
Chad Toney,Transportation Commissioner,Southern,Democrat,Smith,White Oak,27,
Sheranda Atkinson,Transportation Commissioner,Southern,Reform,Smith,White Oak,5,
Matt Sullivan,District Attorney,13,Democrat,Smith,White Oak,156,
Wilton A. McNair,District Attorney,13,Independent,Smith,White Oak,10,
Daniel C. Jones,District Attorney,13,Republican,Smith,White Oak,99,
Reggie Blackledge,State Senate,41,Democrat,Smith,White Oak,65,
Joey Fillingane,State Senate,41,Republican,Smith,White Oak,192,
"Blaine ""Bo"" Eaton",State House,79,Democrat,Smith,White Oak,69,
Mark K. Tullos,State House,79,Republican,Smith,White Oak,198,
Phil Bryant,Governor,,Republican,Smith,Zion Hill-New Haven,399,
Robert Gray,Governor,,Democrat,Smith,Zion Hill-New Haven,80,
Shawn O'Hara,Governor,,Reform,Smith,Zion Hill-New Haven,13,
Tim Johnson,Lieutenant Governor,,Democrat,Smith,Zion Hill-New Haven,98,
Tate Reeves,Lieutenant Governor,,Republican,Smith,Zion Hill-New Haven,364,
Ron Williams,Lieutenant Governor,,Libertarian,Smith,Zion Hill-New Haven,16,
Rosa B.Williams,Lieutenant Governor,,Reform,Smith,Zion Hill-New Haven,3,
Charles E. Graham,Secretary of State,,Democrat,Smith,Zion Hill-New Haven,93,
Delbert Hoseman,Secretary of State,,Republican,Smith,Zion Hill-New Haven,381,
Randy Walker,Secretary of State,,Reform,Smith,Zion Hill-New Haven,10,
Jim Hood,Attorney General,,Democrat,Smith,Zion Hill-New Haven,220,
Mike Hurst,Attorney General,,Republican,Smith,Zion Hill-New Haven,261,
Stacey E. Pickering,State Auditor,,Republican,Smith,Zion Hill-New Haven,399,
"Jocelyn ""Joce"" Pepper Pritchett",State Auditor,,Democrat,Smith,Zion Hill-New Haven,84,
Lajena Walley,State Auditor,,Reform,Smith,Zion Hill-New Haven,6,
Lynn Fitch,State Treasurer,,Republican,Smith,Zion Hill-New Haven,416,
Viola V. McFarland,State Treasurer,,Reform,Smith,Zion Hill-New Haven,59,
Addie Lee Green,Commissioner of Agriculture & Commerce,,Democrat,Smith,Zion Hill-New Haven,92,
Cindy Hyde-Smith,Commissioner of Agriculture & Commerce,,Republican,Smith,Zion Hill-New Haven,377,
Cathy L. Toole,Commissioner of Agriculture & Commerce,,Reform,Smith,Zion Hill-New Haven,13,
Mike Chaney,Commissioner of Insurance,,Republican,Smith,Zion Hill-New Haven,446,
Tom Blanton,Public Service Commissioner,Southern,Democrat,Smith,Zion Hill-New Haven,156,
"Samuel F. ""Sam"" Britton",Public Service Commissioner,Southern,Republican,Smith,Zion Hill-New Haven,309,
Lonny Kenneth Spence,Public Service Commissioner,Southern,Reform,Smith,Zion Hill-New Haven,10,
Tom King,Transportation Commissioner,Southern,Republican,Smith,Zion Hill-New Haven,358,
Chad Toney,Transportation Commissioner,Southern,Democrat,Smith,Zion Hill-New Haven,114,
Sheranda Atkinson,Transportation Commissioner,Southern,Reform,Smith,Zion Hill-New Haven,8,
Matt Sullivan,District Attorney,13,Democrat,Smith,Zion Hill-New Haven,390,
Wilton A. McNair,District Attorney,13,Independent,Smith,Zion Hill-New Haven,17,
Daniel C. Jones,District Attorney,13,Republican,Smith,Zion Hill-New Haven,87,
Reggie Blackledge,State Senate,41,Democrat,Smith,Zion Hill-New Haven,161,
Joey Fillingane,State Senate,41,Republican,Smith,Zion Hill-New Haven,322,
"Blaine ""Bo"" Eaton",State House,79,Democrat,Smith,Zion Hill-New Haven,234,
Mark K. Tullos,State House,79,Republican,Smith,Zion Hill-New Haven,258,
Phil Bryant,Governor,,Republican,Smith,,4680,1
Robert Gray,Governor,,Democrat,Smith,,1003,
Shawn O'Hara,Governor,,Reform,Smith,,78,
Tim Johnson,Lieutenant Governor,,Democrat,Smith,,1197,
Tate Reeves,Lieutenant Governor,,Republican,Smith,,4347,1
Ron Williams,Lieutenant Governor,,Libertarian,Smith,,115,
Rosa B.Williams,Lieutenant Governor,,Reform,Smith,,46,
Charles E. Graham,Secretary of State,,Democrat,Smith,,1140,
Delbert Hoseman,Secretary of State,,Republican,Smith,,4396,1
Randy Walker,Secretary of State,,Reform,Smith,,181,
Jim Hood,Attorney General,,Democrat,Smith,,2855,
Mike Hurst,Attorney General,,Republican,Smith,,2872,
Stacey E. Pickering,State Auditor,,Republican,Smith,,4663,1
"Jocelyn ""Joce"" Pepper Pritchett",State Auditor,,Democrat,Smith,,976,1
Lajena Walley,State Auditor,,Reform,Smith,,72,
Lynn Fitch,State Treasurer,,Republican,Smith,,4860,1
Viola V. McFarland,State Treasurer,,Reform,Smith,,661,
Addie Lee Green,Commissioner of Agriculture & Commerce,,Democrat,Smith,,1084,
Cindy Hyde-Smith,Commissioner of Agriculture & Commerce,,Republican,Smith,,4536,1
Cathy L. Toole,Commissioner of Agriculture & Commerce,,Reform,Smith,,87,
Mike Chaney,Commissioner of Insurance,,Republican,Smith,,5295,1
Tom Blanton,Public Service Commissioner,Southern,Democrat,Smith,,1877,
"Samuel F. ""Sam"" Britton",Public Service Commissioner,Southern,Republican,Smith,,3646,1
Lonny Kenneth Spence,Public Service Commissioner,Southern,Reform,Smith,,102,
Tom King,Transportation Commissioner,Southern,Republican,Smith,,4192,1
Chad Toney,Transportation Commissioner,Southern,Democrat,Smith,,1319,
Sheranda Atkinson,Transportation Commissioner,Southern,Reform,Smith,,107,
Matt Sullivan,District Attorney,13,Democrat,Smith,,3930,1
Wilton A. McNair,District Attorney,13,Independent,Smith,,234,
Daniel C. Jones,District Attorney,13,Republican,Smith,,1585,
Reggie Blackledge,State Senate,41,Democrat,Smith,,1969,
Joey Fillingane,State Senate,41,Republican,Smith,,3700,1
"Blaine ""Bo"" Eaton",State House,79,Democrat,Smith,,2608,
Mark K. Tullos,State House,79,Republican,Smith,,3174,1
